-- phpMyAdmin SQL Dump
-- version 4.0.10.20
-- https://www.phpmyadmin.net
--
-- Host: localhost
-- Generation Time: Apr 14, 2021 at 03:49 AM
-- Server version: 10.5.8-MariaDB
-- PHP Version: 5.4.16

SET SQL_MODE = "NO_AUTO_VALUE_ON_ZERO";
SET time_zone = "+00:00";


/*!40101 SET @OLD_CHARACTER_SET_CLIENT=@@CHARACTER_SET_CLIENT */;
/*!40101 SET @OLD_CHARACTER_SET_RESULTS=@@CHARACTER_SET_RESULTS */;
/*!40101 SET @OLD_COLLATION_CONNECTION=@@COLLATION_CONNECTION */;
/*!40101 SET NAMES utf8 */;

--
-- Database: `db3`
--

-- --------------------------------------------------------

--
-- Table structure for table `CanSharePatientInfoWithDoctor`
--

CREATE TABLE IF NOT EXISTS `CanSharePatientInfoWithDoctor` (
  `DrID` bigint(20) unsigned NOT NULL,
  `PatientID` bigint(20) unsigned NOT NULL,
  `RecipientDrID` bigint(20) unsigned NOT NULL,
  `Name` tinyint(1) DEFAULT NULL,
  `DOB` tinyint(1) DEFAULT NULL,
  `ContactInfo` tinyint(1) DEFAULT NULL,
  `Notes` tinyint(1) DEFAULT NULL,
  `Perscriptions` tinyint(1) DEFAULT NULL,
  PRIMARY KEY (`DrID`,`PatientID`,`RecipientDrID`),
  KEY `PatientID` (`PatientID`),
  KEY `RecipientDrID` (`RecipientDrID`)
) ENGINE=InnoDB DEFAULT CHARSET=latin1;

--
-- Dumping data for table `CanSharePatientInfoWithDoctor`
--

INSERT INTO `CanSharePatientInfoWithDoctor` (`DrID`, `PatientID`, `RecipientDrID`, `Name`, `DOB`, `ContactInfo`, `Notes`, `Perscriptions`) VALUES
(200030102035, 100363357029, 200896515301, 1, 1, 0, 1, 0),
(200030102035, 109736647384, 205547776051, 0, 0, 0, 1, 0),
(200048175728, 102672803798, 206099088126, 1, 1, 1, 1, 0),
(200048175728, 109540315560, 204005231915, 1, 0, 1, 0, 1),
(200062391053, 100743966614, 204649762590, 1, 1, 0, 0, 1),
(200062391053, 107468446020, 203126374102, 0, 1, 1, 0, 0),
(200121569221, 109540315560, 205279807022, 0, 1, 0, 1, 1),
(200194822294, 101274248375, 204133291017, 0, 0, 1, 1, 0),
(200194822294, 103855103969, 209923303153, 1, 1, 0, 0, 0),
(200194822294, 104827115543, 204754306636, 1, 0, 1, 0, 1),
(200236267692, 107350930573, 203312855213, 1, 0, 1, 1, 0),
(200461594303, 102672803798, 203864907313, 0, 0, 0, 1, 0),
(200493879901, 103952304334, 200795791039, 0, 0, 0, 0, 1),
(200493879901, 104648206198, 206250014570, 1, 0, 0, 0, 0),
(200493879901, 109220911907, 200461594303, 0, 0, 1, 0, 1),
(200598814813, 100769989517, 209754168643, 1, 0, 1, 0, 0),
(200598814813, 109008495921, 202304345600, 0, 0, 0, 1, 0),
(200618066225, 109840501282, 207052421813, 0, 1, 0, 1, 0),
(200662873579, 105572822093, 209625238758, 0, 1, 0, 1, 1),
(200672007709, 109394477169, 205034635030, 1, 0, 1, 1, 0),
(200690551334, 104963543583, 209754168643, 0, 0, 0, 1, 1),
(200690551334, 106593766146, 200493879901, 1, 0, 0, 0, 1),
(200795661324, 102705295939, 204088833419, 1, 0, 0, 1, 0),
(200795791039, 100411774673, 205553488816, 0, 1, 0, 0, 1),
(200795791039, 107293810428, 207077151857, 1, 0, 0, 1, 1),
(200799491337, 100352322666, 200048175728, 1, 0, 1, 0, 0),
(200799491337, 103855103969, 201436911543, 0, 0, 1, 0, 0),
(200896515301, 102847978934, 202871807065, 0, 0, 1, 1, 0),
(200896515301, 107459768171, 203608397513, 0, 1, 0, 1, 0),
(200921968345, 105779677512, 202905468093, 0, 1, 1, 1, 0),
(200984813246, 102489082230, 201797976318, 1, 1, 1, 1, 1),
(200984813246, 108289481209, 208572413363, 0, 1, 1, 1, 1),
(201051281396, 104707755227, 209842809227, 1, 1, 1, 0, 0),
(201051281396, 109372419234, 201582466962, 1, 1, 0, 1, 0),
(201089608695, 109869556695, 200437975418, 0, 0, 1, 1, 1),
(201091184076, 105572822093, 201811657507, 1, 0, 1, 0, 1),
(201091184076, 108120341606, 205034635030, 1, 0, 0, 0, 0),
(201310808193, 104492784164, 200414587526, 0, 1, 0, 0, 1),
(201310808193, 108301158048, 203515553198, 0, 0, 0, 0, 1),
(201353627351, 100743966614, 201491477705, 1, 1, 0, 1, 1),
(201353627351, 101005874461, 205842129156, 1, 0, 1, 0, 0),
(201386769168, 100519028090, 205432004552, 0, 0, 1, 0, 0),
(201436911543, 108713996003, 202871807065, 1, 1, 0, 1, 1),
(201437931616, 105805171677, 206138660474, 0, 1, 1, 0, 0),
(201437931616, 107930071890, 208569022387, 0, 0, 1, 1, 1),
(201439726142, 102026757435, 203423517947, 0, 1, 0, 0, 0),
(201439726142, 102672803798, 200437975418, 1, 1, 1, 0, 1),
(201439726142, 106894501832, 205034635030, 1, 1, 0, 1, 0),
(201439726142, 108353550485, 209754168643, 0, 1, 0, 1, 1),
(201491477705, 105562597182, 207070919805, 1, 0, 1, 1, 1),
(201560465212, 100519028090, 206446770932, 1, 0, 0, 0, 0),
(201571915238, 102127449585, 200795791039, 1, 0, 1, 1, 0),
(201582466962, 108301158048, 200236267692, 0, 1, 0, 0, 0),
(201584185657, 106144124859, 209875951480, 0, 0, 1, 1, 1),
(201620552115, 106159178622, 201925843224, 0, 0, 1, 0, 1),
(201737569467, 107303246643, 202595571199, 0, 1, 1, 1, 1),
(201811657507, 105779677512, 202190805057, 0, 0, 0, 1, 0),
(201839679284, 107178550727, 200194822294, 1, 1, 0, 1, 0),
(201924417195, 102479513193, 208324735465, 0, 1, 1, 0, 0),
(201925843224, 100743966614, 205578415085, 1, 1, 0, 1, 0),
(201959775137, 106481206591, 205812979083, 0, 0, 1, 0, 1),
(201971797091, 102705295939, 207351527834, 1, 1, 1, 1, 1),
(201971797091, 103827196170, 209842809227, 1, 0, 0, 1, 1),
(201979072762, 105413164653, 203933145490, 0, 0, 1, 0, 0),
(201979072762, 108751676216, 209300614524, 1, 0, 1, 1, 0),
(202137338317, 101900551237, 200672082535, 1, 1, 1, 1, 1),
(202190805057, 100352322666, 208943548002, 0, 1, 0, 1, 1),
(202190805057, 106159178622, 203922965091, 0, 0, 0, 1, 0),
(202251014156, 100403178474, 200984813246, 1, 0, 0, 0, 1),
(202251014156, 102301957814, 204807016580, 1, 1, 0, 0, 0),
(202304345600, 109394477169, 209725494486, 0, 1, 0, 1, 0),
(202320497482, 106156492047, 208256577133, 1, 0, 1, 1, 0),
(202362133015, 100519028090, 203608397513, 0, 1, 0, 1, 0),
(202362133015, 108126203518, 209923303153, 0, 1, 1, 0, 0),
(202362133015, 109938779470, 205812979083, 0, 1, 0, 1, 1),
(202429281491, 103707107539, 209300614524, 1, 1, 0, 1, 0),
(202510192131, 105618578623, 204124635196, 0, 0, 0, 1, 0),
(202513359943, 100610580250, 201290102285, 0, 1, 1, 0, 1),
(202535834117, 103184938921, 207077151857, 0, 0, 0, 0, 0),
(202595571199, 106631688033, 205580429572, 0, 1, 0, 1, 1),
(202595571199, 109694007627, 208754962855, 1, 0, 1, 0, 0),
(202905468093, 106663925979, 200871150286, 1, 1, 1, 1, 1),
(202907868568, 103206584471, 204653481887, 0, 1, 0, 0, 0),
(202907868568, 107071669062, 202429281491, 0, 0, 1, 1, 1),
(202907868568, 108555261390, 204623575580, 0, 0, 1, 1, 0),
(202914954845, 106156492047, 200437975418, 0, 1, 0, 1, 0),
(202914954845, 107303246643, 207270838547, 1, 0, 1, 0, 1),
(203055368711, 100769989517, 206953623280, 1, 0, 1, 0, 1),
(203055368711, 101117040278, 208719944609, 0, 1, 1, 1, 0),
(203078348877, 107155957210, 202429281491, 0, 0, 1, 0, 1),
(203078348877, 108666824040, 208211772065, 0, 1, 0, 1, 1),
(203126374102, 102847978934, 205038779971, 0, 1, 0, 1, 0),
(203165384662, 102504659292, 209942931766, 0, 0, 1, 1, 0),
(203215473976, 102281731106, 205038779971, 0, 0, 1, 0, 1),
(203215473976, 102688870608, 209680756548, 1, 0, 1, 1, 0),
(203304925895, 104756354622, 205580429572, 0, 0, 0, 1, 0),
(203312855213, 104924439984, 203039869698, 1, 0, 0, 0, 1),
(203312855213, 106612764542, 203597621743, 0, 1, 0, 0, 0),
(203371938031, 100101938815, 201582466962, 1, 0, 1, 0, 1),
(203371938031, 103616832694, 208180725814, 1, 0, 1, 1, 1),
(203423517947, 100363357029, 200030102035, 0, 0, 0, 0, 0),
(203423517947, 108471021719, 207797971494, 1, 1, 0, 1, 0),
(203439075800, 104959565780, 202429281491, 0, 0, 1, 0, 0),
(203515553198, 106159178622, 201971797091, 0, 0, 1, 1, 0),
(203578554553, 106612764542, 205799473071, 1, 0, 0, 0, 1),
(203590751100, 101669740055, 204653481887, 0, 0, 0, 0, 1),
(203590751100, 107567355602, 205034635030, 1, 1, 1, 0, 1),
(203621808435, 105287814663, 200662873579, 1, 0, 0, 1, 0),
(203632022918, 100374733036, 200799491337, 1, 1, 1, 1, 0),
(203632022918, 107558298576, 207022436010, 0, 0, 1, 0, 0),
(203754846609, 101021963389, 201571915238, 1, 0, 0, 1, 1),
(203808972958, 109134086528, 204072697226, 1, 1, 1, 1, 0),
(203808972958, 109876828272, 200113738460, 1, 0, 0, 1, 0),
(203830767112, 105779677512, 201386769168, 1, 0, 0, 1, 0),
(203830767112, 106156492047, 202595571199, 1, 1, 1, 0, 1),
(203840283174, 106770347939, 209680756548, 0, 0, 1, 1, 1),
(203840283174, 109869556695, 203423517947, 0, 0, 1, 0, 1),
(203909210846, 101117040278, 208324735465, 1, 0, 0, 1, 0),
(203922965091, 103665564845, 209517531627, 0, 0, 0, 1, 1),
(203922965091, 104761507565, 205218848558, 1, 1, 0, 1, 0),
(203922965091, 106650026430, 207409231214, 0, 0, 1, 1, 1),
(203933145490, 102504659292, 201584185657, 1, 1, 0, 0, 1),
(203991354173, 100743966614, 201437931616, 0, 0, 1, 0, 0),
(203991354173, 109548499113, 204120435548, 1, 0, 0, 1, 1),
(204072697226, 100648677342, 202150254902, 0, 1, 1, 0, 0),
(204072697226, 109840501282, 200030102035, 0, 0, 0, 0, 0),
(204088833419, 102489082230, 206439299720, 0, 0, 0, 0, 0),
(204120435548, 102311984509, 206131920546, 1, 0, 0, 1, 1),
(204124635196, 105413164653, 209051278036, 0, 1, 0, 1, 1),
(204124635196, 105618578623, 208496920354, 0, 1, 0, 0, 1),
(204133291017, 105805171677, 202907868568, 1, 1, 1, 0, 1),
(204133291017, 108174061421, 200921968345, 0, 1, 1, 1, 0),
(204234236218, 103626410485, 209104394196, 1, 1, 0, 1, 1),
(204240215911, 100184650500, 203216830492, 1, 0, 1, 0, 1),
(204240215911, 107558298576, 200858290302, 1, 1, 1, 0, 1),
(204242024361, 101851110101, 203991354173, 0, 0, 0, 0, 0),
(204242024361, 108353550485, 209447440878, 1, 1, 0, 0, 0),
(204555632448, 105502423503, 209725494486, 0, 0, 1, 1, 0),
(204649762590, 105771421067, 203078348877, 0, 1, 1, 0, 0),
(204653481887, 102804041859, 203215473976, 1, 1, 0, 0, 1),
(204653481887, 104061576928, 200194822294, 1, 0, 0, 0, 0),
(204653481887, 106770347939, 203621808435, 1, 1, 1, 0, 0),
(204741227335, 101005874461, 203216830492, 1, 0, 1, 1, 0),
(204741227335, 109869556695, 206294935452, 1, 0, 1, 0, 0),
(204747065685, 100527003718, 201000717716, 1, 0, 1, 1, 0),
(204807016580, 106663925979, 202150254902, 0, 1, 0, 1, 1),
(204969158229, 102133052877, 205884194787, 1, 1, 1, 0, 0),
(204969158229, 102264929235, 209104394196, 1, 0, 0, 0, 1),
(204969158229, 102346324724, 208538857438, 0, 0, 0, 0, 0),
(205034635030, 100519028090, 204234236218, 0, 0, 1, 1, 0),
(205148736295, 108371414903, 209669556377, 0, 0, 0, 1, 1),
(205178421317, 104172516858, 201979072762, 1, 1, 0, 1, 1),
(205218848558, 109847871606, 201737569467, 1, 1, 1, 0, 0),
(205361096276, 107930071890, 204969158229, 0, 1, 0, 1, 0),
(205432004552, 108205896606, 204021233655, 0, 1, 0, 1, 1),
(205547776051, 107930071890, 207077151857, 0, 0, 0, 0, 0),
(205553488816, 101541617763, 204393710728, 0, 1, 0, 1, 0),
(205553488816, 109952466243, 206172757982, 0, 0, 0, 0, 0),
(205578415085, 109372419234, 203249286917, 1, 0, 0, 1, 0),
(205638709824, 106631688033, 205377961406, 1, 0, 0, 0, 1),
(205769648915, 103582843758, 207351527834, 0, 1, 0, 1, 1),
(205812979083, 100955709897, 201971797091, 0, 1, 1, 1, 0),
(205812979083, 109406829460, 208737607939, 1, 0, 1, 0, 1),
(205842129156, 100955709897, 201608073203, 0, 0, 0, 0, 1),
(205842129156, 101343589362, 208180725814, 1, 1, 1, 0, 1),
(205842129156, 102371197185, 209016590369, 1, 1, 0, 0, 0),
(205842129156, 109169990046, 205038779971, 0, 1, 1, 1, 1),
(205851855296, 100101938815, 205377961406, 0, 0, 1, 0, 1),
(205898529670, 100411774673, 203991354173, 0, 0, 0, 1, 0),
(205899437694, 106798537399, 209447440878, 0, 0, 1, 1, 0),
(206094933086, 107930071890, 208180725814, 1, 0, 0, 1, 1),
(206131920546, 101287963559, 209725494486, 0, 0, 0, 0, 0),
(206172757982, 109394477169, 205884194787, 1, 1, 0, 1, 1),
(206250014570, 102338307828, 203055368711, 0, 0, 1, 1, 0),
(206294935452, 100448782390, 202108648821, 1, 0, 0, 1, 1),
(206294935452, 106481206591, 200030102035, 1, 1, 0, 0, 0),
(206403275362, 100274093029, 202656673134, 1, 0, 0, 0, 0),
(206403275362, 104152056425, 208606129785, 0, 0, 1, 0, 1),
(206439299720, 102705295939, 204021233655, 0, 0, 0, 1, 0),
(206446770932, 104350234894, 206099088126, 1, 1, 1, 0, 1),
(206465872203, 101959076233, 201571915238, 1, 0, 1, 0, 1),
(206465872203, 102804041859, 201737569467, 1, 1, 1, 0, 1),
(206465872203, 108911309232, 207052421813, 0, 1, 0, 0, 1),
(206558761564, 102346324724, 200618066225, 1, 1, 0, 0, 0),
(206637790200, 107567355602, 208569022387, 0, 1, 0, 0, 1),
(206649916479, 106650026430, 202362133015, 0, 0, 0, 0, 0),
(206662701863, 100799576981, 206446770932, 1, 0, 0, 1, 0),
(206662701863, 103206584471, 205578415085, 0, 0, 0, 1, 0),
(206662701863, 103582843758, 208211772065, 0, 1, 0, 1, 1),
(206662701863, 105459183729, 204346569358, 0, 0, 1, 0, 0),
(206871709356, 108878871495, 203830767112, 1, 1, 0, 0, 1),
(206897027897, 106159178622, 207456624073, 1, 0, 1, 1, 0),
(206953623280, 106636265078, 205638709824, 0, 1, 1, 0, 1),
(206953623280, 107071669062, 209725494486, 1, 0, 0, 0, 0),
(206960038617, 104061576928, 202510192131, 0, 0, 0, 1, 0),
(207022436010, 102508006922, 205310458534, 1, 1, 0, 1, 1),
(207049479879, 101287963559, 208569022387, 0, 0, 0, 0, 0),
(207049479879, 109553576664, 203312855213, 0, 0, 1, 0, 0),
(207049479879, 109840501282, 203304925895, 1, 0, 1, 0, 1),
(207052421813, 107071669062, 207628620005, 1, 0, 0, 0, 1),
(207058071760, 100363357029, 203991354173, 1, 1, 1, 1, 1),
(207058071760, 105891673717, 203621808435, 0, 0, 1, 0, 0),
(207058071760, 108571800866, 205799473071, 1, 1, 0, 0, 0),
(207070919805, 102672803798, 209907717927, 0, 1, 0, 0, 0),
(207073772233, 100261759926, 205148736295, 1, 1, 0, 1, 0),
(207073772233, 100519028090, 206401037492, 0, 0, 0, 0, 0),
(207073772233, 106663925979, 203971856348, 0, 1, 0, 0, 0),
(207077151857, 104756354622, 201582466962, 1, 0, 1, 1, 0),
(207077151857, 106134927760, 207097044167, 0, 1, 0, 0, 0),
(207080588093, 107033318353, 204393710728, 1, 0, 0, 0, 1),
(207097044167, 107155957210, 209176277543, 1, 1, 0, 1, 1),
(207097044167, 108911309232, 207972759686, 0, 0, 0, 0, 0),
(207270838547, 108120341606, 205842129156, 0, 0, 0, 0, 0),
(207304198441, 101541617763, 203922965091, 1, 0, 0, 0, 0),
(207351527834, 100743966614, 202273410559, 1, 0, 0, 1, 1),
(207351527834, 107913529932, 200414587526, 0, 1, 1, 0, 1),
(207351527834, 108471021719, 205361096276, 1, 0, 1, 1, 1),
(207351527834, 108890352675, 203726167832, 0, 1, 1, 1, 0),
(207357383565, 102806449361, 202273410559, 1, 1, 1, 0, 1),
(207358696134, 107877420817, 203312855213, 0, 0, 0, 1, 0),
(207413080663, 100272295479, 208180725814, 1, 1, 0, 0, 1),
(207413080663, 106144124859, 208606129785, 1, 1, 1, 1, 1),
(207456624073, 103755321414, 200795791039, 1, 0, 1, 0, 1),
(207498826481, 101732235138, 209016590369, 0, 0, 1, 1, 0),
(207586214625, 101005874461, 201737569467, 1, 0, 0, 1, 1),
(207586214625, 107883897717, 203186063378, 0, 0, 0, 1, 1),
(207628620005, 102688870608, 201811657507, 1, 1, 0, 1, 0),
(207628620005, 104083000295, 203039869698, 0, 1, 0, 1, 0),
(207628620005, 104648206198, 202535834117, 1, 0, 0, 1, 1),
(207628620005, 107353169427, 207674815964, 1, 0, 1, 0, 0),
(207674815964, 102264929235, 205578415085, 0, 1, 1, 1, 1),
(207674815964, 109169990046, 208103280198, 0, 0, 1, 1, 0),
(207777292747, 103037373055, 203754846609, 1, 1, 1, 0, 0),
(207972759686, 106305742058, 209886360587, 0, 0, 1, 1, 1),
(207972759686, 106904110982, 208088852417, 1, 1, 1, 1, 0),
(208035711688, 106904110982, 203922965091, 0, 1, 0, 1, 0),
(208062005088, 101021963389, 209300614524, 0, 0, 1, 1, 1),
(208088852417, 104061576928, 203078348877, 0, 1, 1, 1, 1),
(208103280198, 100097879930, 206379311895, 0, 1, 1, 0, 0),
(208162338265, 101851110101, 206871709356, 1, 1, 1, 0, 1),
(208214603253, 100527003718, 200858290302, 1, 1, 1, 0, 0),
(208214603253, 102744583659, 201386769168, 1, 0, 0, 1, 0),
(208334123605, 102127449585, 208248910618, 1, 0, 1, 1, 1),
(208355565947, 101507683214, 208606129785, 0, 0, 1, 0, 0),
(208363126238, 108301158048, 203249286917, 0, 1, 1, 1, 0),
(208363126238, 108471021719, 205377961406, 1, 0, 1, 1, 1),
(208363126238, 109553576664, 209842809227, 1, 1, 1, 0, 1),
(208375454666, 102264929235, 200414587526, 0, 0, 0, 0, 0),
(208482109361, 106904110982, 202535834117, 0, 0, 1, 0, 1),
(208482109361, 109847871606, 208180725814, 1, 1, 0, 1, 0),
(208482109361, 109876828272, 209644326541, 0, 1, 1, 1, 0),
(208496920354, 105562597182, 202137338317, 1, 1, 1, 1, 0),
(208569022387, 106636265078, 201089608695, 0, 1, 1, 0, 0),
(208572413363, 105413164653, 206379311895, 1, 1, 0, 1, 1),
(208606129785, 104339275231, 208943548002, 1, 0, 0, 0, 0),
(208606129785, 104938501332, 203312855213, 0, 1, 1, 1, 0),
(208719944609, 101587103141, 207456624073, 1, 0, 1, 1, 0),
(208719944609, 108120341606, 207049479879, 1, 0, 0, 0, 1),
(208737607939, 105413164653, 207077151857, 0, 1, 0, 1, 0),
(208737607939, 106127691551, 204969158229, 0, 0, 1, 0, 1),
(208737607939, 107608260806, 202656673134, 1, 1, 1, 0, 0),
(208754962855, 103725678446, 207270838547, 0, 0, 1, 0, 0),
(208763315391, 102489082230, 200461594303, 0, 1, 0, 1, 1),
(208763315391, 105459183729, 209625238758, 0, 1, 1, 1, 1),
(208943548002, 100261759926, 206131920546, 0, 1, 0, 1, 1),
(208951249245, 108301158048, 207058071760, 1, 1, 1, 0, 0),
(209051278036, 100654763025, 203515553198, 1, 0, 0, 1, 0),
(209176277543, 105572822093, 207049479879, 0, 1, 0, 1, 1),
(209242672179, 106663925979, 200858290302, 1, 1, 0, 0, 1),
(209242672179, 107353169427, 207556925043, 1, 1, 0, 0, 0),
(209242672179, 107459768171, 205432004552, 0, 1, 0, 1, 1),
(209280654334, 101021963389, 209104394196, 1, 0, 0, 0, 1),
(209300614524, 100097879930, 203830767112, 0, 1, 0, 0, 1),
(209517531627, 105856785688, 204555632448, 1, 0, 0, 0, 1),
(209517531627, 109169990046, 202513359943, 1, 0, 1, 0, 1),
(209574995838, 107530812688, 207628620005, 0, 1, 0, 0, 0),
(209644326541, 101541617763, 201610103822, 1, 0, 0, 1, 0),
(209725494486, 107620269686, 201353627351, 1, 0, 0, 0, 0),
(209842809227, 103755321414, 206897027897, 0, 1, 1, 1, 0),
(209907717927, 102133052877, 203909210846, 0, 0, 1, 1, 0),
(209907717927, 103241290726, 202510192131, 1, 1, 1, 1, 0),
(209907717927, 105676980165, 209447440878, 0, 1, 0, 0, 1),
(209907717927, 108302686943, 205899437694, 0, 0, 0, 1, 1),
(209907717927, 109548499113, 202302532789, 1, 1, 0, 0, 0),
(209923303153, 100052712201, 201705862865, 0, 0, 1, 1, 1),
(209923303153, 104707755227, 208334123605, 0, 0, 1, 0, 1),
(209923303153, 107416527743, 208103280198, 0, 1, 1, 1, 1),
(209929851072, 100955709897, 201890278238, 1, 0, 1, 1, 0),
(209929851072, 105805171677, 202304345600, 0, 0, 1, 0, 0),
(209942931766, 103827196170, 206294935452, 1, 0, 1, 0, 1);

-- --------------------------------------------------------

--
-- Table structure for table `CanSharePatientInfoWithPharmacy`
--

CREATE TABLE IF NOT EXISTS `CanSharePatientInfoWithPharmacy` (
  `DrID` bigint(20) unsigned NOT NULL,
  `PatientID` bigint(20) unsigned NOT NULL,
  `PharmacyID` bigint(20) unsigned NOT NULL,
  `Name` tinyint(1) DEFAULT NULL,
  `DOB` tinyint(1) DEFAULT NULL,
  `ContactInfo` tinyint(1) DEFAULT NULL,
  `Notes` tinyint(1) DEFAULT NULL,
  `Perscriptions` tinyint(1) DEFAULT NULL,
  PRIMARY KEY (`DrID`,`PatientID`,`PharmacyID`),
  KEY `PatientID` (`PatientID`),
  KEY `PharmacyID` (`PharmacyID`)
) ENGINE=InnoDB DEFAULT CHARSET=latin1;

--
-- Dumping data for table `CanSharePatientInfoWithPharmacy`
--

INSERT INTO `CanSharePatientInfoWithPharmacy` (`DrID`, `PatientID`, `PharmacyID`, `Name`, `DOB`, `ContactInfo`, `Notes`, `Perscriptions`) VALUES
(200062391053, 109169990046, 801130578814, 0, 1, 1, 1, 0),
(200113738460, 107468446020, 803301116862, 1, 0, 0, 0, 0),
(200121569221, 103582843758, 808497728159, 0, 1, 1, 1, 1),
(200194822294, 108898078240, 800097888050, 0, 1, 1, 1, 0),
(200312096689, 104756354622, 809553449563, 0, 0, 1, 0, 0),
(200414587526, 104938501332, 802675840735, 1, 1, 1, 1, 1),
(200437975418, 105287814663, 803724893259, 0, 1, 0, 0, 1),
(200439592169, 109548499113, 802746325292, 1, 1, 1, 0, 0),
(200540261232, 108471021719, 800679024634, 1, 0, 0, 0, 0),
(200569304338, 109406829460, 803629301193, 1, 0, 0, 1, 1),
(200598814813, 100916357169, 806420174829, 0, 1, 1, 1, 1),
(200618066225, 101605614829, 804984570834, 0, 0, 0, 0, 0),
(200672082535, 105453394405, 807710245507, 1, 0, 1, 0, 1),
(200795791039, 100101938815, 804599502349, 0, 0, 0, 0, 1),
(200816665686, 107303246643, 808254728883, 0, 1, 0, 0, 1),
(200816665686, 107913529932, 803679386126, 0, 0, 1, 1, 0),
(200858290302, 108353550485, 807886353043, 0, 0, 1, 1, 0),
(200862271914, 100608285313, 808837270391, 1, 1, 0, 0, 0),
(200862271914, 109736647384, 801980790360, 1, 1, 1, 0, 1),
(200871150286, 104963543583, 802402169808, 1, 1, 0, 0, 0),
(200896515301, 100403178474, 802812029885, 1, 0, 0, 0, 0),
(200921968345, 100097879930, 802373878506, 1, 1, 1, 0, 1),
(200921968345, 106144124859, 802243455922, 1, 1, 0, 0, 0),
(200984813246, 106636265078, 808755123391, 1, 0, 1, 0, 1),
(201002216143, 106854556258, 806905064495, 0, 1, 1, 1, 1),
(201026615554, 100653102335, 802994227075, 0, 0, 1, 0, 1),
(201026615554, 106939485323, 807483772231, 0, 1, 0, 0, 1),
(201089608695, 104172516858, 806420174829, 1, 0, 1, 0, 0),
(201091184076, 100653102335, 800520459201, 1, 1, 1, 1, 0),
(201310808193, 100052712201, 801829895225, 0, 1, 0, 1, 1),
(201310808193, 100582313556, 802697952943, 0, 1, 1, 0, 0),
(201353627351, 101137740307, 807418409130, 1, 0, 1, 1, 1),
(201353627351, 104265192996, 801019940389, 1, 1, 0, 1, 1),
(201353627351, 104265192996, 803039948783, 0, 1, 1, 0, 0),
(201491477705, 102779605955, 803889490949, 1, 1, 1, 0, 1),
(201491477705, 104152056425, 801762684739, 1, 0, 0, 1, 0),
(201582466962, 105562597182, 801168016212, 0, 0, 0, 1, 0),
(201610103822, 100799576981, 801149518165, 1, 1, 0, 0, 1),
(201610103822, 104342752200, 809782922729, 0, 0, 0, 1, 0),
(201610103822, 105604252564, 804369995210, 0, 0, 0, 1, 1),
(201610103822, 106564719540, 802126932104, 0, 0, 1, 0, 0),
(201705862865, 105805171677, 805418024031, 0, 0, 1, 1, 1),
(201737569467, 105604252564, 807652651482, 0, 1, 0, 0, 0),
(201890278238, 101343589362, 808906397969, 0, 1, 1, 1, 1),
(201959775137, 109840501282, 803660372390, 1, 1, 1, 1, 1),
(201971797091, 101117040278, 808481917151, 0, 1, 0, 0, 1),
(201971797091, 105413164653, 804283713101, 1, 1, 0, 0, 1),
(201971797091, 107173339159, 803869760015, 0, 1, 1, 0, 0),
(201979072762, 109752397048, 801176748899, 1, 0, 1, 0, 1),
(202137338317, 100274093029, 800806015513, 0, 1, 1, 0, 0),
(202137338317, 107173339159, 801149518165, 0, 0, 1, 1, 0),
(202190805057, 104959565780, 803270947561, 1, 0, 0, 0, 1),
(202251014156, 100261759926, 801149518165, 0, 1, 0, 0, 1),
(202251014156, 100448782390, 809169748712, 1, 0, 1, 0, 1),
(202251014156, 106481206591, 809201387470, 1, 1, 1, 0, 1),
(202251014156, 107913529932, 806420174829, 0, 1, 0, 0, 0),
(202302532789, 102049947659, 803301116862, 0, 0, 0, 1, 1),
(202302532789, 102371197185, 807513742746, 0, 0, 1, 1, 1),
(202320497482, 103241290726, 804260310845, 1, 0, 1, 0, 1),
(202320497482, 109406829460, 801251027180, 0, 0, 1, 1, 1),
(202362133015, 106481206591, 802370312521, 0, 1, 0, 0, 0),
(202362133015, 107877420817, 805841656425, 1, 0, 0, 1, 1),
(202362133015, 108302686943, 800223464877, 1, 0, 0, 0, 1),
(202362133015, 108881423722, 806799936767, 0, 0, 0, 1, 1),
(202429281491, 106904110982, 808755123391, 1, 0, 1, 1, 0),
(202507840425, 104457259684, 805933933619, 0, 0, 0, 0, 0),
(202510192131, 105923213608, 801608206376, 0, 0, 0, 1, 0),
(202513359943, 104990061871, 803660372390, 0, 1, 1, 0, 0),
(202513359943, 109952466243, 805195020280, 1, 0, 0, 1, 1),
(202527547215, 100507714775, 802220374891, 0, 1, 0, 0, 0),
(202535834117, 100519028090, 809730674675, 0, 0, 1, 1, 1),
(202535834117, 104827115543, 803270947561, 1, 1, 0, 1, 0),
(202805037175, 103206584471, 801673946785, 1, 0, 1, 0, 0),
(202805037175, 106425207240, 805825961127, 1, 0, 1, 1, 0),
(202805037175, 108785040570, 807476999219, 0, 0, 1, 1, 0),
(202905468093, 100529134923, 804075734678, 1, 1, 0, 0, 0),
(202914954845, 104193286710, 800806015513, 0, 1, 1, 0, 0),
(203078348877, 102806449361, 807097137935, 0, 0, 1, 1, 1),
(203165384662, 103665564845, 806929416977, 1, 1, 0, 1, 1),
(203165384662, 104155456637, 801130578814, 1, 0, 0, 1, 1),
(203165384662, 105891673717, 806709035428, 0, 1, 1, 1, 1),
(203215473976, 104959565780, 804284862790, 1, 1, 1, 0, 0),
(203216830492, 102744583659, 805619725902, 0, 1, 0, 1, 1),
(203216830492, 104358122510, 805824920227, 0, 0, 1, 0, 1),
(203249286917, 105317022653, 805522862135, 1, 1, 1, 0, 1),
(203249286917, 106156492047, 809169748712, 1, 0, 0, 1, 1),
(203304925895, 103214491225, 800922591096, 0, 0, 0, 1, 0),
(203304925895, 107952547007, 800355320714, 1, 1, 0, 0, 0),
(203371938031, 104938501332, 801673946785, 1, 1, 0, 1, 1),
(203371938031, 104959565780, 809689958979, 1, 0, 1, 0, 0),
(203371938031, 105891673717, 805990562897, 1, 0, 1, 1, 0),
(203371938031, 105923213608, 806929416977, 1, 1, 1, 0, 0),
(203423517947, 107071669062, 803432090507, 1, 0, 1, 0, 1),
(203439075800, 106339211340, 807884266477, 0, 1, 1, 1, 1),
(203515553198, 108221865872, 803660372390, 1, 1, 0, 0, 1),
(203515553198, 109260953334, 803544562695, 1, 1, 1, 1, 0),
(203578554553, 100448782390, 805871639120, 1, 1, 0, 0, 0),
(203590751100, 106144124859, 803039948783, 0, 1, 1, 1, 1),
(203597621743, 104959565780, 804339548380, 1, 0, 0, 0, 1),
(203710351006, 105805171677, 804672397306, 0, 0, 1, 1, 1),
(203726167832, 100056343178, 802550857889, 0, 1, 1, 1, 0),
(203754846609, 102068356481, 808106534783, 1, 0, 0, 0, 1),
(203808972958, 104344951553, 804934688829, 0, 0, 0, 0, 0),
(203830767112, 104670113340, 807573845114, 1, 0, 0, 0, 1),
(203830767112, 104756354622, 807539511228, 1, 1, 0, 0, 0),
(203840283174, 106159178622, 800355320714, 0, 0, 0, 1, 1),
(203864907313, 107173339159, 800223464877, 1, 0, 1, 1, 0),
(203909210846, 104350234894, 802697952943, 0, 1, 0, 0, 0),
(203933145490, 103707107539, 802664983062, 0, 1, 0, 0, 1),
(203933145490, 105891673717, 806485807623, 0, 1, 1, 0, 1),
(203933145490, 106134927760, 800172444696, 1, 1, 1, 1, 1),
(203971856348, 104963543583, 809725672895, 1, 1, 1, 1, 0),
(204021233655, 108789327402, 801176748899, 0, 1, 1, 1, 0),
(204072697226, 102504659292, 803961554227, 0, 1, 0, 1, 0),
(204088833419, 100608285313, 800514995216, 0, 0, 1, 0, 1),
(204088833419, 101137740307, 807926743011, 0, 1, 0, 0, 0),
(204133291017, 105562597182, 804186174799, 0, 1, 1, 0, 0),
(204157934123, 100527003718, 808812810928, 1, 1, 0, 0, 0),
(204157934123, 109008495921, 801598491816, 0, 1, 0, 1, 0),
(204242024361, 107333607444, 802856330986, 1, 0, 1, 1, 0),
(204346569358, 108289481209, 802746325292, 0, 1, 1, 1, 1),
(204393710728, 102672803798, 803889490949, 0, 0, 0, 1, 1),
(204493334210, 105676980165, 801762684739, 0, 0, 0, 1, 1),
(204493334210, 106854556258, 800097888050, 0, 0, 0, 1, 0),
(204493334210, 108301158048, 809982321309, 1, 0, 1, 0, 0),
(204555632448, 104358122510, 800154771925, 1, 1, 1, 0, 0),
(204623575580, 104670113340, 808755123391, 0, 0, 1, 0, 0),
(204623575580, 107567355602, 808481917151, 0, 1, 0, 1, 0),
(204653481887, 103855103969, 807539511228, 0, 1, 0, 1, 0),
(204653481887, 108574716006, 802608195871, 1, 0, 0, 1, 1),
(204741227335, 100056343178, 807847168598, 0, 0, 1, 1, 1),
(204747065685, 105644818902, 801608206376, 1, 1, 1, 1, 0),
(204747065685, 108289481209, 808169155774, 1, 0, 0, 0, 0),
(204904455377, 102543817401, 804075734678, 0, 1, 1, 1, 1),
(205038779971, 105480773708, 800545765485, 1, 1, 1, 0, 0),
(205148736295, 106854556258, 801565165219, 0, 1, 1, 1, 1),
(205148736295, 109297650097, 809982321309, 1, 1, 0, 1, 0),
(205178421317, 106564719540, 807033120513, 0, 1, 0, 0, 1),
(205262642031, 105317022653, 800545765485, 0, 0, 1, 0, 0),
(205310458534, 104827115543, 802429094891, 0, 1, 1, 0, 0),
(205361096276, 104761507565, 807539511228, 1, 1, 0, 0, 1),
(205432004552, 104152056425, 807912701646, 0, 1, 0, 0, 0),
(205547776051, 100448782390, 803679386126, 0, 0, 1, 0, 1),
(205553488816, 100916357169, 804656411816, 1, 0, 1, 1, 1),
(205553488816, 103855103969, 807659234845, 0, 1, 0, 1, 1),
(205553488816, 108302686943, 805303998044, 1, 1, 1, 1, 1),
(205555920632, 108876202067, 804084759472, 0, 1, 0, 0, 1),
(205580429572, 105618578623, 805754439427, 0, 0, 0, 0, 1),
(205638709824, 100066109630, 801130578814, 1, 1, 1, 0, 0),
(205638709824, 107350930573, 808124074660, 1, 1, 1, 1, 0),
(205769648915, 100261759926, 801017255975, 0, 0, 1, 1, 0),
(205769648915, 109548499113, 800545765485, 1, 1, 0, 1, 0),
(205769648915, 109952466243, 807561687463, 0, 1, 0, 1, 1),
(205799473071, 100207244961, 803263464829, 0, 1, 0, 0, 0),
(205799473071, 101507683214, 807926743011, 1, 1, 0, 0, 0),
(205842129156, 104155456637, 801149518165, 1, 1, 1, 1, 0),
(205842129156, 104924439984, 801980790360, 1, 1, 1, 0, 1),
(205851855296, 108879933272, 803558823485, 1, 1, 1, 0, 1),
(205884194787, 104753848563, 804260310845, 1, 1, 0, 0, 0),
(206094933086, 103214491225, 804272777708, 1, 0, 0, 1, 0),
(206099088126, 100648677342, 806847346572, 0, 0, 1, 0, 1),
(206131920546, 108898078240, 807886353043, 1, 0, 1, 0, 0),
(206131920546, 109051231164, 806053658537, 0, 1, 1, 0, 1),
(206138660474, 105771421067, 807886353043, 1, 1, 0, 0, 1),
(206250014570, 105676980165, 807033120513, 1, 0, 1, 0, 0),
(206294935452, 100056343178, 807033120513, 1, 1, 0, 1, 0),
(206294935452, 108571800866, 802856330986, 1, 1, 1, 1, 1),
(206401037492, 106939485323, 800652790204, 0, 0, 1, 0, 0),
(206403275362, 100608285313, 809473606236, 1, 1, 0, 0, 1),
(206435793917, 100582313556, 807710245507, 0, 0, 1, 1, 1),
(206465872203, 106904110982, 806709035428, 1, 1, 1, 0, 0),
(206558761564, 104924439984, 801130578814, 1, 0, 1, 0, 1),
(206558761564, 105644818902, 801251027180, 1, 1, 1, 1, 0),
(206558761564, 108881423722, 805824920227, 1, 0, 1, 0, 0),
(206637790200, 108221865872, 804260310845, 0, 0, 1, 1, 1),
(206637790200, 108353550485, 804866841282, 1, 1, 0, 1, 0),
(206649916479, 104436578307, 807912235386, 1, 0, 0, 0, 1),
(206649916479, 107303246643, 802242315714, 1, 1, 1, 0, 1),
(206662701863, 108898078240, 804270615626, 0, 0, 0, 1, 0),
(206688197687, 101943991616, 805390829257, 0, 1, 1, 1, 1),
(206871709356, 106770347939, 808813876337, 0, 1, 1, 1, 1),
(206871709356, 107930071890, 800514995216, 0, 1, 1, 1, 0),
(206871709356, 107952547007, 805239909317, 1, 0, 0, 1, 0),
(206897027897, 107350930573, 806042452031, 0, 0, 0, 0, 0),
(206914280689, 108876202067, 802608195871, 1, 1, 0, 0, 0),
(206953623280, 105805171677, 807513742746, 0, 0, 0, 0, 1),
(206960038617, 106680346148, 808553561590, 1, 0, 0, 0, 1),
(206982530350, 106650026430, 802614846603, 0, 1, 1, 1, 0),
(206982530350, 107303246643, 803695670830, 1, 0, 1, 1, 1),
(207022436010, 100066109630, 808740981460, 0, 1, 0, 1, 0),
(207022436010, 106663925979, 803724893259, 0, 1, 0, 1, 1),
(207022436010, 106798537399, 804270615626, 0, 0, 0, 0, 0),
(207049479879, 100527003718, 807643759783, 0, 0, 1, 1, 0),
(207058071760, 101688483950, 806417050178, 0, 1, 0, 0, 0),
(207070919805, 107930071890, 801350978645, 0, 1, 0, 0, 1),
(207070919805, 108174061421, 803161429400, 0, 0, 0, 1, 1),
(207073772233, 107303246643, 807886353043, 0, 1, 1, 0, 0),
(207080588093, 108301158048, 804853364918, 1, 1, 0, 1, 0),
(207094412473, 108890352675, 805303998044, 1, 0, 0, 1, 0),
(207094412473, 109169990046, 802243455922, 0, 1, 1, 1, 1),
(207097044167, 102504659292, 803270947561, 0, 1, 1, 0, 1),
(207097044167, 103937542462, 809730674675, 1, 1, 0, 1, 1),
(207097044167, 109260953334, 800652790204, 0, 1, 0, 1, 1),
(207097044167, 109840501282, 806485807623, 1, 0, 1, 1, 1),
(207270838547, 107567355602, 802675840735, 0, 1, 1, 0, 1),
(207304198441, 108751676216, 802924827970, 0, 0, 1, 0, 1),
(207351527834, 109752397048, 801350546420, 0, 1, 1, 1, 0),
(207357383565, 107468446020, 807912701646, 0, 0, 0, 1, 1),
(207358696134, 108353550485, 807790760837, 0, 1, 0, 0, 0),
(207409231214, 108289481209, 804867458139, 1, 1, 1, 0, 1),
(207413080663, 100403178474, 800545765485, 1, 1, 0, 0, 0),
(207413080663, 100610580250, 807960351386, 1, 1, 0, 0, 0),
(207456624073, 109297650097, 803724893259, 1, 0, 0, 1, 1),
(207498826481, 101669740055, 800514995216, 0, 0, 0, 0, 0),
(207498826481, 106650026430, 806813792954, 1, 1, 0, 0, 0),
(207508617736, 106854556258, 801722005216, 0, 0, 0, 1, 1),
(207508617736, 108555261390, 802675840735, 0, 1, 1, 1, 1),
(207508617736, 108555261390, 804599502349, 1, 0, 0, 0, 1),
(207556925043, 107033318353, 804260310845, 0, 0, 0, 0, 0),
(207586214625, 104342752200, 800097428348, 1, 0, 1, 1, 0),
(207628620005, 109169990046, 803270947561, 1, 0, 0, 0, 0),
(207777292747, 106770347939, 807513742746, 1, 0, 0, 1, 1),
(207797971494, 103975886723, 806847346572, 1, 0, 0, 0, 0),
(207797971494, 105604001233, 801400033294, 1, 0, 0, 1, 1),
(207972759686, 107303246643, 802587322188, 0, 0, 0, 1, 0),
(208035711688, 101959076233, 800520459201, 0, 0, 1, 1, 1),
(208035711688, 103849735426, 803897613093, 1, 1, 0, 0, 1),
(208035711688, 106836203450, 803432090507, 1, 0, 1, 1, 0),
(208103280198, 100052712201, 807585924418, 0, 1, 1, 1, 0),
(208103280198, 109406829460, 803869760015, 1, 0, 0, 0, 0),
(208151712001, 109220911907, 804867458139, 1, 0, 1, 1, 1),
(208162338265, 104422086935, 809578783828, 0, 1, 1, 0, 1),
(208162338265, 109869556695, 808372053881, 0, 0, 0, 0, 1),
(208214603253, 100403178474, 801280454796, 0, 0, 1, 0, 0),
(208214603253, 101259124260, 802994227075, 0, 1, 1, 1, 0),
(208248910618, 101997950268, 805871639120, 1, 1, 0, 1, 0),
(208248910618, 104436578307, 804934688829, 1, 0, 1, 1, 0),
(208362564078, 103755321414, 804599502349, 1, 1, 1, 1, 1),
(208363126238, 104108060080, 805522862135, 0, 0, 1, 1, 0),
(208363126238, 104168521304, 805386587723, 1, 0, 1, 1, 1),
(208363126238, 104938501332, 802608195871, 0, 0, 1, 0, 0),
(208363126238, 107303246643, 807926743011, 0, 0, 0, 1, 0),
(208363126238, 107883897717, 808512019753, 0, 0, 1, 1, 1),
(208375454666, 100654763025, 808812810928, 0, 0, 1, 0, 1),
(208375454666, 104761507565, 807111771210, 0, 1, 0, 1, 1),
(208433386843, 100411774673, 807033120513, 1, 1, 0, 0, 1),
(208482109361, 101732235138, 807519211212, 0, 0, 0, 1, 1),
(208482109361, 107212864077, 808740981460, 1, 1, 1, 0, 1),
(208482109361, 108876202067, 802379692700, 1, 0, 0, 0, 1),
(208572413363, 103707107539, 808324099314, 0, 0, 0, 1, 1),
(208572413363, 108725308145, 809785993398, 1, 0, 1, 0, 0),
(208572413363, 109548499113, 807659234845, 0, 1, 0, 0, 1),
(208606129785, 108911309232, 805618112847, 0, 1, 0, 1, 1),
(208606129785, 109169990046, 806376519803, 1, 1, 0, 1, 0),
(208646482862, 104342752200, 807926743011, 0, 1, 1, 0, 0),
(208646482862, 104422086935, 806435978890, 0, 1, 0, 1, 0),
(208719944609, 104152056425, 807847168598, 1, 1, 0, 1, 0),
(208737607939, 101997950268, 801400033294, 0, 0, 0, 0, 1),
(208737607939, 109008495921, 803227457129, 1, 1, 1, 1, 1),
(208754962855, 105562597182, 809462247262, 0, 0, 1, 0, 1),
(208763315391, 103184938921, 808906397969, 1, 0, 1, 0, 0),
(208763315391, 107350930573, 801400033294, 0, 0, 0, 0, 0),
(208951249245, 103214491225, 809016989351, 0, 0, 1, 0, 1),
(208951249245, 109540315560, 804186174799, 0, 0, 0, 0, 1),
(208976011285, 103665564845, 801274344252, 0, 0, 0, 1, 0),
(208976011285, 106134927760, 803897613093, 1, 1, 0, 0, 1),
(209051278036, 106134927760, 803894178278, 0, 1, 1, 1, 0),
(209104394196, 101605614829, 804570568752, 1, 0, 1, 1, 1),
(209285398527, 100374733036, 800645344409, 0, 0, 1, 1, 0),
(209285398527, 103626410485, 802220374891, 1, 1, 0, 1, 0),
(209285398527, 106593766146, 809730674675, 1, 1, 0, 1, 1),
(209300614524, 104963543583, 802697952943, 1, 0, 0, 0, 0),
(209300614524, 107620269686, 807710245507, 0, 0, 0, 1, 1),
(209447440878, 107416527743, 800345135207, 1, 0, 0, 0, 0),
(209517531627, 104061576928, 804339548380, 1, 0, 0, 0, 0),
(209539242625, 108630392917, 803724893259, 0, 1, 0, 0, 0),
(209574995838, 102847978934, 808643569712, 1, 0, 0, 1, 1),
(209574995838, 106159178622, 808755123391, 1, 0, 1, 0, 0),
(209669556377, 104924439984, 809725672895, 0, 1, 0, 1, 1),
(209725494486, 105771421067, 807561687463, 0, 0, 1, 1, 0),
(209725494486, 109742837686, 802202117214, 0, 0, 1, 1, 0),
(209754168643, 104670113340, 802742038240, 0, 1, 0, 1, 0),
(209842809227, 103184938921, 807111771210, 1, 0, 0, 1, 1),
(209875951480, 100648677342, 802156510843, 1, 1, 1, 1, 0),
(209886360587, 100411774673, 809386458759, 1, 0, 0, 0, 1),
(209907717927, 106631688033, 805418024031, 1, 1, 0, 0, 1),
(209923303153, 104648206198, 803513456129, 0, 1, 0, 0, 0),
(209929851072, 107530812688, 808906397969, 1, 0, 0, 0, 1),
(209942931766, 104756354622, 809201387470, 1, 0, 0, 0, 1),
(209942931766, 107952547007, 800329166475, 1, 0, 0, 1, 1);

-- --------------------------------------------------------

--
-- Table structure for table `Doctors`
--

CREATE TABLE IF NOT EXISTS `Doctors` (
  `DrID` bigint(20) unsigned NOT NULL,
  `NameFirst` varchar(45) NOT NULL,
  `NameLast` varchar(45) NOT NULL,
  `Email` varchar(45) NOT NULL,
  `Password` varchar(50) NOT NULL,
  PRIMARY KEY (`DrID`)
) ENGINE=InnoDB DEFAULT CHARSET=latin1;

--
-- Dumping data for table `Doctors`
--

INSERT INTO `Doctors` (`DrID`, `NameFirst`, `NameLast`, `Email`, `Password`) VALUES
(200030102035, 'Jennifer', 'Valdez', 'davidmichelle@lopez.info', '@uqRS&$cY8'),
(200048175728, 'Carol', 'Baldwin', 'clarkshelby@hotmail.com', '^e*8!GhH_9'),
(200062391053, 'Jon', 'Chan', 'pmason@hotmail.com', '(JYvzn748p'),
(200113738460, 'Elizabeth', 'Martinez', 'vasquezmatthew@hotmail.com', 'i2NnIEaT*6'),
(200121569221, 'David', 'White', 'kgarner@gmail.com', '(5c0Ay3b$*'),
(200194822294, 'Latoya', 'Boyle', 'gallowaynicholas@hotmail.com', '&7)vjZ0moS'),
(200236267692, 'Daniel', 'Hooper', 'daryl85@miles-jackson.com', 'G05Dhul^F&'),
(200312096689, 'John', 'Obrien', 'taylorday@beck.com', 'o(4U(zzx$S'),
(200414587526, 'Kenneth', 'Booth', 'laurawarren@perez.com', 'b^6VtEUwC*'),
(200437975418, 'Jennifer', 'Morgan', 'gonzalezronald@hotmail.com', 'L%x4Xkjd)p'),
(200439592169, 'Amanda', 'Howard', 'johnsonerica@yahoo.com', 'Fo%)8M2yR7'),
(200461594303, 'Courtney', 'Ochoa', 'gonzalezanthony@lynn.com', '*5GxYgcB8T'),
(200493879901, 'Anthony', 'Soto', 'kristen86@yahoo.com', 'Z2bJGuQq^6'),
(200540261232, 'Omar', 'Walters', 'trevorfry@hodges.biz', '*mbAOSUo5T'),
(200569304338, 'Peggy', 'Stewart', 'dorseypatricia@hardin.com', '_uXC3BhC6%'),
(200598814813, 'Tammy', 'Cooke', 'shawnjoseph@hotmail.com', '$9e8EGzrc4'),
(200618066225, 'Elizabeth', 'Fuentes', 'gdavis@nelson.com', '52G!novB(V'),
(200662873579, 'Jason', 'Ball', 'davidsingh@ayers.info', '*IotDeh$^4'),
(200672007709, 'Brian', 'Erickson', 'matthew66@bradley-sanchez.com', '^*ba)W%qC2'),
(200672082535, 'Julie', 'Stuart', 'jasonadams@gmail.com', '6I&B&7Ss)2'),
(200690551334, 'Michael', 'Dominguez', 'joshuasmith@collier.com', '%2Saf6@Fj1'),
(200795661324, 'Katie', 'Dixon', 'smithmatthew@russo.org', 'YCD@8zZx^7'),
(200795791039, 'Robert', 'Dixon', 'michelle56@gmail.com', '#T9toQ&fS%'),
(200799491337, 'Frederick', 'Holmes', 'rhondarosales@gmail.com', '&qMMIUhaf7'),
(200816665686, 'Jessica', 'Boone', 'dixonronald@smith-garcia.com', '@6U+w@1I2i'),
(200858290302, 'Robert', 'Gonzalez', 'audreycasey@hotmail.com', '#8pvIDZz5Z'),
(200862271914, 'Victoria', 'Keller', 'ericrivera@collins.com', '2@a4wPoRAk'),
(200871150286, 'Bryan', 'Thompson', 'lcastro@kidd.com', '#F8SxSm5T&'),
(200896515301, 'Matthew', 'Johnson', 'dayanthony@gmail.com', '7!pPaUfn!U'),
(200921968345, 'Judith', 'Graham', 'smithbrian@chambers.com', '1M6GgBfw@a'),
(200984813246, 'Derek', 'Hobbs', 'scottmelissa@taylor.com', '(2hALtek3C'),
(201000717716, 'Sarah', 'Brown', 'kevinjackson@hunt-winters.info', '#bIT1HiI+n'),
(201002216143, 'Ricky', 'Jones', 'phayes@hotmail.com', '!(!g0Psc$L'),
(201026615554, 'Kelly', 'Hernandez', 'stevenwoodward@gmail.com', 'W!7Xg$hrn$'),
(201051281396, 'Kathy', 'Thornton', 'daniel77@bush.com', '%5IhbA8U1H'),
(201089608695, 'Kayla', 'Clark', 'larsonwilliam@yahoo.com', '&S&W*yf3w0'),
(201091184076, 'Destiny', 'Flores', 'heidithomas@jones.org', '_*B^fIjln1'),
(201167967720, 'Nicole', 'Beck', 'robertdennis@hotmail.com', 'h&S2^WpAbk'),
(201290102285, 'Amber', 'Wallace', 'iharmon@johnson.com', '54)yKab*^l'),
(201310808193, 'Jeremy', 'Burch', 'jessicamedina@yahoo.com', '#&(2pmAoTP'),
(201353627351, 'Danielle', 'Jones', 'kent61@herring.biz', 'm*35qAlR%Q'),
(201386769168, 'Sarah', 'Clark', 'rachel80@wood-zamora.com', 'o@+tV9OdkO'),
(201436911543, 'Miguel', 'Ward', 'alexandra47@glass.org', '3*9wcLmvom'),
(201437931616, 'Christopher', 'Goodwin', 'murphyjerry@gmail.com', 'VoK4tSPoC*'),
(201439726142, 'Melanie', 'Williams', 'gloria98@gmail.com', 'qxK%7Vntl1'),
(201491477705, 'Luke', 'Hensley', 'ericwalter@beard.com', '^r34aJBk(N'),
(201560465212, 'David', 'Jones', 'wmatthews@hotmail.com', 'sZCl&dsF#6'),
(201571915238, 'Kendra', 'Lopez', 'sallybarry@gmail.com', 'z6qYWfZ_@b'),
(201582466962, 'Mary', 'Stephens', 'gcurry@hotmail.com', '@7x@DtNftn'),
(201584185657, 'Traci', 'Webb', 'christopherrichardson@thompson-suarez.com', '_n7MJ8v&@X'),
(201608073203, 'Lori', 'Smith', 'whitejeff@gmail.com', 'ULJw(3hvn&'),
(201610103822, 'Christie', 'Mcdaniel', 'mcampbell@yahoo.com', 'hkQ0OPj0+Q'),
(201620552115, 'Paula', 'Banks', 'christiansanchez@torres-peterson.com', '$FY!4U0zf+'),
(201705862865, 'Kurt', 'Bates', 'bryantangela@gmail.com', 'v_0BUOjbIS'),
(201737569467, 'Stephen', 'Carpenter', 'lance09@white.com', 'aN_0qJRk+f'),
(201797976318, 'Devin', 'Carter', 'jsalazar@gmail.com', '#VVtogFi2i'),
(201811657507, 'Katherine', 'Kennedy', 'manuel65@ramirez.info', 'jvncX7Vy@G'),
(201839679284, 'Eric', 'Gomez', 'williamsroger@brooks.com', 'sHZu@4Cmd8'),
(201890278238, 'Erica', 'Strong', 'eddiecannon@clark.com', '*MLn^1GmeU'),
(201924417195, 'Ann', 'Davis', 'proctorclayton@burnett.net', '0h*x9GPpw^'),
(201925843224, 'Laura', 'Rivera', 'brittanybutler@taylor.com', 'H9&QMajI!q'),
(201952868268, 'Tina', 'Burgess', 'allenfitzgerald@simon.com', '(8zAuz9DdX'),
(201959775137, 'Christina', 'Guzman', 'erin07@bautista.org', 'RACNxt!W_9'),
(201971797091, 'Dylan', 'Esparza', 'edalton@gmail.com', '8g18M$aG*u'),
(201979072762, 'Monica', 'Dalton', 'millerjennifer@gmail.com', 'f9OCpwBn_8'),
(202108648821, 'Robin', 'Brown', 'kyleruiz@gmail.com', ')$&4oRyn@5'),
(202137338317, 'Sophia', 'Kidd', 'geoffrey12@hotmail.com', '(27CPGJE9w'),
(202150254902, 'Michelle', 'Morrison', 'yswanson@rodriguez.com', 'W%C3XAcctT'),
(202190805057, 'Wanda', 'Chen', 'wyattnicholas@ramos.com', ')e(nTQi^2)'),
(202251014156, 'Marc', 'Hayes', 'kristabradshaw@smith.com', '(2S)htB#B9'),
(202273410559, 'Ariel', 'Melton', 'rogergomez@long-vaughan.com', 'xQq0E!Xkp&'),
(202302532789, 'Spencer', 'Thompson', 'marshsamantha@yahoo.com', '&^7LV5i1uD'),
(202304345600, 'Kelly', 'French', 'stephanie14@gmail.com', 'D)5GLa%jvh'),
(202320497482, 'Patricia', 'Hill', 'emily91@fox.com', '*6ZJT%!cXo'),
(202326979659, 'Lawrence', 'Fuller', 'sandra11@hotmail.com', '(I8FrlUSQ3'),
(202362133015, 'Donald', 'Figueroa', 'tina75@wilson.net', 'u%CP#NBo@9'),
(202429281491, 'Bonnie', 'Taylor', 'theresa74@butler.info', '+F6PbJ@nxN'),
(202507840425, 'Sharon', 'Rogers', 'cfuller@wilson.info', '^s7LwuMOx_'),
(202510192131, 'Catherine', 'Young', 'pfrye@hotmail.com', 'RgQ3JT7l_*'),
(202513359943, 'Rebekah', 'Wilson', 'jessicacherry@hotmail.com', 'f*$Pk3VbAB'),
(202527547215, 'Dean', 'Long', 'mckinneyjill@jones-cox.biz', 'h^G7(Rty&k'),
(202535834117, 'Amanda', 'Cline', 'qgill@sutton.info', '+E9L7CsmWv'),
(202595571199, 'Jerry', 'Shaffer', 'beth57@ferrell-lucas.com', '+$+V_Dzx%6'),
(202656673134, 'Pamela', 'Reed', 'alexandria83@gmail.com', '_67Opfeeu+'),
(202805037175, 'Haley', 'Owens', 'lmckinney@williams.com', 'dd(8%NNyy7'),
(202871807065, 'Sandra', 'Romero', 'yvonneguerrero@reed.net', 'p0D2x1Tq*L'),
(202905468093, 'Clifford', 'Cain', 'tanya14@yahoo.com', 'a0YXlT$d%7'),
(202907868568, 'Juan', 'Cox', 'brittany65@avila.com', '@8H3+raSAF'),
(202914954845, 'Andrew', 'Taylor', 'harrelljennifer@harris-villanueva.com', '#N!1IbF+cw'),
(203039869698, 'Kathleen', 'Ellis', 'maryjensen@gmail.com', '2M*0RKIiHl'),
(203055368711, 'Rebecca', 'Moore', 'whitneyjanet@wolfe.org', '%W8MsmFFVP'),
(203078348877, 'Cristina', 'Mcgrath', 'anna35@gmail.com', '+RU%(x%P8S'),
(203126374102, 'Dale', 'Nguyen', 'kimbrewer@kelly.net', '(@0_Ggnvhj'),
(203165384662, 'John', 'Potter', 'javier81@hotmail.com', '!8CQmjn_@P'),
(203186063378, 'Christine', 'Cunningham', 'joseph51@hotmail.com', 'd(rm0!0tQY'),
(203215473976, 'Kim', 'Bender', 'lindsay69@clark.org', 's#y9@Kt((@'),
(203216830492, 'Joel', 'Lee', 'ymatthews@gmail.com', 'mnL+8Omv!#'),
(203249286917, 'Catherine', 'Stokes', 'christopher30@johnson-becker.com', 'h0&5IiyvaO'),
(203257587710, 'Eric', 'Thomas', 'sherrera@melton-hawkins.com', '^5Tfi3d6$7'),
(203304925895, 'Jeff', 'Mathews', 'ambermartinez@hotmail.com', 'Py1zG6#Pr_'),
(203312855213, 'Christina', 'Williams', 'anthony16@gmail.com', '^x&xQbgv49'),
(203371938031, 'Luis', 'Morgan', 'rwalker@hotmail.com', 'VhOn9$Xs@8'),
(203423517947, 'Jesse', 'Myers', 'shaneroberts@fleming.info', '4A6FVscfH('),
(203439075800, 'Devin', 'Jackson', 'meyercarly@gmail.com', '@22n6eKxJY'),
(203515553198, 'Jamie', 'Poole', 'hector98@gmail.com', ')_nMeNGd^2'),
(203578554553, 'Morgan', 'Brady', 'bwalker@hotmail.com', 'S$bm6DwT5F'),
(203590751100, 'John', 'Woodward', 'vburgess@gmail.com', '2UADG+rh#1'),
(203597621743, 'Matthew', 'Guerrero', 'bwarren@carroll.com', 'zyU4kEy#3@'),
(203608397513, 'Hector', 'Anderson', 'rickywhitaker@english-humphrey.info', 'exN5hUvK+8'),
(203621808435, 'Jacqueline', 'Watson', 'marshdaniel@sullivan.net', 'A6$K4jHawx'),
(203632022918, 'Andrew', 'Sanders', 'hharding@hotmail.com', 'O_1OHcpg6@'),
(203669348281, 'Michael', 'Figueroa', 'victoriapatel@erickson-allison.com', 'FH7VVHHx!%'),
(203710351006, 'Kyle', 'Espinoza', 'mclaughlinjean@yahoo.com', ')p2BnpHDe$'),
(203726167832, 'Danielle', 'Grant', 'william30@wilkinson.com', 'Fc!i5AHmL^'),
(203754846609, 'Allison', 'Moore', 'krandolph@potter.org', 'RL5OBuQWP^'),
(203808972958, 'Denise', 'Moss', 'vpruitt@gmail.com', 'o+K2fMj%JX'),
(203830767112, 'Cynthia', 'Jackson', 'tinacannon@hotmail.com', 'QoK8Cz#eo&'),
(203840283174, 'Michelle', 'Stewart', 'taylortyler@rhodes.com', 'GB^0Kf@Sqf'),
(203864907313, 'Steven', 'Henry', 'hubbardteresa@yahoo.com', 'ZD98hDnr#a'),
(203909210846, 'Tracey', 'Fletcher', 'darrenharris@newton-mcdonald.biz', 'a0&%4FqhqI'),
(203922965091, 'Shane', 'Miller', 'christinasanchez@pollard.com', '#+E)8HNjNC'),
(203933145490, 'Jessica', 'Norris', 'wrightcaitlin@miller-arroyo.org', 'h6FO*NLj_t'),
(203971856348, 'Jenna', 'Alvarez', 'gailboyd@vang.info', ')W9%EF!mOg'),
(203991354173, 'Thomas', 'Miller', 'twilliams@yahoo.com', 'd!F3uSkOAC'),
(204005231915, 'Amber', 'Tran', 'obrienjacqueline@hotmail.com', 'b%Eg4Os1od'),
(204021233655, 'Eric', 'Kelly', 'mjordan@hotmail.com', '$F19BgpR&S'),
(204072697226, 'Justin', 'Durham', 'jennifer10@hotmail.com', 'y^Ao6G$pF9'),
(204088833419, 'Kelly', 'Sanchez', 'ahurley@hotmail.com', ')@88E1ckuq'),
(204120435548, 'James', 'Warner', 'oguerrero@yahoo.com', '+S0EIWhrpz'),
(204124635196, 'Logan', 'Collier', 'perryjoshua@hotmail.com', 'vcl0K4v$)$'),
(204133291017, 'Steve', 'Clark', 'tina35@spencer-solis.com', 'w%5M8*4GFq'),
(204157934123, 'Kristi', 'Wilson', 'nrobles@yahoo.com', 'R0CinwNq(3'),
(204213943232, 'Christy', 'Daniels', 'smithanthony@graham.com', '3oGE*K8s@9'),
(204234236218, 'Joseph', 'Brown', 'levinechristopher@yahoo.com', 'Ch1GSRz0y@'),
(204240215911, 'Carrie', 'Ellison', 'jrussell@yahoo.com', 'PF37Mnb4#3'),
(204242024361, 'Christina', 'Fox', 'murphyheather@walsh.com', 'j$A04Yee5T'),
(204346569358, 'Justin', 'Evans', 'wandaoneill@cobb.biz', '*9Yf^pFzuq'),
(204393710728, 'Hannah', 'Murray', 'jeffrey63@baker.info', '$#PA#eGvg7'),
(204493334210, 'Cheryl', 'Bishop', 'brittanylowe@gmail.com', ')*JOmTfAy7'),
(204555632448, 'Troy', 'Serrano', 'tpratt@bailey.net', '*a4YgVpr0l'),
(204623575580, 'Benjamin', 'Mckee', 'waltersnoah@gmail.com', '!7_7LZWt6r'),
(204649762590, 'Audrey', 'Lowe', 'sarah25@gardner.com', '1caNhYLJ^a'),
(204653481887, 'Lori', 'Tucker', 'mking@yahoo.com', '+StnEKSl0l'),
(204741227335, 'Brandon', 'Wood', 'andreamitchell@campbell.com', 'U1D!KmQE!c'),
(204747065685, 'Andrew', 'Ochoa', 'morgannicole@gmail.com', '^5CpTTg3(u'),
(204754306636, 'Adam', 'Wang', 'earias@yahoo.com', 'VPc(w&5z!0'),
(204807016580, 'Holly', 'Smith', 'woodsnicole@hotmail.com', 'U_2D*@nqlC'),
(204904455377, 'Rebecca', 'Baird', 'orowe@thomas.info', 'a^N3BLjhff'),
(204969158229, 'Robert', 'Wyatt', 'garzajames@martin.info', ')BTh$kilr8'),
(205034635030, 'Lauren', 'Ramos', 'christinelong@yahoo.com', '_$7IY4Lpw('),
(205038779971, 'Tamara', 'Jackson', 'zsutton@washington-montoya.biz', '4&SfuiZE%z'),
(205148736295, 'Brittany', 'Gay', 'scarpenter@chung.com', 'r+P0jMuSRJ'),
(205163395635, 'Chad', 'Thompson', 'qpierce@williams.com', '@MAhWtm2_1'),
(205178421317, 'Stephen', 'Saunders', 'murilloapril@gmail.com', '^8&tW0XRi_'),
(205218848558, 'Matthew', 'Smith', 'fmartinez@hotmail.com', '+Q4jziAv!o'),
(205262642031, 'Brandon', 'Steele', 'mturner@hayes-warren.com', 'D2Qaz!Zf$n'),
(205279807022, 'Darrell', 'Stevens', 'craig41@yahoo.com', '(wB5QN$O06'),
(205310458534, 'Michael', 'Rasmussen', 'ythomas@yahoo.com', '%2wdEaLEYg'),
(205361096276, 'Sarah', 'Miller', 'uturner@gmail.com', 'pgKknBmW(6'),
(205377961406, 'Linda', 'Johnson', 'luke51@hotmail.com', '#I_5arPv%E'),
(205432004552, 'Tara', 'Briggs', 'paulawilliams@henderson-sutton.com', 'rC59ugNj@6'),
(205498684981, 'Katherine', 'Leach', 'smithlisa@gmail.com', '^OQFifMV2p'),
(205547776051, 'Nancy', 'Richmond', 'parkerelizabeth@martinez.net', '(V%WK2kfu6'),
(205553488816, 'Deanna', 'Cohen', 'collinmartin@moore-smith.com', 'aa8BJd%GI*'),
(205555920632, 'Adam', 'Torres', 'justin01@mclaughlin.net', '))+w6j+v3T'),
(205578415085, 'Claudia', 'Roberts', 'michaelharrison@yahoo.com', '*99Jw!zFD5'),
(205580429572, 'Victoria', 'Goodman', 'zspencer@hotmail.com', 'iW2cM7Eo)y'),
(205638709824, 'Jacqueline', 'Romero', 'hhoward@yahoo.com', 'Uc5Rdx3Dk)'),
(205769648915, 'Curtis', 'Roman', 'tamaraprice@yahoo.com', 'U@3E62t#mV'),
(205799473071, 'Vanessa', 'Sanders', 'vgarcia@merritt.com', 'Q2J+BtwE%#'),
(205812979083, 'Laura', 'Morales', 'bradley38@gmail.com', '%YXXR@j&2!'),
(205842129156, 'Austin', 'Bautista', 'davidhernandez@vargas-robinson.biz', 'G(0(hOrspX'),
(205851855296, 'Michael', 'Clark', 'rachael23@gmail.com', 'i@e0B*nUb^'),
(205884194787, 'Katherine', 'Snow', 'jennifercollins@malone-jackson.com', 'PG@1as7ne+'),
(205898529670, 'Caitlin', 'Garcia', 'bramirez@moore-huff.net', '2PBqYaId_C'),
(205899437694, 'Jessica', 'Briggs', 'david28@bonilla.com', 'FK7M5KPa(+'),
(206089464012, 'Alyssa', 'Conley', 'erika82@bennett-roberson.com', 'c%y1PTYs!C'),
(206094933086, 'Kimberly', 'King', 'jonathan95@green.info', '#2RN7prOxU'),
(206099088126, 'Kevin', 'Gaines', 'omaldonado@hernandez-riley.com', '+Z&nb$Cxt6'),
(206131920546, 'Kirsten', 'Ramsey', 'ufoster@gmail.com', 'M_A1E8kow@'),
(206138660474, 'Ryan', 'Walsh', 'garysantana@hotmail.com', '0_$#6xAw$A'),
(206172757982, 'Phyllis', 'Sanchez', 'steven72@yahoo.com', '#K34MdIyHe'),
(206250014570, 'Nancy', 'Johnston', 'harmondavid@yahoo.com', 'g$37MtPEH*'),
(206294935452, 'Kathryn', 'Brooks', 'ohancock@west.org', '_3F4E^dAei'),
(206379311895, 'Cassandra', 'Stewart', 'james51@morris-robinson.com', '(8zrQACSfh'),
(206401037492, 'Ronald', 'Giles', 'sandersdoris@yahoo.com', '7DiZowYA)%'),
(206403275362, 'Stephen', 'Chang', 'phillip05@mckee-warren.com', '(G0UcNGd^4'),
(206435793917, 'Steven', 'Ewing', 'catherinelong@gmail.com', '+22Ed7Jo6k'),
(206439299720, 'Michael', 'Little', 'daniellegarcia@hotmail.com', '3vcTUaYn!a'),
(206446770932, 'Rachel', 'Russell', 'jared66@miller-holland.com', '5k$OKCph)c'),
(206465872203, 'Victoria', 'Santiago', 'joshua45@sutton.com', 'h40TG&tM!g'),
(206558761564, 'Breanna', 'Monroe', 'nkelly@rivera.com', 'WFFR6YmyD('),
(206602622664, 'Robert', 'Flores', 'millerandrea@miller.com', '&V7FLtkZ*x'),
(206637790200, 'Jose', 'Campbell', 'melissa53@yahoo.com', '3r0fVdvIx%'),
(206649916479, 'Brenda', 'Cole', 'lindafitzgerald@webster.info', 'N6WWMKRm+&'),
(206662701863, 'Madeline', 'Robinson', 'joel60@yahoo.com', '$rq2EJyiJ1'),
(206688197687, 'Brooke', 'Green', 'juan16@gmail.com', ')592Dxl3W*'),
(206871709356, 'Kyle', 'Reed', 'alexislewis@gmail.com', '95sKrH+r%R'),
(206897027897, 'David', 'Sutton', 'parksrenee@wilson.com', '1MB0uS4t(P'),
(206914280689, 'Michael', 'Andrews', 'murrayjustin@garcia.info', '+Oy2NUf8J)'),
(206953623280, 'Matthew', 'Sanders', 'marc64@hotmail.com', 'm$5MU8juYU'),
(206960038617, 'Douglas', 'Newton', 'jonathanwaters@bradley-hernandez.com', 'w5%%$ZLy*o'),
(206982530350, 'Karen', 'Hudson', 'walkeralexis@ellis.com', '7ER5TNDiA@'),
(207022436010, 'Jessica', 'Bowman', 'alexisnichols@hotmail.com', '^+dTxjU+I0'),
(207049479879, 'Dustin', 'Martin', 'coxmichael@gmail.com', 'Sz28Vkg#@F'),
(207052421813, 'Kelsey', 'Cox', 'justin84@hamilton.com', 'Z*3)NgitSE'),
(207058071760, 'Randy', 'Barr', 'lisa58@graham.com', '0BoVVOw2!g'),
(207070919805, 'Erika', 'Morgan', 'daniel20@hotmail.com', 'X+y41TZmjD'),
(207073772233, 'Debra', 'Manning', 'mariah68@hotmail.com', '9)7XmEHkJb'),
(207077151857, 'Katherine', 'Kane', 'vsnyder@hotmail.com', 'I)h3MZQzC#'),
(207080588093, 'Daniel', 'Cervantes', 'kevinthomas@cox-smith.biz', '9HW%DVen__'),
(207094412473, 'Karen', 'Mckinney', 'mcdanielryan@yahoo.com', 'DbFodQXq$1'),
(207097044167, 'Steven', 'Johnson', 'arodriguez@levine.com', ')Bob0qZb7$'),
(207270838547, 'Christopher', 'Howard', 'daniel25@yahoo.com', '+pFr*8JF4!'),
(207304198441, 'Sara', 'Swanson', 'ccarney@hotmail.com', '%8l6BYl560'),
(207351527834, 'Rachel', 'Knox', 'kevinblackwell@snyder.org', 'g)7I5rIY(j'),
(207357383565, 'Mark', 'Rogers', 'fhernandez@gmail.com', 'bZ+2)Fot+D'),
(207358696134, 'Linda', 'Camacho', 'diane69@hotmail.com', '#Vy@XDk5%6'),
(207409231214, 'Victoria', 'Pena', 'bridgesross@hotmail.com', 'UR6OM1dr!x'),
(207413080663, 'Ashley', 'Patel', 'michaelkelley@meyer.com', '6$9jDweliO'),
(207456624073, 'Rebecca', 'Hill', 'fbooth@gmail.com', 'g+B2RFdND3'),
(207498826481, 'Joshua', 'Mcmillan', 'williammurphy@gmail.com', 'N(LmX6LzNT'),
(207508617736, 'Jason', 'Mccarthy', 'patrickwright@hotmail.com', 'KkYG84ts)6'),
(207556925043, 'Stephanie', 'Dominguez', 'shirley49@yahoo.com', 'J_2+WFQKUk'),
(207586214625, 'Kerry', 'Phillips', 'romerojared@hotmail.com', 't9H)Nfj(+L'),
(207628620005, 'Donald', 'Brown', 'april13@miller.com', '^c4EHH!dlV'),
(207674815964, 'Matthew', 'Harris', 'moralestammy@ellison.org', '_Z32Q(xy!('),
(207777292747, 'Stacey', 'Smith', 'hramos@williams.com', '(6IlR5wfFF'),
(207797971494, 'Gary', 'Ray', 'thomas02@garner-klein.biz', '&2Nrb_fX%q'),
(207972759686, 'Jeremy', 'Diaz', 'benjaminhodge@morgan-hernandez.com', 'x1O8dVeo^4'),
(208035711688, 'Julie', 'White', 'garciakaren@rodriguez-dixon.com', '+PBhj1H1e7'),
(208062005088, 'Elizabeth', 'Barnes', 'davidodonnell@gmail.com', 'I#Ds4mBy%R'),
(208088852417, 'Steven', 'Thomas', 'reginaldunderwood@perry.com', '@33BySjaqw'),
(208103280198, 'Patricia', 'Arnold', 'karenbrown@yahoo.com', 'ToN0Vj6E)%'),
(208151712001, 'Jeffrey', 'Johnson', 'michaelhodge@peters.com', 'g!q9P!tPET'),
(208162338265, 'Lynn', 'Ibarra', 'spencerholly@willis-todd.biz', '%_+oDqO_t2'),
(208180725814, 'Austin', 'Johnson', 'alexsmith@anderson.com', '#Y%zJ&lV4+'),
(208211772065, 'Krista', 'Smith', 'david06@yahoo.com', '3*VoS1#2!g'),
(208214603253, 'Christopher', 'Turner', 'montgomerywilliam@gmail.com', '!cF9JbCin$'),
(208248910618, 'Thomas', 'Marshall', 'twilliams@gmail.com', '7pZLPZer$G'),
(208256577133, 'Christopher', 'Saunders', 'douglaschris@martinez.com', 'dy0H@KAlG+'),
(208312411850, 'Martin', 'Lamb', 'uturner@hotmail.com', '_2KtcsxXb2'),
(208324735465, 'Taylor', 'Lopez', 'karahoward@maxwell-berger.biz', 'ef3k)GZu^0'),
(208334123605, 'Timothy', 'Williams', 'jacob68@pratt.org', '&_(QJW1d0R'),
(208355565947, 'James', 'Glover', 'joe36@frey.com', 'h7#va6NiN!'),
(208362564078, 'Michael', 'Smith', 'thompsonnicholas@yahoo.com', '(l2PARPa6%'),
(208363126238, 'James', 'Wilson', 'jeanthomas@campbell.com', 'UwuW2E5d(M'),
(208375454666, 'Heather', 'Davis', 'msnow@gmail.com', 'kRsDEjy@&6'),
(208433386843, 'Timothy', 'Snyder', 'tiffanymorgan@parker.com', 'un6F4Msek('),
(208482109361, 'Tony', 'Harris', 'fbrown@oneal.com', ')j8&BwpgAF'),
(208496920354, 'Alice', 'Fox', 'gblake@hotmail.com', 'jMO8uxv@@1'),
(208538857438, 'Stacy', 'Jones', 'kimberly27@huang-rollins.com', '%*60Xx!6r)'),
(208569022387, 'Steven', 'Shields', 'caitlin75@gmail.com', 'n+2C45DzKq'),
(208572413363, 'Robert', 'Esparza', 'dustinprice@hotmail.com', '_4X0emkMh3'),
(208606129785, 'Ryan', 'Carter', 'njacobs@hotmail.com', 'l&K2TfRr1o'),
(208646482862, 'Bonnie', 'Santos', 'elizabethmclaughlin@stephens.biz', '^lCMaiPbT4'),
(208707992296, 'Helen', 'House', 'xadams@gmail.com', 'uh3oJVX1O!'),
(208719944609, 'Richard', 'Weber', 'shelly61@yahoo.com', ')rg8Fn1Q58'),
(208737607939, 'Joshua', 'Russell', 'daniel79@gmail.com', 'XL2u^teiB&'),
(208754962855, 'Julia', 'Mendoza', 'matthewbrooks@armstrong-graham.org', 'vjlRc9Dd%)'),
(208763315391, 'Elizabeth', 'Saunders', 'hayley17@whitaker.biz', '*2QG4h1fpT'),
(208943548002, 'Joel', 'Crawford', 'jennifer03@yahoo.com', 'MA8fXItP3*'),
(208951249245, 'Monica', 'Morris', 'meltonrichard@lynn-smith.com', '0HIHHBue(%'),
(208976011285, 'Andre', 'Acosta', 'ybrooks@archer-singh.com', ')2^M8nXn^+'),
(209016590369, 'Kristine', 'Sherman', 'richard69@pruitt-jones.biz', ')gVrXs8j+4'),
(209051278036, 'Danielle', 'Ellis', 'opeters@hotmail.com', 'bXe16^fcd@'),
(209104394196, 'David', 'Li', 'davidgill@yahoo.com', '!(1jWi9w)z'),
(209176277543, 'Amanda', 'Robinson', 'tschmidt@gmail.com', 'P&1&loCwPQ'),
(209242672179, 'Michael', 'Ware', 'duncanrobert@hotmail.com', '4nRjBvwx%5'),
(209280654334, 'Steve', 'Thompson', 'jeffreywebster@sanchez-weber.net', 'uuP0%5Zo@T'),
(209285398527, 'Jessica', 'Montes', 'anthonyperez@soto-garcia.com', '!3qWT&Ox+Q'),
(209300614524, 'Erica', 'Young', 'sheila63@hotmail.com', ')MEqz7U!I7'),
(209318300160, 'Kimberly', 'Mcgrath', 'kmorrison@moore.com', '9)0Fhbgv9&'),
(209447440878, 'Felicia', 'Schroeder', 'yschroeder@hoover.com', 'b#d6MIrEx#'),
(209517531627, 'Ana', 'Morales', 'anthonyconner@daniels.com', 'k6*@O0$m&8'),
(209539242625, 'Julie', 'Peterson', 'corey54@yahoo.com', '*ALAFbNv6_'),
(209574995838, 'Melinda', 'Olson', 'wmartinez@gmail.com', '#TY$Zsd3#8'),
(209625238758, 'Alexandra', 'Davis', 'walkerdiana@hotmail.com', 'U#BDXVqS$3'),
(209644326541, 'Patrick', 'Harris', 'paula74@hurst.info', '(RgA2ugzy7'),
(209669556377, 'Aaron', 'Cunningham', 'gchapman@collins.com', '1!@Sq0Zne+'),
(209680756548, 'Tracy', 'Riley', 'kporter@williams-fernandez.biz', 'f7R&WLSt+1'),
(209725494486, 'Marc', 'Johnson', 'csanders@gmail.com', '#7BsjbDlj('),
(209754168643, 'Christopher', 'Griffith', 'michele07@hotmail.com', '4v1^NX6Y@Z'),
(209842809227, 'Nicole', 'Rodriguez', 'amandamullins@hotmail.com', 'NCP2F1pNs('),
(209875951480, 'David', 'Mcbride', 'joshua05@hotmail.com', 'A0@pEr#)&m'),
(209886360587, 'Amber', 'Zhang', 'joel87@cole.com', 'I$hS1nReNG'),
(209907717927, 'Marc', 'Robertson', 'conniegarcia@diaz-woodard.biz', 'JL^5Qu(r@3'),
(209923303153, 'Monica', 'Hayes', 'williamsmarissa@hernandez.com', 'd%3L#fbk+E'),
(209929851072, 'Corey', 'Hudson', 'guzmandebra@gmail.com', '+QLoH1Odr0'),
(209942931766, 'Margaret', 'Clark', 'smithjason@yahoo.com', 'W)4ZGcuYx%');

-- --------------------------------------------------------

--
-- Table structure for table `DoctorWorksAt`
--

CREATE TABLE IF NOT EXISTS `DoctorWorksAt` (
  `DrID` bigint(20) unsigned DEFAULT NULL,
  `HospitalID` bigint(20) unsigned DEFAULT NULL,
  KEY `DrID` (`DrID`),
  KEY `HospitalID` (`HospitalID`)
) ENGINE=InnoDB DEFAULT CHARSET=latin1;

--
-- Dumping data for table `DoctorWorksAt`
--

INSERT INTO `DoctorWorksAt` (`DrID`, `HospitalID`) VALUES
(208312411850, 409375414677),
(207556925043, 407061741672),
(200921968345, 409246481872),
(203971856348, 400934056041),
(204234236218, 405677041508),
(204346569358, 407999241547),
(207586214625, 408200298291),
(206688197687, 400033342372),
(203971856348, 404204893589),
(205899437694, 401398222683),
(203039869698, 407858617492),
(203710351006, 408555453438),
(204213943232, 401694986324),
(205799473071, 401671746130),
(201000717716, 403237599961),
(208103280198, 402209651363),
(202871807065, 409878089751),
(200048175728, 405300614767),
(200921968345, 405585623568),
(204133291017, 402845826754),
(203710351006, 405010385201),
(208363126238, 408806329505),
(206953623280, 408399847204),
(206558761564, 408773101921),
(204213943232, 403155442561),
(208754962855, 409548134300),
(205638709824, 409548134300),
(200194822294, 402203942702),
(206089464012, 404915594264),
(200862271914, 409548134300),
(203632022918, 406913966956),
(203249286917, 402203942702),
(202137338317, 402059808821),
(200540261232, 405642486118),
(204623575580, 405533920420),
(203597621743, 409657553501),
(206982530350, 401077482040),
(206294935452, 403007517119),
(203216830492, 404706831249),
(209318300160, 404915594264),
(203632022918, 405030231542),
(203423517947, 408362467122),
(203216830492, 409716554326),
(202302532789, 408773101921),
(200871150286, 404872244445),
(201971797091, 405926303672),
(207674815964, 407165864584),
(203590751100, 407798867626),
(204653481887, 400762539540),
(208719944609, 400487887416),
(206172757982, 400244386729),
(204240215911, 402927610370),
(203423517947, 402059808821),
(203257587710, 401694986324),
(208211772065, 407798867626),
(203597621743, 403834720402),
(204649762590, 404561731558),
(209318300160, 401113102599),
(200871150286, 408795895075),
(200030102035, 403595777029),
(206602622664, 405300614767),
(204005231915, 405645275921),
(203126374102, 409909802148),
(200113738460, 405458299262),
(200062391053, 409878089751),
(202320497482, 408446752772),
(207070919805, 402845826754),
(203632022918, 404474441795),
(206435793917, 401077482040),
(207456624073, 401868441982),
(206099088126, 402763387873),
(203078348877, 409250438367),
(208572413363, 406325542765),
(204021233655, 403189578816),
(203864907313, 408416558503),
(207456624073, 403275203274),
(203186063378, 400472222375),
(205799473071, 407164593394),
(202362133015, 408371308522),
(205432004552, 400459847519),
(201839679284, 407385135670),
(207456624073, 409158900552),
(201608073203, 407858617492),
(205279807022, 401171230226),
(200236267692, 401868441982),
(207456624073, 406177680961),
(206403275362, 401192056724),
(208606129785, 402845344709),
(203126374102, 400487887416),
(206914280689, 406924339815),
(201979072762, 404177882470),
(209285398527, 407463286125),
(209280654334, 407957947935),
(207052421813, 400816745190),
(204240215911, 400762539540),
(206094933086, 409427906808),
(205884194787, 402203942702),
(200858290302, 405044911719),
(208035711688, 409250438367),
(202150254902, 401077482040),
(203439075800, 407165864584),
(207058071760, 406177680961),
(202595571199, 404752563273),
(202535834117, 409375414677),
(203864907313, 402167687522),
(203590751100, 408942884512),
(200030102035, 403275203274),
(200690551334, 402096575909),
(206403275362, 404270706159),
(200672082535, 408942884512),
(207797971494, 407858617492),
(202362133015, 407386605728),
(209574995838, 401694986324),
(203039869698, 404376265661),
(206914280689, 406173930851),
(209280654334, 400459847519),
(205547776051, 407999241547),
(209842809227, 403246036133),
(208211772065, 408481223837),
(205884194787, 402720019392),
(208538857438, 401929001507),
(205799473071, 404270706159),
(205034635030, 407262356512),
(200862271914, 406564245672),
(203249286917, 408530980703),
(201560465212, 404507091226),
(209242672179, 401146199211),
(203371938031, 407067830977),
(208538857438, 400934056041),
(208763315391, 403439672638),
(203078348877, 401898353964),
(202302532789, 404704197408),
(204969158229, 401588620025),
(209625238758, 400526673667),
(202513359943, 400816745190),
(200984813246, 409604004370),
(209680756548, 401034662428),
(201386769168, 406314305489),
(209875951480, 401340006758),
(207070919805, 406953637572),
(208324735465, 401898353964),
(203078348877, 409553938465),
(209907717927, 400459847519),
(207058071760, 407943702320),
(201705862865, 404752563273),
(208312411850, 409878089751),
(201002216143, 401340594304),
(201002216143, 404561731558),
(207304198441, 404184560786),
(206688197687, 402461668369),
(206602622664, 402800062701),
(203215473976, 407165864584),
(206446770932, 404625061471),
(200816665686, 406304312011),
(202535834117, 408399847204),
(209242672179, 400194787355),
(205148736295, 407112283147),
(203371938031, 408362467122),
(202304345600, 407165864584),
(200461594303, 402294011516),
(205842129156, 402294011516),
(206250014570, 405533920420),
(206172757982, 408112675747),
(206558761564, 407173022318),
(208569022387, 401340006758),
(205884194787, 401394248572),
(208538857438, 401695709854),
(209669556377, 408812397363),
(204649762590, 400816745190),
(202905468093, 407262356512),
(202304345600, 404872244445),
(204346569358, 408795895075),
(209725494486, 402927610370),
(203754846609, 401101778967),
(201089608695, 400903600016),
(205884194787, 404098370372),
(204747065685, 401371198452),
(202429281491, 407165864584),
(201952868268, 401130052338),
(203216830492, 405533920420),
(203590751100, 405783199220),
(203186063378, 400816745190),
(200439592169, 404184560786),
(203439075800, 409967794367),
(209669556377, 408446752772),
(201584185657, 403582346934),
(203632022918, 409285130466),
(209929851072, 407164593394),
(209942931766, 402406844838),
(207304198441, 406679308448),
(206435793917, 408812397363),
(204747065685, 407112283147),
(203439075800, 409867987453),
(209447440878, 408452327517),
(204493334210, 406304312011),
(207456624073, 403687908517),
(205547776051, 402041095592),
(203515553198, 403356882981),
(208569022387, 409909802148),
(202326979659, 400903600016),
(205547776051, 403670970739),
(203840283174, 407256379921),
(203621808435, 401340006758),
(202656673134, 401476392078),
(203312855213, 400087395231),
(209907717927, 407705427592),
(208312411850, 406100581876),
(201310808193, 403007517119),
(206138660474, 402720019392),
(202513359943, 407943702320),
(203726167832, 401130052338),
(200672007709, 405585623568),
(202273410559, 404460985443),
(201436911543, 405153488314),
(209280654334, 401340006758),
(209680756548, 401898353964),
(203515553198, 406325542765),
(200062391053, 408362467122),
(205799473071, 405309405116),
(205498684981, 408849721803),
(205262642031, 409107562452),
(208035711688, 406031867850),
(201952868268, 405677041508),
(205851855296, 404281071518),
(204157934123, 405300614767),
(209104394196, 408795895075),
(206602622664, 401601683397),
(203371938031, 403582346934),
(205178421317, 409427906808),
(202527547215, 402134886686),
(206401037492, 401671439269),
(204240215911, 402167687522),
(207049479879, 409285130466),
(206558761564, 404752563273),
(202907868568, 400757998517),
(204493334210, 408416558503),
(203991354173, 407384191652),
(205178421317, 401302834779),
(203971856348, 403275203274),
(201310808193, 405044911719),
(200799491337, 401588620025),
(208763315391, 408773101921),
(208606129785, 400766556920),
(207270838547, 408362467122),
(201971797091, 401834257923),
(202108648821, 401113102599),
(206662701863, 400380767076),
(203186063378, 407385135670),
(201000717716, 400766556920),
(205842129156, 407775997132),
(209280654334, 402845826754),
(204124635196, 406421517693),
(201167967720, 401192056724),
(209754168643, 402800062701),
(208062005088, 408849721803),
(206435793917, 407705427592),
(209842809227, 400528472264),
(203312855213, 400472222375),
(203933145490, 405458299262),
(202190805057, 405894533431),
(201439726142, 408446752772),
(201439726142, 407215032412),
(200540261232, 402845344709),
(200816665686, 407164593394),
(209929851072, 403155442561),
(201737569467, 406232259216),
(202914954845, 407858617492),
(201608073203, 404971600945),
(208737607939, 402203942702),
(209625238758, 401192056724),
(203754846609, 409251059926),
(205769648915, 404640419705),
(208035711688, 401371198452),
(200312096689, 404640419705),
(209625238758, 404704197408),
(203257587710, 405390175254),
(204747065685, 401770086775),
(200540261232, 407165864584),
(201310808193, 407102332886),
(204120435548, 403670970739),
(204240215911, 409091594273),
(209574995838, 404376265661),
(208162338265, 407164593394),
(207797971494, 408734340059),
(206960038617, 405894533431),
(204124635196, 404704197408),
(200799491337, 409657553501),
(206897027897, 407705427592),
(209176277543, 406908192467),
(208256577133, 400472222375);

-- --------------------------------------------------------

--
-- Table structure for table `HospitalBills`
--

CREATE TABLE IF NOT EXISTS `HospitalBills` (
  `HospitalBillID` bigint(20) unsigned NOT NULL AUTO_INCREMENT,
  `PatientID` bigint(20) unsigned DEFAULT NULL,
  `HospitalID` bigint(20) unsigned DEFAULT NULL,
  `Date` date NOT NULL,
  `TotalCost` int(11) NOT NULL,
  `AmtPatientPaid` int(11) NOT NULL,
  `AmtInsurancePaid` int(11) NOT NULL,
  PRIMARY KEY (`HospitalBillID`),
  KEY `PatientID` (`PatientID`),
  KEY `HospitalID` (`HospitalID`)
) ENGINE=InnoDB  DEFAULT CHARSET=latin1 AUTO_INCREMENT=909957782016 ;

--
-- Dumping data for table `HospitalBills`
--

INSERT INTO `HospitalBills` (`HospitalBillID`, `PatientID`, `HospitalID`, `Date`, `TotalCost`, `AmtPatientPaid`, `AmtInsurancePaid`) VALUES
(900063266001, 102371197185, 403356882981, '1985-04-30', 36076, 24754, 11322),
(900096700661, 103589699105, 406800854597, '1975-06-30', 9978, 1058, 8920),
(900111414723, 108666824040, 406698591102, '2020-06-14', 15972, 1029, 14943),
(900123311521, 103665564845, 404270706159, '1972-11-15', 4852, 1361, 3491),
(900156752284, 104959565780, 406436645173, '1970-11-25', 27535, 14721, 12814),
(900157723696, 100955709897, 405783199220, '1982-01-22', 16265, 3275, 12990),
(900171864978, 101997950268, 402406844838, '1995-02-16', 48081, 4609, 43472),
(900197213627, 107558298576, 400766556920, '1982-02-09', 30302, 4369, 25933),
(900205208258, 105856785688, 408050300879, '1974-11-04', 30406, 16821, 13585),
(900249179976, 100274093029, 403582346934, '2013-07-25', 18171, 534, 17637),
(900323499654, 106894501832, 400380767076, '1987-11-12', 6468, 999, 5469),
(900356828170, 105572822093, 403439672638, '1987-05-18', 24217, 3960, 20257),
(900358286797, 106684643113, 408399847204, '1973-04-11', 43797, 26398, 17399),
(900402457893, 107468446020, 400526673667, '1971-03-28', 43783, 1720, 42063),
(900560933132, 106939485323, 401588620025, '2002-02-26', 32912, 8321, 24591),
(900595946725, 109260953334, 402742046702, '1991-07-05', 17747, 2470, 15277),
(900621077853, 100529134923, 408452327517, '2014-03-11', 22542, 7017, 15525),
(900625241344, 108301158048, 409997770046, '2018-02-26', 48800, 20338, 28462),
(900627251098, 102264929235, 403670970739, '1974-08-19', 12715, 3722, 8993),
(900635150755, 104759677856, 402860688038, '1984-05-04', 45458, 19007, 26451),
(900689921440, 105923213608, 409909802148, '1977-05-09', 42821, 8695, 34126),
(900721704069, 108289481209, 402041095592, '2009-09-05', 41042, 180, 40862),
(900730262209, 105604252564, 406314305489, '1985-12-06', 32304, 14666, 17638),
(900747481901, 108789327402, 408481223837, '2018-07-21', 19226, 2971, 16255),
(900779904200, 103707107539, 400165973072, '2003-06-29', 35811, 2485, 33326),
(900791996689, 103269866486, 405123239460, '1989-02-15', 8481, 2819, 5662),
(900806411297, 106663925979, 401671439269, '1977-11-03', 17398, 1686, 15712),
(900829610734, 103582843758, 402993822378, '1973-01-09', 34554, 6808, 27746),
(900874222760, 100207244961, 402845826754, '1976-12-15', 22952, 8453, 14499),
(900893195400, 103626410485, 404308191580, '1984-03-26', 42705, 12219, 30486),
(900981958052, 107952547007, 402845826754, '1994-07-30', 17957, 6687, 11270),
(900999682020, 107295997863, 404376265661, '1978-05-08', 11143, 10009, 1134),
(901028810282, 101287963559, 409251059926, '1973-05-11', 12620, 1672, 10948),
(901119549700, 109869556695, 408913245527, '1970-03-29', 21632, 2693, 18939),
(901125885537, 104759677856, 404640419705, '1982-09-23', 8757, 3604, 5153),
(901149216227, 106156492047, 403155442561, '2007-07-06', 40756, 21024, 19732),
(901166652044, 108221865872, 401237161508, '2016-02-15', 25281, 2516, 22765),
(901405399490, 100097879930, 401171230226, '1991-01-19', 11033, 5613, 5420),
(901473445415, 100916357169, 408050300879, '1980-07-09', 15315, 1178, 14137),
(901524106332, 103849735426, 407389308170, '1973-06-10', 41140, 1591, 39549),
(901524641385, 104193286710, 404872244445, '1970-07-16', 32458, 29521, 2937),
(901595691351, 107930071890, 405794816761, '2011-03-12', 23434, 12917, 10517),
(901667465854, 106305742058, 406314305489, '2001-01-24', 21899, 524, 21375),
(901730061998, 104457259684, 402615448330, '1973-06-06', 42718, 13304, 29414),
(901787308308, 100510351116, 409553938465, '1974-12-15', 14996, 7228, 7768),
(901842933819, 102127449585, 407617599191, '1985-07-11', 41199, 18953, 22246),
(901887868636, 106836203450, 406232259216, '1998-06-22', 26409, 5628, 20781),
(901930651644, 106159178622, 408942884512, '2001-02-07', 40019, 3377, 36642),
(901978673483, 104959565780, 400472222375, '1997-02-22', 15304, 13445, 1859),
(902000556087, 102479513193, 404997563467, '2011-12-31', 45371, 6331, 39040),
(902036908238, 104339275231, 403220251693, '2014-02-24', 32902, 19904, 12998),
(902092444522, 102508006922, 406436645173, '2003-07-28', 17571, 9911, 7660),
(902110024802, 104155456637, 407957947935, '2017-03-19', 26954, 5392, 21562),
(902173529973, 107173339159, 407112283147, '1993-11-02', 28357, 2545, 25812),
(902193413016, 103952304334, 403356882981, '1994-06-05', 3362, 1301, 2061),
(902195926144, 101587103141, 407957947935, '1970-01-09', 22251, 5295, 16956),
(902215456762, 108881423722, 401371198452, '1989-04-15', 40385, 21401, 18984),
(902221769205, 104172516858, 407389308170, '2000-07-05', 13379, 417, 12962),
(902228857479, 109051231164, 409942481326, '2002-11-08', 26278, 3690, 22588),
(902269885013, 104812214621, 409761202071, '2005-06-15', 14803, 4621, 10182),
(902365038623, 108471021719, 407638440528, '1996-04-16', 42767, 6924, 35843),
(902373625060, 103849735426, 405794816761, '2018-06-26', 7647, 374, 7273),
(902380477128, 102804041859, 403259942118, '2012-09-20', 13404, 1920, 11484),
(902397420738, 107877420817, 403595777029, '1986-07-25', 14115, 283, 13832),
(902406778448, 103849735426, 401302834779, '2009-08-20', 37286, 6798, 30488),
(902522514301, 104457259684, 403246036133, '2013-04-30', 45205, 11199, 34006),
(902540007373, 107173339159, 407385135670, '1988-02-25', 6734, 1300, 5434),
(902621378654, 109008495921, 401770086775, '1988-11-16', 40782, 11346, 29436),
(902647862178, 101507683214, 406556993772, '2001-08-27', 9759, 2422, 7337),
(902679859991, 100743966614, 400526673667, '2013-04-18', 30163, 2394, 27769),
(902682847897, 103855103969, 402134886686, '1984-09-26', 24407, 11341, 13066),
(902695247611, 104422086935, 406100581876, '1971-11-28', 7527, 965, 6562),
(902783158578, 102133052877, 401694986324, '1993-07-03', 14423, 2383, 12040),
(902796536379, 108630392917, 401868441982, '1990-03-02', 49503, 20338, 29165),
(902815947932, 109297650097, 401695709854, '1976-06-24', 47604, 2806, 44798),
(902847878177, 108789327402, 409820959384, '1976-04-29', 23964, 7136, 16828),
(902851116200, 107468446020, 400934056041, '1994-09-09', 39862, 21783, 18079),
(902899119508, 104155456637, 401868441982, '2016-05-01', 19401, 8983, 10418),
(902909364147, 108301158048, 408812397363, '2016-01-31', 47321, 7401, 39920),
(902942170324, 101137740307, 401130052338, '1992-06-12', 46070, 21695, 24375),
(902942648307, 106650026430, 402993822378, '2006-07-17', 20357, 7541, 12816),
(903083684489, 101587103141, 401171230226, '2019-03-09', 42225, 25513, 16712),
(903084088019, 108471021719, 408399847204, '2014-12-19', 38981, 2137, 36844),
(903086776470, 107877420817, 405010385201, '2001-12-05', 29945, 953, 28992),
(903093723150, 100272295479, 405677041508, '1986-06-07', 29697, 5402, 24295),
(903099211340, 106144124859, 405309405116, '1972-12-21', 15506, 2446, 13060),
(903118608444, 107303246643, 403162817724, '1970-01-13', 29717, 16415, 13302),
(903153639701, 100101938815, 402404207019, '1977-05-30', 30553, 10035, 20518),
(903188820521, 109134086528, 401868441982, '2013-04-17', 23426, 10713, 12713),
(903198404614, 100799576981, 407164593394, '2014-07-02', 30168, 6673, 23495),
(903240611634, 107066795835, 400934056041, '1994-06-15', 4867, 1050, 3817),
(903253076360, 108881423722, 403851590332, '2003-03-03', 4384, 414, 3970),
(903291582459, 109752397048, 401775208671, '1992-07-15', 21452, 9179, 12273),
(903397075212, 108301158048, 405677041508, '1973-03-09', 26475, 12916, 13559),
(903400698677, 107459768171, 405435393058, '1983-04-17', 15311, 2961, 12350),
(903411296990, 107877420817, 404027241362, '2015-05-01', 19278, 5014, 14264),
(903439723602, 109553576664, 400766556920, '2010-09-14', 34060, 3564, 30496),
(903482324320, 107353169427, 400766556920, '1981-09-01', 7411, 728, 6683),
(903506994312, 109736647384, 402406844838, '1999-12-13', 36073, 17611, 18462),
(903594454103, 105555644583, 401671746130, '2004-11-12', 14426, 4206, 10220),
(903673615770, 107017896074, 405628598623, '1987-11-13', 47503, 27234, 20269),
(903695337943, 101343589362, 408806329505, '1985-06-25', 45800, 8209, 37591),
(903786754952, 106684643113, 401192056724, '2003-06-18', 4822, 2859, 1963),
(903786756528, 100529134923, 405806555997, '2017-11-19', 18596, 2394, 16202),
(903823352482, 109540315560, 407256379921, '1991-06-15', 26931, 709, 26222),
(903825348989, 108471021719, 407112283147, '1995-03-12', 10862, 965, 9897),
(903828749484, 106798537399, 402860688038, '2005-04-09', 27013, 15480, 11533),
(903871068534, 104108060080, 407165864584, '2003-12-05', 20241, 1170, 19071),
(903948432265, 106854556258, 402524288027, '2001-01-23', 24022, 2861, 21161),
(903956329229, 104358122510, 401113102599, '1972-07-29', 34435, 4975, 29460),
(904027836574, 103037373055, 407164593394, '1981-03-06', 29316, 8087, 21229),
(904067948969, 102311984509, 403582346934, '2018-12-17', 40650, 3742, 36908),
(904080994326, 105604001233, 402059808821, '1978-09-16', 1287, 367, 920),
(904082053491, 108898078240, 409250438367, '1999-02-02', 17614, 1638, 15976),
(904083907785, 107295997863, 408734340059, '1978-11-12', 34323, 8919, 25404),
(904144478814, 100529134923, 402130586184, '2019-11-02', 16101, 6479, 9622),
(904151342343, 104083000295, 401101778967, '1999-08-03', 41399, 10486, 30913),
(904163588809, 100274093029, 407215032412, '1981-07-08', 7872, 1392, 6480),
(904169732402, 108174061421, 403922911168, '1997-02-23', 3567, 2353, 1214),
(904176567962, 104265192996, 405585623568, '1982-05-07', 43990, 5400, 38590),
(904204377508, 107353169427, 401588620025, '1975-03-17', 12361, 4746, 7615),
(904217688377, 108898078240, 407775997132, '1984-10-15', 40091, 5382, 34709),
(904227187842, 104651239761, 408050300879, '2010-09-10', 13827, 1584, 12243),
(904286078462, 107913529932, 402043046682, '2014-08-29', 23148, 4657, 18491),
(904313298820, 106127691551, 402041095592, '2001-10-17', 19969, 1185, 18784),
(904375013437, 104436578307, 402134886686, '1976-06-23', 34971, 8039, 26932),
(904458690645, 101343589362, 400766556920, '2018-12-31', 13006, 852, 12154),
(904482561471, 102688870608, 403851590332, '1977-08-28', 27405, 6128, 21277),
(904566941111, 107333607444, 403595777029, '2004-11-20', 1020, 341, 679),
(904576030590, 100117405615, 403155442561, '1975-09-27', 43021, 13774, 29247),
(904642899555, 100261759926, 408812397363, '2011-03-20', 7824, 3353, 4471),
(904678948096, 103665564845, 406908192467, '1972-01-26', 48965, 18041, 30924),
(904721502281, 108876202067, 402800062701, '2000-07-15', 40935, 23226, 17709),
(904786242674, 108890352675, 402467979932, '2006-07-31', 6953, 4238, 2715),
(904815783344, 100519028090, 406908192467, '1997-02-15', 45972, 4780, 41192),
(904856146428, 107558298576, 407747611474, '2003-08-22', 11342, 2781, 8561),
(904919050235, 101343589362, 402720019392, '2019-06-26', 33447, 6901, 26546),
(904923361224, 104651239761, 407617599191, '2018-11-15', 31523, 5957, 25566),
(905003748592, 106127691551, 407161694274, '2013-10-20', 43824, 18605, 25219),
(905027928170, 104155456637, 400336442329, '1999-07-25', 16357, 9845, 6512),
(905042818845, 107620269686, 409250438367, '2016-06-03', 43677, 20551, 23126),
(905119934287, 105555644583, 402461668369, '1995-05-23', 13952, 11477, 2475),
(905155696902, 102151660742, 407112283147, '1991-05-29', 35797, 176, 35621),
(905191965472, 103206584471, 402615448330, '1995-09-03', 33080, 5943, 27137),
(905192601511, 107350930573, 401077482040, '2006-09-17', 46690, 15543, 31147),
(905261743988, 103827196170, 408362467122, '1975-03-09', 15088, 3415, 11673),
(905291706648, 101959076233, 407215032412, '2013-01-10', 15771, 907, 14864),
(905295183291, 100653102335, 400087395231, '1979-04-11', 17612, 9686, 7926),
(905326272917, 107212864077, 402130586184, '2010-04-07', 40172, 11319, 28853),
(905354984370, 106134927760, 407173022318, '1980-11-24', 32815, 10492, 22323),
(905361274213, 105555644583, 408849721803, '1999-03-16', 16549, 3857, 12692),
(905377205081, 107071669062, 401394248572, '2004-06-10', 4847, 996, 3851),
(905472773067, 104959565780, 406698591102, '2014-10-26', 19817, 3009, 16808),
(905495975390, 109326295179, 401770086775, '1970-11-21', 43999, 10057, 33942),
(905502306528, 106680346148, 402130586184, '1997-12-18', 1277, 98, 1179),
(905535053252, 100653102335, 400194787355, '1983-12-30', 46806, 7794, 39012),
(905599503230, 100769989517, 401398222683, '1993-03-14', 31578, 2954, 28624),
(905660807342, 100261759926, 406473273967, '1988-04-09', 15487, 14358, 1129),
(905672190542, 109840501282, 400370207379, '2019-02-21', 24124, 5609, 18515),
(905682904681, 102371197185, 407705427592, '2018-06-03', 48904, 7619, 41285),
(905716400629, 104761507565, 409997770046, '2011-07-04', 45460, 16386, 29074),
(905764046913, 104938501332, 406159886865, '2008-05-11', 10957, 1986, 8971),
(905766663847, 106134927760, 407389308170, '1993-08-19', 15329, 2213, 13116),
(905863363881, 105771421067, 400934056041, '1985-11-12', 13594, 3237, 10357),
(905867707133, 100256866211, 406159886865, '2019-12-21', 5329, 2168, 3161),
(905934386655, 107620269686, 407256379921, '1991-12-26', 7271, 1802, 5469),
(905936670989, 103975886723, 406564245672, '1971-04-11', 25409, 15428, 9981),
(906050932851, 100448782390, 405585295623, '2006-04-06', 25016, 20534, 4482),
(906174887966, 101259124260, 406031867850, '1988-02-15', 38113, 18543, 19570),
(906191379390, 101669740055, 405458299262, '1980-12-26', 10846, 8160, 2686),
(906191807670, 104265192996, 404872244445, '1977-04-09', 35518, 812, 34706),
(906193954440, 109167411063, 401154213424, '1998-12-18', 40444, 27016, 13428),
(906208425918, 102127449585, 407016534776, '2017-11-09', 42207, 16033, 26174),
(906267317556, 109876828272, 401868441982, '2018-04-10', 9447, 2333, 7114),
(906272161697, 100256866211, 405645275921, '1981-06-08', 25044, 1946, 23098),
(906287304869, 105413164653, 406436645173, '2013-08-19', 40539, 16317, 24222),
(906289593896, 100352322666, 402298593798, '2001-02-09', 10436, 2896, 7540),
(906291408852, 101137740307, 409402641903, '1984-04-30', 41925, 29910, 12015),
(906296842938, 109876828272, 401302834779, '2002-08-25', 16563, 2578, 13985),
(906306213249, 107212864077, 401034662428, '2002-01-15', 32116, 9338, 22778),
(906310619438, 106631688033, 401154213424, '2016-07-20', 39575, 326, 39249),
(906312435073, 107952547007, 408112675747, '2003-06-08', 2796, 815, 1981),
(906324276072, 107812554013, 408481223837, '2018-03-22', 18338, 10902, 7436),
(906383779701, 105604001233, 401476392078, '1999-06-29', 24431, 7765, 16666),
(906411464996, 109406829460, 407747611474, '1970-05-28', 31634, 12437, 19197),
(906462276529, 109840501282, 409251059926, '1986-08-08', 46772, 12134, 34638),
(906472998887, 102543817401, 406698591102, '1986-02-17', 38980, 130, 38850),
(906485766295, 101732235138, 409427906808, '1971-08-13', 26756, 5360, 21396),
(906490928823, 103626410485, 401695709854, '1975-07-15', 38824, 17856, 20968),
(906492907329, 105604252564, 401588620025, '2007-10-18', 15758, 7172, 8586),
(906496115405, 103827196170, 401398222683, '1998-02-18', 12751, 59, 12692),
(906521699982, 108666824040, 407463286125, '2005-04-14', 27464, 10716, 16748),
(906522790232, 103241290726, 400264589624, '1973-10-10', 7539, 5251, 2288),
(906533988373, 100743966614, 400528472264, '1975-01-14', 39300, 7767, 31533),
(906559515117, 102371197185, 409107562452, '1970-05-03', 6838, 1121, 5717),
(906656409634, 100272295479, 405232284048, '2019-07-11', 1708, 233, 1475),
(906692365405, 105453394405, 402800062701, '2003-01-19', 28622, 10729, 17893),
(906718170539, 102049947659, 404270706159, '1998-01-10', 24171, 4051, 20120),
(906723277163, 109742837686, 403439672638, '2014-05-17', 20966, 3190, 17776),
(906780019902, 106481206591, 405044911719, '1996-02-03', 24253, 3934, 20319),
(906808968807, 107459768171, 409878089751, '2020-01-22', 6988, 687, 6301),
(906819131307, 108226946653, 409548134300, '1984-10-04', 23173, 575, 22598),
(906889705214, 107353169427, 403012640560, '2012-07-28', 415, 122, 293),
(906902659434, 101021963389, 407638440528, '2019-07-30', 41195, 10429, 30766),
(906935687167, 105676980165, 405585295623, '2001-09-13', 9436, 999, 8437),
(906935715352, 105771421067, 405030231542, '1982-11-21', 38720, 1974, 36746),
(906984734528, 104492784164, 407165864584, '2019-06-25', 40202, 222, 39980),
(907039929641, 102539654186, 400472222375, '1998-09-25', 12057, 2994, 9063),
(907072916352, 101959076233, 403237599961, '1979-05-17', 2503, 14, 2489),
(907088668959, 109953619507, 402404207019, '1980-09-21', 27642, 404, 27238),
(907098840267, 108748539955, 408371308522, '1993-08-22', 37280, 12119, 25161),
(907118510230, 106156492047, 408530980703, '1995-06-10', 45362, 381, 44981),
(907160664540, 109869556695, 407833185539, '2020-12-04', 21126, 2871, 18255),
(907175673446, 107173339159, 407173022318, '2019-03-15', 5621, 870, 4751),
(907224314189, 105779677512, 406304312011, '1998-11-11', 7328, 134, 7194),
(907273634977, 102543817401, 409204697806, '2015-12-30', 38194, 13265, 24929),
(907274277947, 105287814663, 404652443272, '1997-03-30', 43327, 21387, 21940),
(907291202963, 107303246643, 402742046702, '2020-10-19', 64, 9, 55),
(907440794460, 109694007627, 404177882470, '1988-11-14', 32552, 6997, 25555),
(907472665210, 104707755227, 407080209407, '1980-07-03', 39259, 19617, 19642),
(907499057997, 103755321414, 406953637572, '1978-06-19', 26148, 9178, 16970),
(907513065097, 101287963559, 409604004370, '1993-01-24', 39937, 11487, 28450),
(907607347924, 106127691551, 402233607698, '2006-10-29', 9027, 3818, 5209),
(907740632767, 103037373055, 409402641903, '1973-02-12', 43223, 4398, 38825),
(907833530695, 105644818902, 406159886865, '1973-05-25', 26309, 7137, 19172),
(907845338475, 108574716006, 402203942702, '1982-05-11', 19276, 857, 18419),
(907865321675, 100654763025, 401639956724, '1984-05-20', 33835, 1086, 32749),
(907880031625, 104959565780, 408416558503, '2011-07-30', 29155, 6262, 22893),
(907898429102, 102371197185, 403687908517, '2000-12-01', 44849, 829, 44020),
(907919388272, 108271923843, 402993822378, '1979-11-13', 13760, 1574, 12186),
(908003274821, 107178550727, 401695709854, '1971-01-18', 3117, 1134, 1983),
(908016211755, 101688483950, 409375414677, '1980-02-16', 12505, 71, 12434),
(908023170075, 102543817401, 403162817724, '1995-09-05', 216, 33, 183),
(908042956903, 107066795835, 404915594264, '1985-11-10', 9198, 4668, 4530),
(908058879724, 103843825610, 400903600016, '1981-12-08', 28679, 26256, 2423),
(908062369528, 102026757435, 402993822378, '1971-09-05', 48117, 20564, 27553),
(908070404283, 104168521304, 407102332886, '1996-10-08', 17175, 5183, 11992),
(908091385253, 108174061421, 405642486118, '1977-12-23', 23414, 5518, 17896),
(908103202240, 100654763025, 400194787355, '2005-11-22', 39191, 7198, 31993),
(908113544324, 104061576928, 404507091226, '2002-09-29', 12246, 1500, 10746),
(908201034250, 102804041859, 402461668369, '1990-09-06', 21229, 5166, 16063),
(908222697620, 105287814663, 401834257923, '1974-12-03', 49766, 4508, 45258),
(908339120193, 105453394405, 406953637572, '1999-12-11', 32775, 8509, 24266),
(908386062833, 102744583659, 407957947935, '1973-03-16', 10895, 7271, 3624),
(908406377922, 105805171677, 401034662428, '1974-02-02', 37935, 32214, 5721),
(908418764532, 100955709897, 405309405116, '2008-02-14', 31205, 9046, 22159),
(908420319906, 109167411063, 401113102599, '1988-12-17', 29483, 17735, 11748),
(908440254739, 108725308145, 407059225714, '1974-04-17', 44149, 10548, 33601),
(908491523317, 108881423722, 402298593798, '2017-01-28', 45472, 2677, 42795),
(908570214897, 107033318353, 407943702320, '1987-07-08', 7794, 2517, 5277),
(908590213469, 105317022653, 409250438367, '1996-09-03', 16341, 7618, 8723),
(908599435809, 103975886723, 406159886865, '2001-06-21', 8705, 1920, 6785),
(908600110381, 109167411063, 405533920420, '1993-08-07', 38521, 18058, 20463),
(908658808558, 107295997863, 404640419705, '2013-10-30', 40728, 14990, 25738),
(908674889125, 103184938921, 409604004370, '1997-05-01', 23616, 6433, 17183),
(908683680695, 106564719540, 406679308448, '2006-01-24', 41664, 732, 40932),
(908698471678, 106770347939, 402927610370, '2019-10-17', 48615, 12875, 35740),
(908705752551, 107558298576, 409285130466, '1998-11-21', 7133, 6048, 1085),
(908708374457, 102543817401, 401898353964, '1995-05-08', 12957, 4984, 7973),
(908761214669, 105644818902, 401695709854, '2001-04-20', 31277, 22175, 9102),
(908797747583, 106564719540, 404474441795, '2010-06-12', 6163, 2337, 3826),
(908812757548, 106836203450, 407165864584, '2010-07-28', 17758, 4126, 13632),
(909035040226, 104759677856, 409988624435, '2017-10-27', 14959, 2964, 11995),
(909056881746, 106481206591, 400762539540, '1978-11-26', 214, 19, 195),
(909062569842, 106305742058, 401694986324, '1998-12-30', 18766, 2877, 15889),
(909083937635, 104350234894, 403155442561, '1985-12-15', 4702, 2225, 2477),
(909117505794, 100374733036, 404270706159, '1987-03-15', 20074, 3270, 16804),
(909130734797, 109869556695, 406556993772, '1975-03-25', 30287, 3756, 26531),
(909213265273, 104670113340, 400766556920, '1991-10-22', 11258, 2203, 9055),
(909257092079, 104422086935, 408416558503, '1997-08-13', 47101, 12365, 34736),
(909371480315, 106663925979, 402406844838, '1993-12-21', 39614, 8531, 31083),
(909465521849, 106661685713, 408112675747, '2019-07-28', 2638, 596, 2042),
(909484839019, 100769989517, 403162817724, '2002-07-21', 44425, 26876, 17549),
(909536676511, 108666824040, 401171230226, '2018-03-07', 9219, 4751, 4468),
(909541496629, 100117405615, 407164593394, '2005-11-27', 34106, 12076, 22030),
(909545551812, 106159178622, 404204893589, '1990-02-14', 27911, 13256, 14655),
(909568311411, 108226946653, 408362467122, '2004-09-04', 19207, 5856, 13351),
(909586561878, 108725308145, 402524288027, '1995-10-18', 27377, 5933, 21444),
(909601887471, 106894501832, 405030231542, '1977-05-28', 22208, 14827, 7381),
(909657061530, 105287814663, 407067830977, '1987-05-26', 17848, 4150, 13698),
(909695214305, 100256866211, 406375846559, '1986-04-10', 19952, 9166, 10786),
(909697913711, 104152056425, 405300614767, '2011-07-26', 38322, 2207, 36115),
(909747653830, 100184650500, 407165864584, '1996-07-12', 45051, 11057, 33994),
(909777433536, 102371197185, 404270706159, '1989-02-06', 25178, 10232, 14946),
(909789216502, 102779605955, 401843607478, '1972-08-02', 8055, 939, 7116),
(909854110536, 106198328052, 403362444751, '2008-06-04', 37126, 2114, 35012),
(909917100619, 108746434771, 402898640918, '1988-04-30', 46085, 16181, 29904),
(909917633934, 107645362897, 401077482040, '2002-07-07', 14270, 928, 13342),
(909941791894, 105555644583, 408942884512, '2017-01-09', 5974, 1901, 4073),
(909957782015, 107589222524, 407389308170, '1977-06-06', 21364, 13651, 7713);

-- --------------------------------------------------------

--
-- Table structure for table `Hospitals`
--

CREATE TABLE IF NOT EXISTS `Hospitals` (
  `HospitalID` bigint(20) unsigned NOT NULL,
  `Address` varchar(200) NOT NULL,
  `HospitalName` varchar(45) NOT NULL,
  PRIMARY KEY (`HospitalID`)
) ENGINE=InnoDB DEFAULT CHARSET=latin1;

--
-- Dumping data for table `Hospitals`
--

INSERT INTO `Hospitals` (`HospitalID`, `Address`, `HospitalName`) VALUES
(400033342372, '117 Cortez Rue Suite 974\r\nAvilaland, OK 64535', 'Cuevas PLC'),
(400042132249, '207 Brian Villages Suite 504\r\nLake Sarahview, VA 63098', 'Burns Group'),
(400087395231, '60420 Bruce Green\r\nLake Benjaminland, NE 86541', 'Wood, Quinn and Gomez'),
(400127123414, '0322 Angie Mission\r\nNorth Ashleyport, NJ 27731', 'Foster LLC'),
(400165973072, '85808 Smith Green\r\nWest Stephanieport, TN 56659', 'Kramer Group'),
(400194787355, '3216 Jones Freeway Apt. 646\r\nJacobsonside, ND 95099', 'Ross-Bailey'),
(400244386729, '653 Shirley Course\r\nAmandachester, WY 44405', 'Jones, Pearson and Jones'),
(400264589624, 'USNV Jefferson\r\nFPO AP 64124', 'Arnold Inc'),
(400336442329, '7749 Wagner Valley Suite 585\r\nLake Kevinburgh, MD 50244', 'Walker-Holt'),
(400370207379, '5091 Hayes Haven\r\nWhitneyberg, LA 59919', 'Fletcher, Jones and Palmer'),
(400380767076, '00184 Scott Island Apt. 119\r\nLake Jerry, MT 43472', 'Wheeler and Sons'),
(400459847519, '35553 Janet Flats Apt. 169\r\nWest Todd, OR 99785', 'Foster-Morton'),
(400472222375, '97982 Neal Plains\r\nWest George, RI 26041', 'Dickerson-Massey'),
(400487887416, '5681 Austin Island Apt. 701\r\nPaulville, MO 16290', 'Williams, Daniels and Reilly'),
(400526673667, '4364 Collins Extensions\r\nSouth Duane, MA 43340', 'Lowe PLC'),
(400528472264, '23978 Taylor Lane\r\nSmithview, UT 92010', 'Russell Group'),
(400628634226, '45029 Theresa Highway Apt. 293\r\nMichaelmouth, HI 05005', 'Baker Inc'),
(400696549423, '73785 Stevenson Mission Suite 502\r\nChristopherstad, KS 75968', 'Miller-Cowan'),
(400757998517, '256 James Port\r\nNorth Angelicastad, SD 57702', 'Walsh PLC'),
(400762539540, '064 Juan Lodge Suite 532\r\nMargaretmouth, GA 50204', 'Massey, Reynolds and Johnson'),
(400766556920, '51571 Michelle Point Apt. 346\r\nPowellstad, NV 66893', 'Smith-Garcia'),
(400816745190, '2179 Shelly Stravenue Apt. 722\r\nPort Sara, CT 43711', 'Miller, Johnson and Swanson'),
(400903600016, 'USS Ray\r\nFPO AE 86557', 'Johnston-Miller'),
(400934056041, '832 Anna Divide Suite 269\r\nSouth Jason, IN 02135', 'Johnson, Stewart and Olson'),
(401034662428, '503 Smith Lane Apt. 584\r\nFeliciamouth, CT 28379', 'Pennington, Rosales and Jackson'),
(401042196199, '8419 Craig Underpass Suite 075\r\nJoneshaven, RI 19028', 'Huynh PLC'),
(401077482040, 'Unit 5415 Box 0204\r\nDPO AE 63770', 'Roberts, Jones and Ruiz'),
(401085657647, '534 Jane Mission\r\nStevenfurt, MD 89722', 'Smith, Smith and Williams'),
(401101778967, '7369 Ann Pike Apt. 379\r\nBakerport, CT 14176', 'Pace-Haynes'),
(401113102599, '818 Ellis Ferry Apt. 713\r\nKnoxview, VA 95051', 'Jones-Mayer'),
(401130052338, '10604 Raymond Oval\r\nLake Vanessa, AL 59454', 'Horton-Boyer'),
(401146199211, '002 Hopkins Well\r\nCarneytown, OK 29552', 'Garcia PLC'),
(401154213424, 'USS Lopez\r\nFPO AE 13278', 'Lewis, Obrien and Mitchell'),
(401171230226, '2401 Harris Knoll Suite 515\r\nSouth Beverlymouth, LA 04351', 'Osborn PLC'),
(401192056724, 'PSC 1816, Box 2673\r\nAPO AE 91973', 'Graves, Diaz and Ford'),
(401237161508, '1348 Victor Rapid\r\nMarthatown, NV 05328', 'Shepard-Lambert'),
(401271314845, '006 Martin Islands\r\nVanceshire, KY 01646', 'Curtis, Bradley and Anderson'),
(401302834779, '6863 William Land Suite 124\r\nSouth Kylestad, VA 46593', 'Stein, Townsend and Forbes'),
(401340006758, '0564 Dillon Ridges\r\nRichardmouth, IN 96328', 'Walker, Robinson and Holland'),
(401340594304, '67838 Martinez Heights\r\nAndersonburgh, AL 59810', 'Harris-Meadows'),
(401371198452, '02008 Johnson Fords Suite 316\r\nTammyburgh, IN 91621', 'Moore, Snyder and Le'),
(401394248572, '36780 Hudson Street\r\nHerrerafort, MN 17855', 'Taylor-Stevens'),
(401398222683, '39695 Joanna Forks Suite 118\r\nJudithmouth, ME 66708', 'Williams, Mcintyre and Williams'),
(401476392078, '1692 Weeks Harbor Apt. 685\r\nBrandifurt, SD 53591', 'Stanley, Green and Washington'),
(401588620025, '9050 Thompson Grove Apt. 424\r\nEast Vincent, AZ 83143', 'Peters LLC'),
(401601683397, '19510 Hall Vista Suite 129\r\nNorth Matthewfort, NC 94663', 'Jenkins, Harris and Nicholson'),
(401639956724, '740 David Unions\r\nWest Brittany, NV 16409', 'Taylor, Gould and Salazar'),
(401671439269, '5676 Cooper Villages Apt. 685\r\nMarcusview, AL 69443', 'Daniel-Macdonald'),
(401671746130, '7532 Brittany Ways Apt. 443\r\nMoorefort, WI 34165', 'Smith-Stephens'),
(401694986324, '73356 Marcus Lights Suite 320\r\nRodneyfort, NM 25277', 'Fowler LLC'),
(401695709854, '51174 Clarence Shore\r\nNew Joannatown, IA 29979', 'Lynn, Hamilton and Ross'),
(401725566567, '59205 Anthony Islands\r\nNew Mario, MT 17389', 'Johnson and Sons'),
(401770086775, '6709 Morris Rue\r\nWest Eric, LA 03546', 'Young LLC'),
(401775208671, '36598 Terri Freeway\r\nWest John, NY 24206', 'Garrett-Murphy'),
(401834257923, '35361 David Point\r\nShepardton, WY 18098', 'Carson Group'),
(401837644995, '9077 Foster Ways\r\nMaryborough, ME 07565', 'Lewis-Ware'),
(401843607478, '2682 Shawn Lock\r\nSouth Jeremiahshire, IL 03884', 'Hayes Group'),
(401868441982, 'USNV White\r\nFPO AP 38417', 'Hale, Murillo and Rubio'),
(401898353964, '453 John Courts\r\nSarahbury, AR 28557', 'Ramirez, Hernandez and Fowler'),
(401929001507, '45733 Travis Cliff Apt. 984\r\nMatthewmouth, ME 86536', 'Douglas Ltd'),
(402007362829, '803 Emily Forges\r\nWest Robertchester, VA 10041', 'Cunningham-Hanna'),
(402041095592, '636 Foster Roads\r\nLake Alvintown, NJ 08724', 'Phillips, Williams and Perez'),
(402043046682, '20164 Sheppard Flats\r\nNorth Jennaport, ID 73134', 'Cunningham PLC'),
(402059808821, '761 Wilson Trace Suite 374\r\nWoodschester, RI 07393', 'Suarez-Martin'),
(402096575909, '26771 Mueller Bypass\r\nMargaretland, KS 61496', 'Roy, Reed and Cox'),
(402130586184, '1579 Patricia Avenue Suite 157\r\nCuevasberg, NC 33231', 'Fernandez-Willis'),
(402134886686, '017 Teresa Lodge\r\nNew Gregorystad, IL 20046', 'Williams-Callahan'),
(402167687522, '87956 Weiss Hills\r\nSmithburgh, VT 41978', 'Rodriguez PLC'),
(402191144179, '614 Stephen Course\r\nSouth Shellyfort, UT 50265', 'Moore LLC'),
(402203942702, '769 Mary Lane\r\nJackieborough, OR 89582', 'Gibson, Cox and Smith'),
(402209651363, '25990 Robinson Lake\r\nTimothymouth, KS 83172', 'Garcia-Murphy'),
(402233607698, '0903 Barbara Grove Apt. 741\r\nWest Steve, NH 20316', 'Phelps-Cuevas'),
(402294011516, '53517 Charles Ridge Apt. 703\r\nOliverfurt, NY 21006', 'Wells-Lee'),
(402298593798, '39548 Paula Turnpike Suite 362\r\nNorth Veronica, LA 87012', 'Ware-Steele'),
(402404207019, '71348 Best Square Suite 938\r\nPerezberg, CO 12524', 'Holder-Garner'),
(402406844838, '936 Leslie Forks\r\nMichaelbury, PA 36105', 'Marshall Group'),
(402461668369, '0428 Lewis Highway\r\nEast Colleen, WV 23754', 'Williams, Alexander and Campbell'),
(402467979932, '43493 Chad Rest Suite 843\r\nBrianshire, NH 50548', 'Beasley-Short'),
(402495755588, '86888 Moody Burg Apt. 916\r\nDelacruzborough, NY 14213', 'Heath Group'),
(402524288027, '40008 Michael Isle\r\nTimothybury, MI 41190', 'Adkins, Sanchez and Boyer'),
(402615448330, '68796 Michael Ranch Apt. 367\r\nNew Matthewmouth, NY 19525', 'Odom, Wilson and Flores'),
(402707712783, 'PSC 9697, Box 7118\r\nAPO AA 67546', 'Richardson LLC'),
(402720019392, '48025 Gonzalez Shoal Suite 955\r\nAnthonyview, TX 84827', 'Walters LLC'),
(402742046702, '23832 Brown Lakes Suite 849\r\nAcevedoberg, ME 75675', 'White and Sons'),
(402763387873, '6170 Alex Prairie Apt. 470\r\nMckenzieton, NH 73931', 'White and Sons'),
(402800062701, '406 Ballard Ways Suite 049\r\nSouth Randy, NE 40964', 'Peterson, Robinson and Castro'),
(402845344709, '4177 Jackson Terrace\r\nEast Rachel, ND 47510', 'Snyder-Mendez'),
(402845826754, 'PSC 2759, Box 9516\r\nAPO AE 61074', 'Peters, Smith and Davis'),
(402860688038, '6964 Mathis Parkways\r\nSouth Robert, MD 51896', 'English, Gates and Banks'),
(402898640918, 'USNS Huynh\r\nFPO AE 97778', 'Gardner-Welch'),
(402927610370, 'PSC 0236, Box 1510\r\nAPO AE 88546', 'Reynolds, Jones and Smith'),
(402993822378, '8503 Steven Expressway Suite 662\r\nNorth Anthonyfurt, CT 49056', 'Russell-Cole'),
(403007517119, '5789 Kari Ferry Suite 789\r\nPort Natashaport, RI 15942', 'Santana-Paul'),
(403012640560, '5095 Allison Pike Apt. 158\r\nThompsonberg, CT 83164', 'Lewis-Hendrix'),
(403080506286, '981 Adam Village Apt. 400\r\nWest Chelseaview, ID 60504', 'Lynch Group'),
(403155442561, '85609 Rodriguez Stravenue\r\nWest Heather, AZ 86208', 'Rodriguez-Gomez'),
(403162817724, 'USNS Johnson\r\nFPO AP 06067', 'Hooper Group'),
(403189578816, '8530 Nicole Terrace Apt. 827\r\nNorth Laura, MS 62503', 'Richards-Reyes'),
(403189735462, '561 Timothy Camp Suite 152\r\nElainestad, MD 92572', 'Dalton, Roy and Murphy'),
(403220251693, '0209 Jeremy Terrace\r\nNew Brandonton, VT 45346', 'Flynn, Knight and Rocha'),
(403237599961, '38929 Kennedy Well\r\nNorth Donaldfort, ME 37685', 'Williams-Logan'),
(403246036133, 'USS Davis\r\nFPO AA 16763', 'Walker, Jones and Jackson'),
(403259942118, 'Unit 3109 Box 9134\r\nDPO AE 14206', 'Ortiz LLC'),
(403275203274, '9577 Thomas Fork Suite 548\r\nEast Courtney, CO 75770', 'Hall-Roberts'),
(403291981742, '8191 Lisa Ranch\r\nLake Connorland, CO 64116', 'Harris, Martinez and Howell'),
(403356882981, '4493 Jared Locks\r\nLake Brianshire, TX 43358', 'Randall, Roy and Johnson'),
(403362444751, '940 Gregory Rapid\r\nSouth Emilychester, AK 33609', 'Carrillo-Rocha'),
(403439672638, '12674 Chapman Wells Apt. 224\r\nMichaelbury, NY 69225', 'Lawson-Conway'),
(403582346934, 'USNS Compton\r\nFPO AE 14378', 'Peterson-Welch'),
(403595777029, '0062 Mark Springs\r\nJenningsfurt, AZ 84773', 'Thornton, Kelly and Dodson'),
(403654831761, '8068 Christina Brook\r\nNorth Edwardshire, ID 27877', 'Reeves, Compton and Bryant'),
(403670970739, '5561 Welch Garden\r\nGonzalezstad, MO 78150', 'Walton Ltd'),
(403687908517, '973 Kelly Bypass\r\nMorganfurt, PA 62897', 'Hansen-Hall'),
(403748002375, '13420 Anderson Ways\r\nBeverlyhaven, SC 51255', 'Acosta-Woodward'),
(403834720402, '66476 Amanda Dale\r\nPopemouth, AR 65184', 'Cantu-Jordan'),
(403851590332, '4394 Connor Stravenue Suite 483\r\nMcdonaldton, LA 35951', 'Baker PLC'),
(403922911168, '22790 Larry Flat\r\nSouth Glennton, TN 28775', 'Mitchell PLC'),
(404027241362, '18271 Hayes Rue Apt. 299\r\nCarterbury, NE 30493', 'Garcia, Mora and Payne'),
(404098370372, '8879 Steven Fords Apt. 416\r\nMarksshire, MI 02565', 'Lewis, Peterson and Smith'),
(404177882470, '98347 Nelson Forks\r\nSouth Anna, WA 36373', 'Allen, Myers and Williams'),
(404184560786, '326 Michael Station Apt. 910\r\nStevenport, NJ 01052', 'Perry PLC'),
(404204893589, '882 Monica Avenue Suite 405\r\nJoshuaside, DC 12135', 'Chambers-Hess'),
(404228806493, '7430 Angela Branch Apt. 640\r\nFreemanhaven, CT 43760', 'Holmes Inc'),
(404270706159, '64032 Frazier Causeway\r\nKarenfort, AL 44647', 'Martin Group'),
(404281071518, '6117 Joy Greens\r\nShawnborough, WY 71932', 'Miller, Adams and Jimenez'),
(404308191580, '78570 Jennifer Junctions Apt. 942\r\nWoodston, TN 63359', 'Hood Ltd'),
(404322817845, '48162 Young Junctions\r\nCamachoberg, TX 71720', 'Daniel, Johnston and Hudson'),
(404348639673, '32852 James Land Apt. 070\r\nSouth Hannahfort, HI 48153', 'Lee Inc'),
(404376265661, '69902 Kelly Via\r\nNorth Tyler, CO 33462', 'Rodriguez-Henry'),
(404460985443, '0052 Tyrone Cliffs\r\nPort James, MI 23922', 'Bennett-Kaufman'),
(404474441795, '9724 Hill Rapids\r\nShortchester, SC 92197', 'Patton and Sons'),
(404507091226, '86707 Susan Mission Apt. 340\r\nPort Cameronton, DC 73687', 'Krause and Sons'),
(404522023837, '6530 Ralph Roads\r\nWest Stephenview, NJ 58194', 'Contreras, Rodriguez and Diaz'),
(404561731558, '95413 Carol Vista Apt. 043\r\nNorth Makaylaberg, NJ 08315', 'Mason PLC'),
(404569859947, '2215 Jones Common Apt. 960\r\nTinaview, CA 50730', 'Goodman, Hudson and Thompson'),
(404625061471, '906 Stanley Terrace Apt. 111\r\nWest Johnathanborough, AZ 12212', 'Jensen, Bailey and Mcbride'),
(404640419705, '80010 Owens Road Apt. 455\r\nParkerstad, MD 19578', 'Mcguire PLC'),
(404652443272, '29723 Rios Stravenue\r\nNorth Jamesmouth, DC 05374', 'Bryan and Sons'),
(404704197408, '83724 Kim Turnpike Suite 067\r\nTinaview, NJ 76326', 'Williams, Jones and Burgess'),
(404706831249, '47885 Phillips Tunnel Apt. 856\r\nAlyssaport, VT 34877', 'Payne Inc'),
(404752563273, '597 Anna Ferry Apt. 866\r\nCruzside, PA 81497', 'Morris, Richardson and Green'),
(404872244445, '53836 Ashley Loaf Suite 672\r\nRichardville, MN 31764', 'Rodgers Inc'),
(404895923346, '9963 Grace Knoll\r\nPort Dawn, KS 23343', 'Watkins Inc'),
(404915594264, '670 Miller Port Apt. 825\r\nNew Jacqueline, IA 97937', 'Cochran Inc'),
(404971600945, '377 Tommy Ramp Suite 521\r\nPaulview, ID 07697', 'Jones PLC'),
(404988041204, '18413 Young Fields Apt. 843\r\nWest Christophertown, CA 66213', 'Kirk-Mitchell'),
(404997563467, 'PSC 0603, Box 9408\r\nAPO AE 94794', 'Brown-Smith'),
(405010385201, '328 Jason Gardens\r\nEast John, NY 72166', 'Jackson Inc'),
(405017618764, '6345 Shawn Manors Apt. 626\r\nNorth Wendymouth, ND 72468', 'Edwards, Brown and Dawson'),
(405030231542, '11270 Mary Pike\r\nPort Alexandraburgh, NE 31245', 'Grimes-Woods'),
(405044911719, '80059 Anthony Squares\r\nEast Cathy, WV 42809', 'Taylor LLC'),
(405123239460, '616 Oneill Passage\r\nEast Jacob, HI 91665', 'Stevenson, Hansen and Parks'),
(405153488314, '3224 Glass Path Suite 866\r\nOconnorview, OK 63778', 'Kemp-Maldonado'),
(405177819719, '45394 Campbell Harbor Suite 311\r\nDavisberg, MI 72235', 'Wiley Ltd'),
(405232284048, '481 Hughes Valley Apt. 447\r\nJordanfort, TX 21602', 'Dixon, Jones and Duarte'),
(405300614767, '830 Christopher Stravenue Apt. 210\r\nOrrport, TN 92634', 'Cantu, Hartman and Parker'),
(405309405116, '375 Wong Keys Suite 687\r\nEast Gina, WI 29432', 'Cruz, Ramsey and Gray'),
(405376737073, '362 Patricia Pass\r\nHernandezhaven, NM 68695', 'Lee, Anderson and Saunders'),
(405390175254, '7449 Vanessa Dale Apt. 788\r\nHarrymouth, NV 98719', 'Jackson Inc'),
(405435393058, '6063 Brian Stravenue\r\nLindahaven, MO 24591', 'White-Kelly'),
(405458299262, 'PSC 5316, Box 4953\r\nAPO AA 46819', 'Williamson Group'),
(405533920420, '71068 Richards Isle\r\nMillerfort, AR 06149', 'Morris, Walker and Taylor'),
(405585295623, '218 David Heights Apt. 180\r\nKrystalland, WA 56165', 'Peterson PLC'),
(405585623568, 'Unit 8428 Box 3127\r\nDPO AE 05836', 'Walker-Hendrix'),
(405628598623, '99265 Glass Pass Apt. 720\r\nStevenside, TN 37453', 'Olson, Cox and Patterson'),
(405642486118, '499 Spencer Mountains Apt. 262\r\nLake Jasontown, LA 46135', 'Bailey, Brown and Howard'),
(405645275921, '16023 Marie Extension Apt. 667\r\nMolinafurt, CT 29034', 'Rivas-Walker'),
(405677041508, '101 Randy Spurs\r\nEast Andrew, IA 55221', 'Delacruz PLC'),
(405723242959, '989 Connie Views Apt. 241\r\nGabrielchester, NV 04081', 'Peterson Inc'),
(405783199220, 'PSC 1241, Box 7963\r\nAPO AA 42052', 'Guerra Inc'),
(405794816761, '9306 Snyder Roads Suite 839\r\nBrennantown, SD 69231', 'Webb, Nicholson and Hansen'),
(405806555997, '921 April Lights\r\nBrendaport, KS 58277', 'Stephens PLC'),
(405894533431, '9568 Michael Lake\r\nEast Richardville, WV 61600', 'Buckley-Ward'),
(405926303672, 'PSC 3434, Box 7302\r\nAPO AE 74336', 'Richardson-Gonzalez'),
(406031867850, '537 Haney Hill\r\nEast Joann, ID 35450', 'Snow, Vargas and Lara'),
(406071138118, '4560 Brittany Point\r\nWest Crystalville, NC 72276', 'Martin Ltd'),
(406100581876, '0734 Stacey Rapid\r\nHunterland, NV 61395', 'Williams, Jacobs and Berry'),
(406159886865, '981 Heidi Hill\r\nFarrellburgh, MO 88145', 'Hughes, Bennett and Robinson'),
(406173930851, '2776 Powers Valley\r\nAvilaview, VA 89290', 'Case-Sanchez'),
(406177680961, '642 Daniel Summit\r\nPort Kristine, MA 77073', 'Walker Inc'),
(406232259216, '456 Sylvia Forge Suite 332\r\nSouth Jorgeshire, AR 71378', 'Barnes LLC'),
(406304312011, '21955 Tammy Trail\r\nNorth Christopherfort, IL 08879', 'Reynolds, Lloyd and Jackson'),
(406314305489, 'PSC 9693, Box 7970\r\nAPO AP 60625', 'Moore-Byrd'),
(406325542765, '674 Potts Union\r\nJoshuaside, NC 46361', 'Richards, Hart and Miles'),
(406375846559, '00970 Jeffrey Rest\r\nBrucefurt, NY 17565', 'Edwards PLC'),
(406421517693, '68919 Edward Path\r\nVincentborough, VT 20666', 'Perry, Flores and Cisneros'),
(406436645173, '8721 James Greens\r\nSouth Rogermouth, NC 60081', 'Harrell-Stevens'),
(406473273967, '5308 Kimberly Spur\r\nRubenbury, IL 25797', 'Harvey, Butler and Williams'),
(406556993772, '35264 Walter Inlet Suite 055\r\nPort Troyport, HI 66890', 'Green-White'),
(406564245672, 'PSC 5354, Box 9728\r\nAPO AA 27819', 'Mendoza, Collins and Butler'),
(406679308448, '0615 Adams Corners\r\nStrongland, IN 42686', 'Nelson Group'),
(406698591102, '3187 Susan Islands\r\nMeganstad, HI 24225', 'Davis-Lindsey'),
(406782846562, '736 Anna Causeway\r\nWest Jasontown, CT 44325', 'Olson LLC'),
(406800854597, '63451 Breanna Manor Suite 783\r\nEast Benjaminborough, MO 20363', 'Garner-Johnston'),
(406908192467, '21886 Burch Viaduct\r\nWest Annland, CA 12342', 'Reyes Inc'),
(406913966956, '7424 Hartman Port Suite 732\r\nWest Jessicatown, MA 29309', 'Fleming, Jackson and Gomez'),
(406924339815, '235 Thomas Fort Suite 391\r\nRoberthaven, FL 83953', 'Hodges PLC'),
(406941618726, '30673 Oscar Mount Apt. 230\r\nJuliemouth, AR 53857', 'Sweeney, Mcdaniel and Caldwell'),
(406953637572, '152 Zachary Brooks Apt. 720\r\nSouth Jenniferland, MO 51861', 'Hill, Blair and Johnson'),
(407016534776, '2526 Veronica Fields\r\nAngelaville, WY 04613', 'Bennett Inc'),
(407022762022, '54154 Cynthia Skyway Suite 184\r\nNew John, WV 05291', 'Lee-Lewis'),
(407045443172, '25672 Mark Stream\r\nLake Mary, DE 37337', 'Cardenas-Cortez'),
(407059225714, '8022 Samantha Shoals Apt. 082\r\nWest Josephside, ID 30171', 'Miller PLC'),
(407061741672, '78267 Crystal Walks Suite 284\r\nLake Rachael, WY 04904', 'Mack and Sons'),
(407067830977, '945 Hall Mews Suite 207\r\nNorth Alyssa, KY 23114', 'Spence, Giles and Jordan'),
(407080209407, '12399 George Key Suite 096\r\nEast Robert, WY 90763', 'Wells-Yu'),
(407102332886, '8592 Erika Mission\r\nPort Ricardoport, VA 53597', 'Harris-Galloway'),
(407102583397, '4638 Thompson Junctions Suite 727\r\nSouth Michael, SC 92200', 'Arroyo-Robinson'),
(407112283147, '151 Kimberly Ferry Apt. 919\r\nLake Dana, AZ 74926', 'Vega-Wilson'),
(407161694274, '9196 Jennifer Gateway\r\nHarrismouth, WA 44521', 'Torres, Brown and Lowery'),
(407164593394, '7852 Sellers Point\r\nWaltontown, MD 30854', 'Perez, Alvarez and Ellis'),
(407165864584, '9822 Scott Drive\r\nNorth Dawn, GA 76735', 'Ross-David'),
(407173022318, 'PSC 6636, Box 6292\r\nAPO AA 78160', 'Pruitt Inc'),
(407215032412, '661 Mark Underpass\r\nNew Catherineview, ND 42229', 'Rodgers Ltd'),
(407256379921, '851 Merritt Estates Suite 519\r\nSimmonsland, VA 33898', 'Vargas-Lambert'),
(407262356512, '39192 Barnett Dam\r\nCabreraport, MT 13273', 'Coleman Ltd'),
(407349570570, '76767 Laura Mall Apt. 511\r\nPort Lindseyborough, SD 69483', 'Stephens, Miller and Hunt'),
(407384191652, '235 Edgar Well Apt. 612\r\nNew Samantha, WY 29005', 'Barnes, Norman and Foley'),
(407385135670, '96721 Austin Village Apt. 524\r\nBowmanland, MN 16845', 'Olson-Collins'),
(407386605728, '2594 James Forge\r\nWest Ann, AK 97952', 'Terry-Knight'),
(407389308170, '368 Gray Centers Apt. 169\r\nRobertsborough, UT 27973', 'Gutierrez Ltd'),
(407422691686, '068 Robin Hills Suite 542\r\nRebeccaberg, WY 76852', 'Johnson Inc'),
(407463286125, '5066 Rebecca Place\r\nNew Michael, MN 08500', 'Jones, Christensen and Schroeder'),
(407557016116, '2334 Kimberly Tunnel Apt. 231\r\nEast Kimberlyberg, TN 03230', 'Clark, Escobar and Casey'),
(407581914123, '4293 Riley Bridge\r\nNorth Reneefurt, UT 65638', 'King-Davidson'),
(407617599191, '28512 Amy Springs\r\nNorth Martinchester, TN 71406', 'Brown Inc'),
(407638440528, '7697 David Island Suite 739\r\nSouth Rebeccaville, NV 40967', 'Christensen LLC'),
(407705427592, '506 Kevin Shoal Apt. 062\r\nScottstad, TN 89654', 'Walker, Kelley and King'),
(407747611474, '71474 Matthew Alley Suite 931\r\nAvilafort, MS 25005', 'Garcia Inc'),
(407775997132, '0533 Benjamin Extensions Suite 378\r\nBiancastad, IL 94307', 'Reese, Bean and Yates'),
(407798867626, '55513 Jeffrey Burg\r\nKristinmouth, MI 66763', 'Jones PLC'),
(407833185539, '941 James Square Apt. 215\r\nPort Robertmouth, NC 72840', 'David Inc'),
(407858617492, '934 Holmes Lake Apt. 689\r\nRyanfort, KS 51884', 'Henderson PLC'),
(407943702320, 'USS Deleon\r\nFPO AE 84415', 'Gonzales LLC'),
(407957947935, 'PSC 1408, Box 1668\r\nAPO AA 75507', 'Frazier, Knight and Rodriguez'),
(407972561506, '4810 Garrett Islands\r\nLake Curtisview, OH 14851', 'Cameron-Parker'),
(407999241547, '906 Medina Station Apt. 646\r\nJuliatown, MA 12184', 'Anderson, Wright and Hull'),
(408032757355, '54474 Leah Roads\r\nPaynechester, NC 91775', 'Hamilton Group'),
(408050300879, '444 Anthony Knolls\r\nSouth Crystalport, ME 93811', 'Morgan Group'),
(408060834856, '1967 Simmons Cliffs\r\nEast Kevin, MS 43955', 'Rodriguez-Jones'),
(408112675747, '3175 Bush Tunnel\r\nNew Kylie, VT 03334', 'Ross, Blake and Reid'),
(408200298291, '83692 Beverly Stravenue Suite 265\r\nWrightbury, TN 49241', 'Logan, Cox and Wilson'),
(408362467122, '5910 Hines View\r\nNorth Connor, AK 82835', 'Curtis Inc'),
(408371308522, 'PSC 0216, Box 4990\r\nAPO AE 84955', 'Smith, David and Young'),
(408371965489, '53959 Adam Plains Suite 995\r\nEast Erin, UT 77684', 'Long-Burns'),
(408399847204, '4428 Browning Avenue\r\nPhillipsborough, UT 14631', 'Blake PLC'),
(408416558503, '38287 Flowers Hill\r\nLake Joseph, DC 66833', 'Sanchez, Carr and Silva'),
(408446752772, '5064 David Spur\r\nWest Maryshire, AR 87398', 'Kennedy, Simmons and Cline'),
(408452327517, '2674 James Plaza Apt. 759\r\nWashingtonfort, DC 69683', 'Farrell Inc'),
(408481223837, 'USNS Banks\r\nFPO AP 17790', 'Douglas-Harper'),
(408530980703, '40851 Michael Mission Suite 647\r\nRichardtown, MN 85923', 'Schultz Ltd'),
(408555453438, '6812 Christopher Greens\r\nLake Susan, WA 71944', 'Stewart-Wilson'),
(408678928148, 'PSC 9616, Box 3423\r\nAPO AA 83579', 'Jennings Inc'),
(408734340059, '782 Tanner Spring\r\nLarsonside, WI 75942', 'Potter Inc'),
(408773101921, 'USS Watts\r\nFPO AP 80373', 'Owen, Garrett and Patel'),
(408795895075, 'USNV Thomas\r\nFPO AP 42123', 'Smith-Walton'),
(408806329505, '482 Schultz Rapids\r\nLewistown, PA 71929', 'Vasquez Ltd'),
(408812397363, 'Unit 6057 Box 3869\r\nDPO AE 44442', 'Garcia Group'),
(408849721803, '8398 Kristen Lake\r\nNew Kristen, MI 46023', 'Davis-Palmer'),
(408913245527, '88752 Michele Mount Suite 522\r\nWest Larrymouth, WA 07608', 'Torres-Douglas'),
(408942884512, '8868 Johnson Land\r\nNorth Zacharybury, NJ 33770', 'Roberts PLC'),
(409091594273, '42391 Melton Flat Suite 824\r\nSharonshire, SD 48126', 'Hodges-Walton'),
(409107562452, '79833 Rogers Island Suite 001\r\nNorth Theresa, IL 25815', 'Humphrey, Diaz and Orozco'),
(409132228936, '9560 Jennifer Branch Apt. 983\r\nHendersonmouth, ID 89702', 'Gonzalez-Jones'),
(409158900552, '8420 Campos Locks\r\nBradfordfort, CA 82157', 'Ward-Jones'),
(409204697806, '95411 Martin Harbors Apt. 040\r\nStacyport, AR 39684', 'Lyons, Sims and Salazar'),
(409246481872, '21329 Villa Drive\r\nBoydport, LA 97983', 'Hill-Simmons'),
(409250438367, '6898 Cross Grove\r\nEast Richard, NM 64401', 'Briggs-Moreno'),
(409251059926, '0681 Angela Route\r\nNorth Jamie, NH 80811', 'White-Sparks'),
(409285130466, '40401 Frank Wells\r\nMoralesport, AK 74915', 'Crane-Hamilton'),
(409375414677, '6337 Jacqueline Inlet Apt. 540\r\nPort Taramouth, SC 08607', 'Fox and Sons'),
(409402641903, '1800 Moore Pass\r\nJimenezside, ND 04636', 'Osborne, Castro and Leonard'),
(409427906808, '4852 David Ferry\r\nNorth Johnside, WI 03585', 'Mclaughlin, Rice and Lam'),
(409548134300, '6802 Chan Corners Apt. 991\r\nPort Ericstad, NY 57682', 'Mathews-Jackson'),
(409553938465, '47964 Jessica Creek\r\nMaryton, NH 31093', 'Vance-Little'),
(409604004370, '6879 Brian Shore Suite 143\r\nNorth Curtis, HI 77966', 'Morris-Taylor'),
(409657553501, '67879 Cooper Shoal Apt. 275\r\nPort Heatherport, CO 42415', 'Wilson-Oneill'),
(409716554326, '0624 Jimmy Plains\r\nPort Paul, SD 77614', 'Taylor Group'),
(409761202071, '754 Larsen Streets\r\nSmithhaven, MA 04366', 'Jones, Wheeler and Johnson'),
(409820959384, '9033 John Coves Suite 790\r\nWest Kristen, MT 79080', 'Anderson and Sons'),
(409847323604, '5246 Foster Trace Apt. 892\r\nWest Angelaborough, ND 04693', 'Rivera PLC'),
(409867987453, '28231 Ellen Falls\r\nPeckview, LA 98150', 'Miles Ltd'),
(409878089751, '998 Mcdaniel Ways Apt. 086\r\nNorth Ericabury, MN 48273', 'James, James and Cain'),
(409909802148, '05046 James Summit Apt. 068\r\nSandramouth, WA 46491', 'Ayers and Sons'),
(409937303938, 'Unit 7558 Box 1095\r\nDPO AP 54510', 'Taylor-Bennett'),
(409942481326, 'PSC 1126, Box 5865\r\nAPO AE 49104', 'Wolf and Sons'),
(409967794367, '366 Tonya Island Apt. 144\r\nTheodoremouth, NJ 15105', 'Paul-Taylor'),
(409988624435, '0284 Gonzalez Stream Apt. 957\r\nPort Jamesberg, NC 37501', 'Martinez PLC'),
(409991131862, '37324 Pamela Isle Suite 037\r\nPort Eric, MN 71803', 'Lewis, Rios and Ball'),
(409997770046, '421 Justin Dale Apt. 176\r\nCoryville, WY 31016', 'Phillips, Frazier and Smith');

-- --------------------------------------------------------

--
-- Table structure for table `InsuranceCompanies`
--

CREATE TABLE IF NOT EXISTS `InsuranceCompanies` (
  `InsuranceCompanyID` bigint(20) unsigned NOT NULL,
  `CompanyName` varchar(45) NOT NULL,
  `Address` varchar(200) NOT NULL,
  `Email` varchar(45) NOT NULL,
  `PhoneNumber` varchar(12) NOT NULL,
  PRIMARY KEY (`InsuranceCompanyID`)
) ENGINE=InnoDB DEFAULT CHARSET=latin1;

--
-- Dumping data for table `InsuranceCompanies`
--

INSERT INTO `InsuranceCompanies` (`InsuranceCompanyID`, `CompanyName`, `Address`, `Email`, `PhoneNumber`) VALUES
(600018249619, 'Chambers-Schneider', '28580 Wang Brooks\r\nSouth Melissamouth, NJ 24874', 'lori74@miller.net', '966-010-2413'),
(600033227897, 'Bush and Sons', '01350 Joseph Locks Apt. 280\r\nNew Gerald, NV 93096', 'reneenunez@hotmail.com', '520-658-1694'),
(600104991013, 'Wilson, Barker and Suarez', '416 Richards Mission\r\nOconnorton, ME 90085', 'bbooth@hotmail.com', '962-913-2900'),
(600128839236, 'Jones Inc', '82153 Howell Union\r\nEast Sarah, CO 63053', 'samuel86@mcdaniel-lamb.net', '825-163-0873'),
(600143752888, 'Smith, Harris and Banks', '15090 Maynard Camp Apt. 711\r\nDavidshire, KY 98933', 'fischerjacqueline@strickland-tucker.com', '784-854-5728'),
(600224071297, 'Anderson, Oliver and Burton', '16567 Cody Vista\r\nNorth Gabrielmouth, HI 42279', 'qcole@gmail.com', '279-553-4796'),
(600233277349, 'Calhoun-Zuniga', '795 William Hollow Suite 655\r\nNorth Brandonmouth, VA 24117', 'kingryan@coleman-sutton.net', '450-179-9325'),
(600264599419, 'Schmitt-Harris', '954 Salazar Divide\r\nJasonfurt, ID 57369', 'icampbell@gmail.com', '385-718-3894'),
(600271037586, 'Gutierrez, Anderson and Johnson', '407 Palmer Parkway Suite 291\r\nLake Jessicahaven, NJ 13211', 'vbuchanan@hotmail.com', '835-963-6002'),
(600298829972, 'Peters Group', '9977 Miranda Prairie\r\nNew Judithborough, NE 45160', 'ddavidson@hotmail.com', '127-660-5177'),
(600330872203, 'Nelson Group', '0312 Shelby Port Suite 765\r\nNormanside, TN 19366', 'lauracordova@hotmail.com', '556-009-0877'),
(600376712580, 'Escobar Inc', '35477 James Well Apt. 709\r\nWest Rebecca, NJ 45952', 'hrogers@yahoo.com', '622-458-4263'),
(600461585511, 'Nguyen-Adams', '709 Brandi Crossroad Apt. 942\r\nLaurieville, MO 34554', 'jenniferlane@keith.com', '708-462-9473'),
(600462303952, 'Hansen PLC', '14060 Tyler Dam\r\nDelacruzview, GA 21289', 'marshallkelly@anderson.com', '421-794-4110'),
(600475903988, 'Wade, Turner and Bird', '285 Cynthia Land Apt. 003\r\nEast Susan, IN 04023', 'rebecca05@hotmail.com', '533-690-1816'),
(600539368129, 'Carey Inc', 'Unit 3924 Box 8048\r\nDPO AP 27309', 'agiles@hotmail.com', '608-799-9274'),
(600568405505, 'Sullivan-Mullins', '07367 Jeffrey Orchard Suite 681\r\nSouth John, NE 15966', 'kanekimberly@black.com', '544-291-0940'),
(600588393057, 'Thompson Ltd', '5030 Evan Place\r\nEast Rubenberg, WI 96104', 'taylorramirez@wilson.net', '213-967-0625'),
(600590246159, 'Young, Allen and Nixon', '687 Matthew Fields\r\nLangside, CT 03282', 'aleon@baldwin.info', '931-666-2832'),
(600612215564, 'Davis PLC', '52534 Gregory Mission\r\nStephenland, AR 96914', 'gortega@gmail.com', '838-720-6613'),
(600639109590, 'Gordon, Mills and French', 'USNV Zuniga\r\nFPO AP 34966', 'gjones@becker.org', '988-293-2748'),
(600688883170, 'Andrade Inc', '69155 Maria Lake Apt. 530\r\nLake Kimberly, ND 33432', 'amy87@keith.com', '716-531-7125'),
(600696294088, 'Walker-Thomas', '354 Christine Lock Apt. 681\r\nLeahview, WV 15043', 'natashaolson@weaver-ashley.com', '802-402-2332'),
(600743211095, 'Marquez, Soto and Dean', '56384 Angela Hill\r\nSouth Ashleyshire, PA 52061', 'melissamarquez@yahoo.com', '186-985-6762'),
(600751559844, 'Hester Group', '00417 Debbie Green Apt. 706\r\nDianefort, OR 72952', 'huntercross@williams.info', '840-117-2988'),
(600752035770, 'Reed, Lester and Jackson', '581 Burnett Villages Suite 855\r\nMitchellberg, KS 12717', 'andrewsbradley@nguyen-diaz.com', '109-838-8312'),
(600907717503, 'Young LLC', '23162 Nicole Mall\r\nWest Biancafurt, NJ 60849', 'shanecastro@gmail.com', '737-760-6428'),
(600977458382, 'Ray, Downs and Garrett', '388 Kimberly Crossing Apt. 076\r\nTammyburgh, WV 54697', 'yroberson@vargas-evans.net', '724-419-3687'),
(600978825720, 'Campos, Russo and Brown', '552 Jones Skyway\r\nBrentland, MI 17909', 'sarawilliams@wise.net', '352-773-5575'),
(600983801528, 'Smith-Drake', '0966 Poole Vista\r\nPort Paul, OR 68563', 'brandongreen@roth-robles.com', '415-312-9759'),
(601009718787, 'Mitchell, Wise and Cooper', '67846 Hancock Road Suite 530\r\nSouth Kevintown, ME 14990', 'robertperry@obrien-benjamin.com', '662-503-6621'),
(601045314431, 'Franklin, Garcia and Doyle', '6201 Angela Mount\r\nNicholasmouth, DC 10284', 'samantha03@hotmail.com', '308-112-7682'),
(601067702513, 'Rodriguez and Sons', 'USS Gonzalez\r\nFPO AE 88112', 'evansdustin@mendez.com', '354-152-0765'),
(601072135408, 'Soto-Williams', '0724 Jones Pine\r\nSouth Margaret, MD 55891', 'cunninghambrandi@hotmail.com', '226-393-2812'),
(601082277336, 'Khan Ltd', '2759 Jordan Dam Apt. 937\r\nNorth Josephside, OH 47092', 'valenciarenee@yahoo.com', '839-193-9204'),
(601093073034, 'Taylor-Brown', '79409 Mitchell Forks Apt. 515\r\nJillbury, CA 32045', 'hartwilliam@clarke-holloway.com', '130-788-2803'),
(601114037080, 'Kelly-Mcintyre', '632 Gill Way\r\nKyliebury, RI 64651', 'antoniotaylor@harvey.com', '992-447-5768'),
(601114617759, 'Cooke, Bentley and Aguilar', '0565 Kevin Junctions\r\nJamesstad, MO 98867', 'tmitchell@richards-adams.com', '600-456-7956'),
(601139171936, 'Adams-Raymond', '3366 Jenny Parkway Suite 091\r\nChristopherhaven, HI 48688', 'robertwright@washington-wilson.com', '612-241-4987'),
(601209252978, 'Thomas and Sons', '26100 Allen Brook\r\nNew Stacie, SD 67187', 'alleneric@gill-lee.info', '143-734-2349'),
(601211252370, 'Carter-Diaz', '5419 Kevin Springs\r\nSmithbury, PA 79660', 'oharrison@hudson.org', '121-677-4274'),
(601311509781, 'Thompson-Bryant', '153 Jarvis Knoll\r\nMillschester, GA 42861', 'sean68@yahoo.com', '241-188-1130'),
(601334841276, 'Ingram Inc', '81018 David Gardens\r\nElaineborough, CA 41135', 'spatterson@gonzalez.org', '870-210-6285'),
(601361930010, 'Ibarra, Garcia and Burgess', '191 James Summit\r\nJohntown, RI 51462', 'wcollins@obrien.com', '430-930-2097'),
(601396675500, 'Mendoza LLC', '001 Collins Brooks Suite 630\r\nNorth Judithland, PA 06411', 'boyledebra@yahoo.com', '345-819-6325'),
(601397198393, 'Cook, Dickerson and Ortiz', 'PSC 9984, Box 4016\r\nAPO AE 95814', 'jeremy00@gonzales-johnson.org', '449-057-5398'),
(601434492230, 'Barnes Inc', 'PSC 3052, Box 1420\r\nAPO AE 30878', 'mooreandrea@gmail.com', '850-086-7200'),
(601447942184, 'Lang-Burton', '601 Wood Fields\r\nNancyborough, AL 68230', 'josephwilliams@hotmail.com', '150-784-4502'),
(601481242828, 'Bender-Jordan', '11437 Deborah Courts Apt. 636\r\nLake Nancybury, ME 13844', 'andreawatson@hendrix.com', '195-718-3268'),
(601551221648, 'Bradley, Smith and Ramos', '063 Nichols Streets\r\nWesleyburgh, IL 18339', 'danielmack@hotmail.com', '974-802-9452'),
(601575701417, 'Wood-Brown', '478 Luna Ports Apt. 894\r\nAmystad, TN 90861', 'marc97@erickson.net', '176-353-4651'),
(601625355204, 'Smith-Graham', '23478 Larson Grove Suite 271\r\nNew Roberto, ME 13251', 'melaniewhite@ramsey-newman.com', '619-225-7984'),
(601700875624, 'Hayden-Graham', '1587 Wright Branch Suite 498\r\nParkerfurt, OH 05422', 'mendozaamanda@hotmail.com', '158-004-8449'),
(601717626483, 'Rodriguez, Watson and Johnson', '7968 Anthony Pine Suite 311\r\nNew Laurie, WA 31867', 'ilopez@chavez-aguirre.com', '491-778-2369'),
(601810837943, 'Hammond-Ross', '58975 Lopez Trace\r\nNew Thomas, NH 56574', 'moralesstephen@collier-kennedy.com', '160-114-8722'),
(601873750159, 'Thompson, Lawrence and Macdonald', '5098 Wanda Ford Suite 732\r\nSellersmouth, SD 97857', 'kimberly10@gmail.com', '926-905-4378'),
(601912991003, 'Wolf-Johnson', '876 Luke Landing\r\nNew Samuel, WA 58685', 'bobcox@gmail.com', '593-526-5739'),
(601987284420, 'Spencer-Lamb', '6104 Leblanc Ridges\r\nJacksonburgh, ID 03358', 'fernandezchristina@lamb.com', '164-765-6386'),
(602121692991, 'Raymond-Alvarez', '31187 Lindsey Garden Apt. 272\r\nBishopton, CA 82997', 'smithrichard@hotmail.com', '163-509-0540'),
(602154675143, 'Lewis Group', '73331 Brown Place\r\nPort Edward, NJ 93107', 'manuelandrews@bates.org', '957-544-2750'),
(602178455981, 'Meyers-Paul', '10206 Victor Causeway Apt. 501\r\nRyanbury, UT 03094', 'robin10@yahoo.com', '112-550-9395'),
(602314470597, 'Wade, Mason and Patel', '51501 Amber Avenue\r\nPort Randy, ND 17421', 'richard91@hotmail.com', '468-568-5200'),
(602402252630, 'Fletcher, Jones and Rowe', 'Unit 7684 Box 3285\r\nDPO AE 08156', 'ptaylor@gomez-swanson.net', '658-075-2827'),
(602437596386, 'Ray Inc', '95292 Clark Lodge\r\nRubenchester, AL 85727', 'ejenkins@dunn.com', '695-707-3126'),
(602505888089, 'Richard, Allen and Ross', '55940 Brian Dale Suite 786\r\nStewartstad, IN 47538', 'egibson@huffman.biz', '472-974-2686'),
(602527412643, 'Owens-Johnson', '2351 Parker Ville Suite 318\r\nWest Ginastad, AL 89592', 'vhumphrey@sutton-williams.com', '658-914-2464'),
(602572605242, 'Quinn-Henderson', '321 Gomez Extension\r\nPort Kristinfort, NY 37081', 'smithbrenda@yahoo.com', '304-106-7356'),
(602579140554, 'Crawford PLC', '1790 Dennis Trail Apt. 252\r\nCharlesstad, LA 11731', 'mcintoshcarla@brown-gomez.org', '431-405-3318'),
(602604440676, 'Howell and Sons', '930 Jason Mall Apt. 725\r\nPort Reneeborough, IA 41406', 'michaelwalker@gmail.com', '951-514-1391'),
(602608511527, 'Perry, Cruz and Mason', 'USCGC Jones\r\nFPO AE 98161', 'erikajohnson@gmail.com', '157-798-6040'),
(602704358805, 'Bell-Munoz', '0720 Rose Skyway\r\nEast Josephside, NE 09872', 'christopherwalker@yahoo.com', '259-180-5388'),
(602706418137, 'Knox, Woods and Parker', '6609 Perez Course Suite 951\r\nEast Ryan, KY 94575', 'coltongreen@gmail.com', '425-856-6831'),
(602719789429, 'Huffman-Mendoza', '3518 Cruz Plaza Apt. 664\r\nWest Patrickfurt, NC 50760', 'urobertson@rogers.biz', '732-674-6056'),
(602724066178, 'Miller, Mckinney and Snyder', 'Unit 1427 Box 1490\r\nDPO AP 72586', 'vbowen@gmail.com', '147-802-5410'),
(602762189124, 'Frazier-King', '62551 Andrea Extension\r\nWilsonburgh, CO 10536', 'matthewrodriguez@rice.com', '466-603-5015'),
(602837349886, 'Herman and Sons', '164 Kelly Pine Apt. 721\r\nSouth Amanda, NV 27742', 'jjackson@yahoo.com', '303-688-4821'),
(602898380748, 'Little-Murphy', '6458 Theodore Flats Suite 791\r\nMartinburgh, OK 64578', 'taylorlinda@swanson-mcknight.org', '248-656-9828'),
(602909944041, 'Reed PLC', '03847 Rodriguez Ferry Apt. 970\r\nAustinborough, HI 18133', 'cholmes@glenn.info', '385-882-4057'),
(602998653821, 'Martin and Sons', '39811 Patricia Gardens\r\nDanielleside, DC 31791', 'boothgloria@howard.com', '268-902-8153'),
(603012616959, 'Hendricks-Charles', '249 Ronald Mountain\r\nJonesbury, WI 25833', 'stevensonscott@yahoo.com', '674-213-8988'),
(603017826767, 'Vasquez, Hoffman and Chen', '7653 Patrick Rest Apt. 448\r\nCallahanhaven, VA 04846', 'john18@roberts.com', '119-262-1142'),
(603058103603, 'Morris Inc', '308 Clark Shore\r\nNew Matthew, MO 45822', 'sean91@rios-holloway.com', '623-774-5763'),
(603085379274, 'Johnson, Mckenzie and Taylor', '6664 Harvey Plains\r\nJamesfurt, NJ 99180', 'robert51@hotmail.com', '224-105-6307'),
(603093016977, 'Church, Wilson and Moreno', '21563 Julie Manor\r\nRobertsonborough, ID 66945', 'iruiz@gross-mccarthy.info', '247-964-4665'),
(603119544105, 'Herring LLC', '50466 Butler Island Suite 942\r\nChadberg, TX 74938', 'pamelagreene@hotmail.com', '791-944-8442'),
(603147956196, 'Mcgee-Wade', '573 Perez Motorway\r\nWest Robynberg, SD 52219', 'mccoyadrian@moran.com', '773-708-3818'),
(603152815691, 'Anderson, Fernandez and Johnson', '46714 Ronald Club\r\nDavidton, SD 39467', 'barbara20@martinez-mendoza.org', '420-247-8652'),
(603193939962, 'Lee, Burns and Sutton', '81341 Rollins Roads Suite 098\r\nLake Henryfurt, WA 37170', 'dcarter@andrews-yu.com', '227-791-7308'),
(603230774944, 'Bruce-Gardner', '36208 Jones Cliffs Apt. 202\r\nPort Amy, IN 34856', 'acevedokaitlin@hotmail.com', '707-104-2931'),
(603246123358, 'Hoffman PLC', '6166 Tyler Road Apt. 825\r\nSouth Robin, VA 59240', 'gomezpeggy@yahoo.com', '110-590-6678'),
(603320673813, 'Pollard-Pacheco', '686 Perry Hill\r\nWeberhaven, IL 05113', 'marshalldenise@garcia.com', '791-788-9144'),
(603343452680, 'Lopez, Perez and Williams', '75076 Daniel Neck Suite 617\r\nSouth Crystal, MA 78089', 'rachelcurry@ryan.com', '837-633-4434'),
(603367541151, 'Massey and Sons', '923 Nathaniel Forges Suite 882\r\nPierceborough, WY 07544', 'hdavis@hotmail.com', '640-372-0984'),
(603441316573, 'Rodriguez-Odom', '05995 Christopher Plaza\r\nLake Debraland, OR 94379', 'coreywillis@lawson-mcknight.biz', '440-723-3556'),
(603447306119, 'Bryant PLC', '958 Roberts Mountains Suite 343\r\nPort Jameshaven, VA 28433', 'hayneskyle@morgan-kelley.org', '121-307-2164'),
(603471679890, 'Blevins-Gonzalez', '33741 Roberts Alley Apt. 840\r\nDavishaven, NV 85252', 'zacharywilliams@yahoo.com', '284-673-9710'),
(603474907623, 'Sanchez Inc', '3820 Alexis Via Suite 457\r\nNorth Gina, IL 65009', 'fparsons@phillips.com', '110-331-0988'),
(603490329575, 'Cameron-Cruz', '0015 Stephen Rue\r\nLindseyport, AR 68155', 'carolyn30@gmail.com', '849-326-3858'),
(603552252132, 'Bailey, Henson and Ho', '54120 Garcia Bypass Suite 701\r\nEast Hannah, AL 74828', 'jacobsgregory@hotmail.com', '445-594-3739'),
(603561818992, 'Williams-Moore', 'USNV Lawrence\r\nFPO AA 37646', 'terrellashley@smith.com', '553-652-5921'),
(603596533733, 'Hughes LLC', '12745 Antonio Alley Suite 743\r\nCastrostad, NM 77089', 'travissantiago@gould-sweeney.com', '915-268-0547'),
(603611575077, 'Brown, Jones and Patterson', 'USNV Jackson\r\nFPO AE 90349', 'kjohnson@yahoo.com', '275-953-5904'),
(603632731555, 'Ray, Thompson and Gonzalez', '75589 Alexander Station\r\nWebsterfurt, WV 83608', 'bhill@huang-beasley.com', '127-562-7698'),
(603645586272, 'Austin-Gamble', '59139 Carrie Inlet Suite 346\r\nLake Christopher, SC 71151', 'dylan13@morgan-stokes.biz', '208-206-0572'),
(603662852216, 'Russell, Jones and Bernard', '8056 Brown Falls\r\nErikaton, ND 33110', 'jaime51@gmail.com', '864-858-4371'),
(603721527456, 'Watts-Allen', '09916 Monique Landing Apt. 253\r\nHallfurt, SC 96701', 'kathleen66@green.com', '738-857-5174'),
(603754476440, 'Byrd and Sons', '610 Richard Track\r\nMccormickview, HI 09860', 'anthonywalker@montgomery.com', '358-086-8952'),
(603791923981, 'Newton, Wilson and Gonzalez', 'USNV Armstrong\r\nFPO AP 77731', 'lesliemoore@parks.com', '502-735-4799'),
(603796133531, 'Hunt Group', '99138 Gomez Field\r\nSouth Gregory, VA 60179', 'jacksonkimberly@yahoo.com', '233-444-8361'),
(603821552921, 'Shannon Inc', '18207 Diana Fork Apt. 983\r\nSouth Stephenstad, AK 17285', 'yparker@jones-martinez.net', '739-705-8336'),
(603849017361, 'Garcia, Blackburn and Johnson', '51017 Jacob Dale Apt. 575\r\nSouth Wendy, NC 43619', 'vnewman@hotmail.com', '655-642-5923'),
(603866048638, 'Barker, Rubio and Hodge', '83041 Timothy Estates\r\nPhillipburgh, MT 75683', 'jose76@wu.com', '728-412-6494'),
(603874058880, 'Schmidt-Andrews', 'Unit 9293 Box 7325\r\nDPO AE 61502', 'christianhatfield@brown-vega.com', '131-727-1106'),
(603980530187, 'Bowers LLC', '197 Sarah Mountain\r\nLake Nicolemouth, WI 47589', 'deborah95@hill-silva.biz', '984-297-5684'),
(603986179982, 'Gregory, Martin and Mack', '133 Jeffrey Stravenue\r\nSouth Kristin, IN 38439', 'melanie69@bryant.net', '167-315-7992'),
(603991599923, 'Espinoza, Phillips and Wiley', '74383 Pollard Lodge\r\nGonzalezburgh, CO 96673', 'yorkronald@gmail.com', '884-557-8070'),
(604021887821, 'Dominguez-Jenkins', '3236 Theresa Crescent Apt. 361\r\nLake Scotttown, RI 32955', 'juanwebster@yates-thompson.com', '248-557-2656'),
(604031294946, 'Parks, Tran and Reed', '270 Gentry Village\r\nKellyberg, NC 33856', 'matthew71@hull.info', '615-673-0854'),
(604099486167, 'Ali, Finley and Lawson', '01778 Evans Wall Suite 808\r\nBakerport, CA 01716', 'moorejacqueline@hotmail.com', '660-716-4273'),
(604112184931, 'Thomas Ltd', '09721 Hector Union Suite 541\r\nTracyville, MT 44543', 'danielmartinez@gmail.com', '876-282-1584'),
(604209987434, 'Dixon, Diaz and Dunn', '850 Martha Crescent\r\nTrujillochester, ID 86761', 'bridgesnathaniel@gmail.com', '999-942-3277'),
(604236258968, 'Sheppard, Davis and Mullen', '177 Chavez Road Apt. 179\r\nScottmouth, OR 25513', 'laurierobinson@stein.com', '747-530-6254'),
(604257379291, 'Jones, Jones and Estrada', '50242 Estrada Creek Apt. 554\r\nPort Aaronchester, IA 68371', 'masonvictoria@alexander.com', '591-527-1995'),
(604334949948, 'Gonzalez, Vincent and Hunter', '046 Jackson Shoals\r\nWilliamsmouth, CT 59779', 'doylejohnathan@spencer.info', '663-165-3120'),
(604334952581, 'Dennis, Campbell and Owens', '825 Ruiz Road Apt. 563\r\nTaylortown, CO 55357', 'barbarahughes@nguyen-allen.info', '135-389-6115'),
(604341296437, 'Scott-Roach', '6615 Jeremy Branch\r\nBryanport, RI 54077', 'amberford@gmail.com', '856-141-0790'),
(604382216581, 'Fisher LLC', '61122 Linda Run\r\nSouth Kelly, HI 34396', 'nhernandez@yang-jones.com', '271-256-5282'),
(604387908177, 'Gray-Gross', '94434 Brittany Street Suite 158\r\nTaylorville, HI 55801', 'jensenshawn@serrano.org', '580-140-6525'),
(604399504654, 'Roth and Sons', '2354 Cody Gateway\r\nMcintoshview, MI 02529', 'bennettmatthew@hotmail.com', '700-249-7870'),
(604511682899, 'Carpenter-Powell', '0156 Lisa Springs\r\nBriggshaven, VT 49561', 'romeromichele@potter.com', '789-549-4944'),
(604553637375, 'Cantu-Hoffman', 'USS Young\r\nFPO AE 20926', 'bjames@hamilton-watson.info', '273-004-4278'),
(604611807738, 'Coleman-Jones', '40239 Murphy Trace Apt. 073\r\nWallbury, KS 31450', 'williamscott@carroll.org', '219-100-4692'),
(604659956215, 'Perez Group', '8447 Brooks Alley Suite 731\r\nSouth Stanley, DC 69848', 'jtravis@hotmail.com', '672-120-7315'),
(604660259283, 'Wright Inc', '23537 Estrada Mission\r\nClarkfort, CT 46904', 'weaversamantha@yahoo.com', '482-936-2929'),
(604665424858, 'Perry, Lamb and Morrison', '361 Michael Lodge\r\nJacksonville, CA 99594', 'jared45@rojas-lane.com', '878-288-2977'),
(604681738584, 'Davis, Jenkins and Jones', '9478 Johnson Trace\r\nJacquelinefurt, IA 34878', 'cassandraodom@french-allen.com', '573-588-1844'),
(604696908894, 'Perez-Jennings', '5324 Eric Wells\r\nNew Alicia, NH 48778', 'lelliott@yahoo.com', '247-181-6454'),
(604706871196, 'Fields-Wilson', '80943 Willis Squares\r\nBrewerhaven, WA 02248', 'dennisrussell@gmail.com', '162-753-8002'),
(604737051726, 'Webb-Jones', 'USS Tucker\r\nFPO AE 52446', 'phelpsmichael@hernandez.com', '720-628-7102'),
(604800737306, 'White-Krause', '74584 Lam Course Suite 202\r\nPort Todd, CT 62365', 'jonesmarcus@bailey.net', '396-936-7110'),
(604802621616, 'Peterson, Williams and Williams', '61271 Sophia Haven\r\nJacksonbury, NY 54642', 'ballelizabeth@gmail.com', '781-610-0165'),
(604886787683, 'Dennis-Rogers', '03276 Rodney Plaza\r\nElizabethfurt, OH 99133', 'whitetimothy@montgomery.com', '503-238-6504'),
(604889894606, 'Martin and Sons', 'USS Johnson\r\nFPO AA 10976', 'wvalenzuela@duncan-norris.net', '746-824-0736'),
(604905189495, 'West-Burns', '0423 Terry Points\r\nNorth Deniseborough, ID 63192', 'angel36@yahoo.com', '374-848-3939'),
(604928563100, 'Simmons and Sons', '102 Charles Walk\r\nNorth Jason, VT 00667', 'ericvelazquez@crane.com', '123-669-5954'),
(605024394811, 'Dixon, Taylor and Johnson', '5408 Heather Drive\r\nHernandezbury, OH 37024', 'steven16@aguilar.com', '690-152-3604'),
(605084529078, 'Miller, Roth and Dawson', '743 Orozco Oval\r\nBennettland, WY 93739', 'tatevalerie@yahoo.com', '995-584-0793'),
(605212287701, 'Powell, Hood and Leonard', '7780 Kathleen Unions Suite 759\r\nLake Michael, NE 39104', 'ygibson@bradford.com', '391-671-7097'),
(605236673040, 'Washington-Sosa', 'USS Reid\r\nFPO AE 44063', 'meyerserin@forbes.info', '555-092-5282'),
(605236792056, 'Valentine, Burke and Parker', '0699 Martin Springs Apt. 539\r\nEdwardbury, UT 48472', 'marcus54@martinez.info', '453-807-3976'),
(605250751540, 'Mcdonald, Fisher and Miller', '04478 Carpenter Centers Apt. 600\r\nPort Michael, IA 46496', 'reginaldjackson@hotmail.com', '345-756-4720'),
(605280990147, 'Hall, Ramirez and Shields', 'PSC 7410, Box 7076\r\nAPO AA 18192', 'james43@mitchell-gibbs.com', '572-327-0078'),
(605347937038, 'Cooper, Mcdaniel and Green', '470 Benjamin Coves\r\nByrdstad, IL 06920', 'meganclark@lee-anderson.info', '193-775-4369'),
(605348997029, 'Johnson Inc', '63271 Ward View Suite 786\r\nToddside, GA 02940', 'ustewart@hotmail.com', '690-600-9484'),
(605366606749, 'Cardenas, Smith and Johnson', '19709 Todd Passage\r\nWest Greg, WV 73794', 'hmatthews@yahoo.com', '993-785-3754'),
(605371194184, 'Hanson LLC', '864 Johnny Wells\r\nGibsonfurt, IA 82306', 'randerson@gardner.biz', '109-317-6703'),
(605379295916, 'Ross-Nguyen', '5029 Sean Roads\r\nEast Cynthia, LA 30473', 'zbowman@andrews.com', '443-413-7434'),
(605391910160, 'Harrell, Cobb and Mcdonald', 'PSC 0246, Box 1181\r\nAPO AE 06968', 'tpollard@powell-martinez.com', '865-220-3681'),
(605506318136, 'Barber-Garcia', '773 Edwards Loaf Suite 734\r\nLake Christopher, AZ 18278', 'fhayes@barry.com', '336-391-7799'),
(605548933005, 'Moreno, Buckley and Adams', '2695 Paula Creek Apt. 046\r\nReyesstad, OH 53939', 'kburke@allen.com', '268-990-6606'),
(605565685982, 'Hopkins-Davis', '394 Bowers Junction\r\nPort Jon, OK 21158', 'nsmith@gmail.com', '113-962-5716'),
(605606218153, 'Bryant-Brooks', '700 Phillips Spur\r\nJasonland, AZ 41936', 'alanguerrero@oconnor-hubbard.com', '611-446-4240'),
(605606840535, 'Flores, Fox and Hamilton', '485 Kylie Gateway\r\nNorth Megan, ND 41621', 'olsenlaura@yahoo.com', '890-980-2936'),
(605612508126, 'Brewer Ltd', '692 Torres Islands Suite 890\r\nBoltonshire, IN 50604', 'nancyjones@hotmail.com', '702-596-7970'),
(605636159942, 'Nichols, Martin and Cole', '89581 Thomas Grove Suite 196\r\nNew Charlesmouth, IA 70718', 'richardlee@yahoo.com', '563-128-3110'),
(605658830258, 'Miller-Sanchez', '726 Howard Rapids Apt. 221\r\nNorth Mary, OR 14548', 'christinehughes@yahoo.com', '756-006-6336'),
(605695483693, 'Gutierrez-Pittman', '73981 Black Forest\r\nNew Stephanie, PA 05249', 'kaylee48@garcia-bates.com', '102-134-4802'),
(605742582631, 'Turner, Rivas and Scott', '9945 Haley Mountain Apt. 709\r\nWest Ryanview, CA 45471', 'theresa16@watts.com', '711-231-6289'),
(605823424622, 'Ochoa, Jones and Holt', '4120 Timothy Branch Apt. 426\r\nAshleyfurt, OK 55862', 'amy88@hotmail.com', '482-030-9444'),
(605834181570, 'Lucas-Diaz', '3990 Pamela Lodge Suite 309\r\nPort Traci, MO 19182', 'vsnyder@yahoo.com', '823-259-1653'),
(605836623220, 'Floyd-Ellis', '9136 Rodriguez Lane\r\nNorth Jason, MI 11040', 'lisa04@hotmail.com', '782-049-3505'),
(605851951107, 'Jackson, Salazar and Butler', '042 Danielle Parkways\r\nHarrisfort, CO 11583', 'taylor55@owen.net', '244-460-8963'),
(605888703768, 'Rose-Levine', '2414 Mary Roads\r\nWest Robertshire, MD 07289', 'stephen53@yahoo.com', '712-489-0571'),
(605914487655, 'Reid Ltd', '96295 Newman Ridges Suite 081\r\nFloreshaven, ID 77842', 'erichardson@ruiz.com', '188-211-1631'),
(605945446681, 'Bradley Inc', '0352 Alejandra Vista Suite 800\r\nNew Austinfurt, NV 93789', 'vthomas@hotmail.com', '315-571-5625'),
(605965203626, 'Conner-Tapia', '282 Lane Court\r\nNew Annastad, ID 55942', 'lamberttaylor@yahoo.com', '397-719-5351'),
(605966123945, 'Wright, Hayes and Palmer', '9880 Jerry Vista Apt. 114\r\nShirleychester, VT 24135', 'shawnjackson@hotmail.com', '702-951-4670'),
(605991450610, 'Ferguson and Sons', '739 Grant Cove Suite 820\r\nEast Jamesville, WA 02696', 'ydixon@yahoo.com', '611-988-7544'),
(605991734383, 'Rivera-Weiss', '948 Valerie Mountain\r\nHarrishaven, CA 38831', 'pamelacampbell@yahoo.com', '619-032-9307'),
(605996169011, 'Rodriguez-Hayes', '51807 Dawn Meadows Suite 254\r\nEast Larry, TN 86139', 'rrollins@gutierrez.com', '580-578-2399'),
(606013618871, 'Johnson LLC', '5365 Kevin Dam\r\nNorth Evelyn, MA 61946', 'kharris@freeman.info', '327-355-4806'),
(606016502578, 'Gregory-Hickman', '737 Jennifer Key\r\nMichaelfurt, DE 59798', 'cbrown@frost.com', '861-390-3947'),
(606021050226, 'Walker-Phelps', 'USNV Bradley\r\nFPO AE 14478', 'kinganthony@smith.com', '229-420-7830'),
(606071942773, 'Mills, Peterson and Patterson', '2695 Garcia Route\r\nSouth Timothy, MI 60568', 'amberhill@moore.com', '856-111-9744'),
(606131172193, 'Cooley Inc', '020 Timothy Mount\r\nBrendamouth, DE 48869', 'jessica77@hotmail.com', '695-730-4415'),
(606269285824, 'Walters Ltd', 'PSC 6075, Box 1730\r\nAPO AE 23867', 'perkinsmark@gmail.com', '100-905-4024'),
(606274365147, 'Bridges, Hernandez and Larson', 'Unit 6457 Box 5146\r\nDPO AE 14160', 'thompsonchristopher@hotmail.com', '381-852-3836'),
(606310133624, 'Johnson, Smith and Wilson', '46507 Jennifer Ridges\r\nAmandabury, DE 97949', 'richardvirginia@yahoo.com', '197-238-5390'),
(606337361346, 'Vega PLC', '691 Alexander Harbors\r\nReneeville, NV 75761', 'crichardson@taylor.biz', '622-446-0333'),
(606401545726, 'Young, Farrell and Anderson', '5862 Maureen Path Apt. 620\r\nNorth Ashleyhaven, TN 11614', 'christopher40@jefferson.com', '725-460-1232'),
(606405093163, 'Anderson-Reed', '11860 Samantha Oval\r\nCastilloton, DC 18970', 'mleonard@yahoo.com', '903-004-6616'),
(606429050140, 'Wilson-Sanchez', '3194 Rangel Fort Suite 077\r\nEast Michaelbury, MI 12076', 'amandarodriguez@schneider-allen.com', '444-503-4847'),
(606435488168, 'Rice, Kane and Rodriguez', '84098 Garcia Mills\r\nNorth Robertshire, WA 82411', 'stephaniewebb@gmail.com', '903-471-2500'),
(606496165283, 'Walker Group', '694 Alexander Field Suite 189\r\nHenrystad, MS 20017', 'zmcdonald@gmail.com', '686-814-1771'),
(606582130014, 'Jackson, Hall and Ortega', '143 Graham Fords Suite 421\r\nLoganton, OK 80804', 'hspencer@yahoo.com', '971-156-2066'),
(606596081629, 'Davis, Diaz and Keller', '45955 Stewart Gateway\r\nEast Patricia, AL 67965', 'reyesmichele@hotmail.com', '511-906-4181'),
(606616513422, 'Johnson and Sons', '849 Lindsey Mall\r\nLanestad, GA 77838', 'gmoore@gomez.com', '899-394-6367'),
(606620261064, 'Cooper-Smith', 'Unit 6903 Box 8614\r\nDPO AP 60155', 'douglaswebster@jones-hernandez.info', '412-900-8555'),
(606716217069, 'Thompson LLC', '80222 Jonathan Coves\r\nNorth Angel, NY 06731', 'nicholsjustin@yahoo.com', '364-625-2731'),
(606746503882, 'Kim, Wallace and Hardy', '53038 Sanders Shore\r\nKatherinefort, MA 39860', 'lisa96@brown.biz', '723-834-7290'),
(606763282207, 'Mayer-Berry', '71674 Erica Circles Suite 391\r\nNorth Jessica, HI 38328', 'ihernandez@griffin.com', '624-550-1590'),
(606828446205, 'Tucker LLC', '331 Glover Ports Apt. 088\r\nDarrylfort, DE 30276', 'hgrant@pena.biz', '793-008-7428'),
(606846350553, 'Shaw, Hardy and Gomez', '793 Wheeler Dale\r\nAvilaland, NC 93702', 'pattersonrobert@payne-morales.info', '395-905-9188'),
(606846377863, 'Hendricks, Clark and Watts', '10149 Lisa Squares\r\nPort Christopherfurt, VT 19186', 'riggsderrick@love.com', '182-187-5637'),
(606864637340, 'Huff, Mayer and Davis', 'Unit 1925 Box 6991\r\nDPO AP 87816', 'rthomas@yahoo.com', '630-338-6899'),
(606926531742, 'Meyer Group', '59632 Carla Vista\r\nNorth Tracey, CO 14394', 'amandanguyen@hotmail.com', '560-297-8954'),
(606991341489, 'Wilson, Powers and Wood', '928 Bautista Spring\r\nMarieshire, MI 54195', 'sheltonabigail@miller.com', '510-967-5885'),
(607014375350, 'Huffman and Sons', '0975 Butler River\r\nMichellemouth, UT 28698', 'kimberlyclark@gmail.com', '548-563-4570'),
(607093108449, 'Whitney, Kennedy and Keller', '38174 Sandra Camp\r\nWest Michelle, RI 69454', 'jamesbonilla@mitchell-watkins.com', '695-365-8368'),
(607097937077, 'Martinez-Goodman', 'PSC 6462, Box 3797\r\nAPO AA 38080', 'anthonyrivera@hotmail.com', '379-912-3784'),
(607163240118, 'Garcia, Lopez and Key', '927 Lutz Ridge\r\nHammondmouth, MN 45706', 'hjames@hotmail.com', '682-201-2074'),
(607164561450, 'Jackson, Brown and Russell', '8635 Flores Prairie\r\nLake Bethanystad, OK 93041', 'rbautista@turner-freeman.biz', '409-531-7996'),
(607227637773, 'Long-Shepherd', '3939 Peter Roads\r\nHarpertown, ND 44577', 'patriciawalker@yahoo.com', '145-550-0347'),
(607228599948, 'Gomez, Davis and Mcdonald', '32956 Campbell Ranch Suite 592\r\nNorth Antonio, NE 80872', 'tammie74@berry.net', '734-669-0141'),
(607246769876, 'Andrews-Alvarado', '968 Samantha Extension\r\nJamestown, UT 99325', 'oclark@yahoo.com', '987-902-6171'),
(607374041354, 'Tran Group', '057 Brandon Radial\r\nWest Eric, MO 07960', 'fsantos@sullivan.com', '206-801-8446'),
(607503172984, 'Jones Group', '6523 Chelsea Port Suite 359\r\nHillchester, CO 75273', 'richardsonbrittany@yahoo.com', '897-328-5887'),
(607550515165, 'Beard and Sons', '5567 Miles Springs Apt. 834\r\nAustinport, AZ 09185', 'nicholscarrie@gmail.com', '434-025-0673'),
(607581376252, 'Hernandez-Jones', '41113 Kemp Camp\r\nMillerstad, KS 76591', 'kbaldwin@bridges-cruz.com', '709-862-4007'),
(607596095111, 'Davis, Prince and Ward', '8713 Hayes Oval Suite 676\r\nNorth Nathanfort, UT 15916', 'theresasherman@gmail.com', '345-200-8096'),
(607662572316, 'Schroeder Inc', '575 Mcdaniel Way\r\nLake Karenchester, FL 25846', 'richardwhite@hotmail.com', '455-865-6529'),
(607732818221, 'Romero Inc', '79635 Richards Landing\r\nNorth Ericamouth, DC 39746', 'wilsonjulia@hotmail.com', '284-982-0301'),
(607758063712, 'Jenkins-Jones', '472 Vaughan Street\r\nWangport, AR 99428', 'amanda69@lewis.com', '162-493-2914'),
(607874699418, 'Harding Ltd', 'Unit 5651 Box 1056\r\nDPO AP 89047', 'ganderson@medina-barton.com', '102-215-3917'),
(607882764749, 'French, Stanley and Barrera', 'USNS Maynard\r\nFPO AP 18464', 'david38@ryan-todd.com', '653-327-2850'),
(607947224772, 'Romero-Cline', '966 Aguilar Freeway Apt. 007\r\nWilliamhaven, IN 41647', 'irice@harris.com', '984-282-0713'),
(607983756632, 'Morgan-Martin', '169 Cynthia Keys\r\nMichelemouth, TN 17490', 'stewartcrystal@gmail.com', '900-448-6638'),
(608046704542, 'Armstrong, Hart and Jones', '68126 April Village\r\nWest Ashleyport, MO 23561', 'pwalton@sweeney-carpenter.net', '336-249-6952'),
(608085779271, 'Miles-Fritz', '069 Davis Mall\r\nNorth Lance, MI 10809', 'jason10@gallagher-johnson.org', '491-704-9774'),
(608263859830, 'Morales Inc', '73355 Emily Unions Suite 896\r\nNorth Christopher, DE 41386', 'john29@castillo.com', '465-035-2342'),
(608272373874, 'Parker Inc', '5526 Dixon Summit Apt. 204\r\nPort Desiree, NY 46314', 'robertbauer@jackson.net', '522-884-5835'),
(608295143427, 'Reed, Sims and Foster', '4821 Jeffery Glens\r\nJonathanfort, MA 80662', 'dmiranda@yahoo.com', '183-425-8984'),
(608390628981, 'Nelson-Mcguire', '45436 White Drive Suite 772\r\nNew Jacob, NM 79837', 'flewis@yahoo.com', '783-527-5455'),
(608390765827, 'Silva and Sons', '864 William Groves Apt. 215\r\nRaymondfurt, NM 57340', 'jlee@yahoo.com', '135-127-3665'),
(608394363163, 'Alexander Ltd', '19268 Jennifer Green\r\nOdonnellton, GA 25506', 'rachelburnett@hotmail.com', '155-609-5370'),
(608425972990, 'Willis-Cannon', '733 Jamie Crest Suite 591\r\nEast Brianhaven, VA 82936', 'emily17@terry.org', '471-844-6463'),
(608435645725, 'Taylor and Sons', '9452 Timothy Expressway Suite 021\r\nKarenville, HI 11815', 'kevintucker@bright.biz', '137-063-9209'),
(608436026872, 'Paul and Sons', '627 Meredith Gateway\r\nNorth Stevenmouth, PA 74842', 'gaycynthia@hotmail.com', '413-086-5604'),
(608474636561, 'Hudson-Davis', '384 Jason Bridge\r\nPort Hollyhaven, DC 61134', 'smithjoshua@yahoo.com', '670-483-3714'),
(608497267125, 'Roberts LLC', '90578 Micheal Underpass\r\nMillerchester, ME 90451', 'steven09@hotmail.com', '365-172-4029'),
(608521004406, 'Hunter, Cook and Turner', '8490 Tina Lights Apt. 729\r\nWest Joyce, SC 56793', 'oliverlauren@gray.com', '825-402-3531'),
(608568692395, 'Carpenter, Mcconnell and Smith', 'PSC 4159, Box 7364\r\nAPO AP 76084', 'becky11@wright.com', '407-683-3467'),
(608571593491, 'Thomas and Sons', '81296 Shane Causeway Apt. 065\r\nAndreatown, IN 60106', 'jennifermorgan@yahoo.com', '986-948-4982'),
(608605172734, 'Hurst Ltd', '40583 Bradley Freeway Apt. 358\r\nNew Kimberly, DC 37924', 'lawrence50@yahoo.com', '633-776-5963'),
(608630284450, 'Garcia, White and Johnson', '3691 Roman Flat Suite 950\r\nNew Bruceborough, ME 27578', 'ibrown@yahoo.com', '557-372-8680'),
(608643014318, 'Robinson, Williams and Shaffer', '73582 Joseph Dam\r\nSouth Sabrinaland, NV 72796', 'woodelizabeth@hotmail.com', '566-786-8113'),
(608767278242, 'Munoz, Prince and May', '47454 Bailey Ville Apt. 738\r\nAlejandroborough, AZ 97488', 'scott00@mills.info', '175-279-6796'),
(608792841252, 'Webster, Jones and Gomez', '0494 Jason Square\r\nPort Brandy, NY 29417', 'conleyandrew@riley.com', '587-691-5314'),
(608852384211, 'Gonzalez-Santiago', '38916 Griffin Trail\r\nMendozafurt, NV 33469', 'james75@martinez-harris.net', '184-743-4936'),
(608857287203, 'Stewart Ltd', '2649 White Gateway\r\nSouth Daleville, MD 79677', 'rebekahwhite@gmail.com', '391-928-7649'),
(608864089914, 'Casey-Mccall', '491 Kristin Locks Suite 600\r\nLake Nathanberg, SD 20508', 'johnlee@meyers.com', '109-757-6494'),
(608914674198, 'King, Carter and Ramos', '52055 Daniel Forge Apt. 885\r\nLake Scottland, KS 59343', 'victor74@kennedy-jones.com', '829-730-9264'),
(608943801426, 'Jones, Brown and Castro', '56529 Cook Rapid\r\nCindyberg, DE 58119', 'nancy50@thomas.info', '664-273-3574'),
(608950318590, 'Ayala LLC', '4721 Cervantes Dam Apt. 003\r\nEast Willietown, IA 73965', 'brownleslie@bell-trujillo.com', '807-763-9115'),
(608981310656, 'Rodriguez, Edwards and Mitchell', 'USS Wheeler\r\nFPO AE 68973', 'josephparsons@gmail.com', '359-928-5024'),
(609062181731, 'May, Santiago and Lee', '021 Perry Lakes Suite 975\r\nWest Kayla, WA 07556', 'brittany21@hotmail.com', '127-971-2894'),
(609087814221, 'Stokes Inc', '8549 Jennifer Trace Suite 289\r\nSouth Ericaport, ME 09758', 'tabitha45@jackson-miles.net', '341-855-5300'),
(609139627859, 'Burton-Hayes', 'PSC 3253, Box 9183\r\nAPO AP 18637', 'alexanderschroeder@hughes.biz', '451-219-0855'),
(609142082650, 'Miller LLC', '866 Allison Bypass\r\nSouth Logan, NJ 15143', 'wflowers@yahoo.com', '908-043-0863'),
(609158812305, 'Clark PLC', '97030 Catherine Valley Apt. 306\r\nWest Rachel, IL 05755', 'gschneider@yahoo.com', '772-693-9746'),
(609200310268, 'Bailey-Scott', '69396 Mary Rest Apt. 981\r\nWest Shelleymouth, KY 66345', 'villarrealbethany@aguilar.com', '576-246-0671'),
(609210765088, 'Jones-Lucas', '45236 Vicki Hills\r\nLake Bonnieside, RI 76690', 'qcastillo@may.net', '476-061-1559'),
(609212523599, 'Allen, Smith and Richardson', '017 Carla Valley Suite 961\r\nTorrestown, AL 52293', 'jason52@walker-farmer.biz', '880-881-6765'),
(609246064806, 'Bailey-Williams', '252 Blankenship Fort Apt. 616\r\nSouth Davidchester, MN 40471', 'sherry45@gmail.com', '297-096-9433'),
(609275085023, 'Morris Group', '0489 Nichole Knoll Suite 484\r\nLake Jason, IL 85859', 'lbryant@donovan-anderson.com', '929-342-2914'),
(609314444926, 'Charles-Patterson', '94427 David Ford Suite 854\r\nPort Cynthia, RI 92780', 'martinezrachel@smith.com', '715-333-0673'),
(609355732543, 'Key, Brown and Morse', '191 Gary Street\r\nRobinfurt, NC 36204', 'grahamsierra@gmail.com', '665-973-8548'),
(609357731236, 'Simpson-Myers', '809 Edwards Ways\r\nJoelberg, OK 65286', 'hernandezjoel@holmes.info', '885-017-3367'),
(609360021058, 'Watts-Smith', '3849 Eddie Hollow\r\nNew Kimberlychester, LA 67233', 'tracey97@hotmail.com', '390-027-8992'),
(609370084981, 'Campos, Hunt and Shelton', '4027 Martin Shoals Suite 282\r\nKarlafort, MS 97880', 'sophia14@martinez.org', '399-134-9008'),
(609373721876, 'Harris, Fox and Griffin', '41629 Contreras Circles\r\nBonnieberg, IL 38183', 'vanessarose@jordan-walker.com', '514-093-2610'),
(609398691015, 'Stewart and Sons', '808 Walker Roads\r\nAguilarmouth, FL 34834', 'vwright@richardson.com', '529-273-1816'),
(609399905277, 'Copeland, Johnson and Taylor', '9860 Nathaniel Spur Apt. 890\r\nNew Erin, KS 07357', 'tiffanykramer@nelson.org', '287-758-9567'),
(609403169100, 'Fox Ltd', '14715 David Spring\r\nWest Jimmyland, NC 90761', 'brian98@hotmail.com', '829-376-4829'),
(609483396014, 'Martin, Hodges and Guzman', '3176 Alexander Path\r\nLouisland, CT 75272', 'imorton@hotmail.com', '830-049-9848'),
(609495949924, 'Thornton, Thompson and Romero', '852 Elizabeth Motorway\r\nRichardsonchester, RI 18837', 'adam20@nguyen.com', '132-069-6840'),
(609514005185, 'Jones-Chavez', '5615 Green Forest\r\nChasestad, NV 34302', 'mahoneyemily@yahoo.com', '868-606-8367'),
(609591211194, 'Spears-Harris', 'Unit 0964 Box 5021\r\nDPO AP 89953', 'dflores@hotmail.com', '157-934-4140'),
(609614384250, 'Mendez, Bowman and Bryant', '8884 Laura Freeway Suite 755\r\nWest Michaelshire, MN 86380', 'nicolehopkins@hotmail.com', '804-429-1494'),
(609649157026, 'Martin PLC', '852 Peterson Street Suite 978\r\nAngelamouth, TX 55856', 'christopherstewart@yahoo.com', '190-112-7327'),
(609669842792, 'Wolfe, Reynolds and Harrison', '5860 Calhoun Estates\r\nRachelmouth, NY 80123', 'michael80@yahoo.com', '697-110-0019'),
(609687103800, 'Thomas, Porter and Harris', '69021 Ramirez Turnpike Suite 665\r\nNguyenchester, IA 21763', 'colemanjacob@rodriguez.net', '702-705-9229'),
(609696190330, 'Nelson-Lawson', '03925 Holmes Parkways\r\nRaymondmouth, CO 68487', 'kfarley@gmail.com', '997-761-9257'),
(609701453704, 'Carroll-Arroyo', '657 Gross Junction Suite 613\r\nNorth Reginashire, HI 13811', 'christina17@yahoo.com', '585-575-2603'),
(609705663351, 'Johnson Group', '9444 Christina Inlet\r\nPort Rhondaside, LA 15013', 'johnsonraymond@roberts-adams.com', '408-913-5738'),
(609758071424, 'Webster, Hinton and Clements', '73284 Eric Well Suite 736\r\nWest Jasmine, NJ 06594', 'nicolejohnson@brown.net', '244-429-1676'),
(609833555197, 'Hopkins-Cruz', '215 Travis Dam Suite 608\r\nWilliemouth, ND 53846', 'cmeyer@king.com', '425-993-9011'),
(609857422561, 'Rodriguez-Smith', '932 Heather Brook Suite 689\r\nSouth Nicholaschester, NH 22503', 'jodisantos@hotmail.com', '914-748-8584'),
(609919800579, 'Collins, Hall and Sullivan', '74938 Smith Garden Apt. 970\r\nChristianburgh, UT 43951', 'kbrown@williams.com', '328-421-6456'),
(609991980284, 'Porter and Sons', '66946 Mark Forks\r\nWest Nancyside, OR 33208', 'lawrence18@whitney.com', '703-869-0649');

-- --------------------------------------------------------

--
-- Table structure for table `InsuranceNetworks`
--

CREATE TABLE IF NOT EXISTS `InsuranceNetworks` (
  `NetworkID` bigint(20) unsigned NOT NULL,
  `NetworkName` varchar(45) NOT NULL,
  PRIMARY KEY (`NetworkID`)
) ENGINE=InnoDB DEFAULT CHARSET=latin1;

--
-- Dumping data for table `InsuranceNetworks`
--

INSERT INTO `InsuranceNetworks` (`NetworkID`, `NetworkName`) VALUES
(500031708843, 'Norris LLC'),
(500195759321, 'Pierce-Brown'),
(500214605549, 'Frazier-Rasmussen'),
(500237573576, 'Avila PLC'),
(500253184319, 'Miller and Sons'),
(500344309539, 'Jordan Ltd'),
(500415907038, 'Barron and Sons'),
(500479952538, 'Hodges, Smith and Burke'),
(500486140781, 'Anderson Ltd'),
(500487941872, 'Romero-Jones'),
(500493189010, 'Frye-Thompson'),
(500531834738, 'Russo-Jacobson'),
(500567532015, 'Strong, Jimenez and Johnson'),
(500593836346, 'Salazar, Adams and Hoffman'),
(500596262333, 'Wood Ltd'),
(500610629513, 'Moore-Woods'),
(500620675566, 'Sosa and Sons'),
(500673013383, 'Kelly, Allen and Robinson'),
(500683981527, 'Mitchell-Goodwin'),
(500752682585, 'Harris, Jones and Harris'),
(500770936777, 'Moore, Martinez and Wilson'),
(500898331354, 'Chavez, Tran and Hendricks'),
(500908669469, 'Mason-Jacobs'),
(500938330892, 'Cook, Cummings and Castillo'),
(500984064880, 'Savage-Price'),
(501048775081, 'Lewis, Mendoza and Lewis'),
(501128828165, 'Mills-Mitchell'),
(501142211059, 'Miller-Webster'),
(501145156116, 'Bell-Randall'),
(501201112267, 'Moreno-Smith'),
(501219827522, 'Stephens, Watkins and Cantrell'),
(501250779658, 'Norton, Castro and Hawkins'),
(501257566272, 'Ellis-Brown'),
(501286854468, 'Giles-Carlson'),
(501393214287, 'Lee-Proctor'),
(501463861556, 'Hawkins, Wood and Carlson'),
(501529269658, 'Thompson Ltd'),
(501565499010, 'Reed Group'),
(501568094913, 'Wright, Villarreal and Scott'),
(501577920701, 'Reed-Walker'),
(501583808608, 'Chavez LLC'),
(501593562349, 'Cooper Ltd'),
(501595268994, 'Jones, Griffin and Wilson'),
(501598318304, 'Taylor-Davis'),
(501614383806, 'Evans Group'),
(501673577336, 'Clarke, Jackson and Ward'),
(501711210565, 'Hicks-Rodriguez'),
(501784952613, 'Perez, Casey and Arnold'),
(501786085699, 'Serrano, Delgado and Morales'),
(501897100825, 'Pierce, Zuniga and Hogan'),
(501941698606, 'Mcdaniel-Mckinney'),
(501993852958, 'Morgan and Sons'),
(502103757653, 'Aguilar-Lewis'),
(502242834199, 'Reed and Sons'),
(502249850993, 'Wells, Simpson and Cook'),
(502262342797, 'Harris Ltd'),
(502338564169, 'Henderson, Gardner and Wilson'),
(502353009317, 'Mahoney, Clark and Guerra'),
(502400303460, 'Henry, Tyler and Miller'),
(502405615211, 'Pruitt, Gray and Navarro'),
(502437719265, 'Mathews, Hughes and Brown'),
(502493530622, 'Walker, Johnson and Hernandez'),
(502532795793, 'Johnson-Melton'),
(502549805914, 'Murphy, White and Fisher'),
(502599639859, 'Little, Davis and Brown'),
(502646887859, 'Hill PLC'),
(502652192639, 'White, Sims and Guerrero'),
(502725888030, 'Little-Branch'),
(502788256927, 'Leach, Savage and Flores'),
(502821852550, 'Long-Turner'),
(502827062429, 'Cobb LLC'),
(502914987456, 'Roberts, Chandler and Smith'),
(502924311688, 'Walker Ltd'),
(502924425412, 'Anderson PLC'),
(503016898478, 'Schultz, Scott and Hayes'),
(503073481883, 'Anderson, Tyler and West'),
(503095928977, 'Anderson, Smith and Frank'),
(503164418401, 'Smith-Kim'),
(503213185353, 'Harper-King'),
(503225811936, 'Lee, Davidson and Campbell'),
(503228770594, 'Mccoy Inc'),
(503238465890, 'Fields Ltd'),
(503258791919, 'Hodge Ltd'),
(503333524242, 'Fritz, Roberts and Pierce'),
(503357098413, 'Brown, Day and King'),
(503408189487, 'Miller-Smith'),
(503455909648, 'Maynard-Fletcher'),
(503471506252, 'Miller-Young'),
(503546504824, 'Perez, Herring and Pitts'),
(503566537170, 'Tucker and Sons'),
(503623792572, 'Smith-Shepherd'),
(503662125301, 'Foster, Park and Brown'),
(503682382341, 'Miller-Turner'),
(503749350922, 'Torres Inc'),
(503805644207, 'Mack-Terry'),
(503812668789, 'Mccoy LLC'),
(503843456720, 'Freeman, Allen and Daniels'),
(503929806842, 'Escobar and Sons'),
(503992459874, 'Wheeler Group'),
(504041001518, 'French-Harding'),
(504065474864, 'Miller, Fox and Alvarez'),
(504125611585, 'Singleton-Pitts'),
(504148951968, 'Johnston LLC'),
(504173759474, 'Brown-Schultz'),
(504209449319, 'Merritt-Miller'),
(504261181988, 'Smith and Sons'),
(504348147013, 'Moon-Brewer'),
(504397278972, 'Kerr, Campos and Lester'),
(504430390511, 'Rogers Ltd'),
(504438571731, 'Brooks, Bryant and Davis'),
(504466054447, 'Cruz Inc'),
(504482695547, 'White Ltd'),
(504497018308, 'Barnes-Williams'),
(504511353440, 'Morris LLC'),
(504551584272, 'Torres, Wright and Zamora'),
(504634646744, 'Ward Inc'),
(504661932795, 'Cooper-Sanchez'),
(504698144941, 'Curtis, Johnson and Barnett'),
(504706012961, 'Massey Inc'),
(504732296023, 'Torres Inc'),
(504850614679, 'Huang Inc'),
(504867742991, 'Mora PLC'),
(504880815991, 'Valentine, Dominguez and Porter'),
(504898196125, 'Hernandez and Sons'),
(504913103529, 'Stevens Inc'),
(504953393819, 'Mckenzie Group'),
(504979962340, 'Horton Ltd'),
(504990826239, 'Wilkins-Hernandez'),
(504999731757, 'Caldwell Group'),
(505040075377, 'Wise, Chase and Black'),
(505077984920, 'Alvarado and Sons'),
(505101653819, 'Nicholson LLC'),
(505139874610, 'Navarro PLC'),
(505147239224, 'Rios, Rodriguez and Gibson'),
(505154206055, 'Smith-Moore'),
(505157400542, 'Cooper PLC'),
(505170714398, 'Salazar-Powell'),
(505173688513, 'Horton Ltd'),
(505189110527, 'Cruz, Henry and Ross'),
(505227985837, 'Brown, Smith and Campbell'),
(505229291328, 'Garcia-Wright'),
(505238380320, 'Brown, Weaver and Mccoy'),
(505245092553, 'Allison-Martin'),
(505289588186, 'Bailey-Taylor'),
(505289860626, 'Torres-Diaz'),
(505290693750, 'Lopez-Dunn'),
(505311457759, 'Johnson, Fleming and Baird'),
(505315067702, 'Johnson, Potts and Martinez'),
(505319354687, 'Simmons, Mcgee and Wilson'),
(505335051633, 'Beasley-Cabrera'),
(505376805498, 'Spencer Group'),
(505415146965, 'Mcclain-Yates'),
(505454333102, 'Duarte and Sons'),
(505491039916, 'Bennett, Obrien and Ramirez'),
(505506769210, 'Stewart, Short and Gross'),
(505515024014, 'Murphy PLC'),
(505641592184, 'Mcfarland-Pham'),
(505707881195, 'Barrett, Gardner and Thompson'),
(505712745531, 'Taylor LLC'),
(505727284835, 'Davis, Mccarthy and Mcconnell'),
(505744192099, 'Phillips, King and Glover'),
(505759756260, 'Lin Inc'),
(505772880125, 'Wheeler Group'),
(505783432767, 'Gray-Parker'),
(505831909790, 'Wilson, White and Medina'),
(505860312811, 'Thomas-Carter'),
(505891980266, 'Fisher-Greene'),
(505972785621, 'Williams, Morris and Fisher'),
(505975153756, 'Thomas, Morgan and Collins'),
(505984500283, 'Bowen-Crawford'),
(505984687279, 'Johnson Ltd'),
(505987332838, 'Mercado, Johnson and Ortega'),
(505991617429, 'Matthews Inc'),
(506091324547, 'Brown, Nelson and Bradley'),
(506112073290, 'Boyd-Lawrence'),
(506159366931, 'Patterson, Graham and Garcia'),
(506162465003, 'Cameron, Delgado and Patterson'),
(506169662600, 'Harris Inc'),
(506192974702, 'Griffin Ltd'),
(506223193303, 'Valencia Ltd'),
(506276377003, 'Miller Inc'),
(506352262780, 'Beard PLC'),
(506370882341, 'Baker-Newton'),
(506398639643, 'Allen Ltd'),
(506462873608, 'Jackson-Clark'),
(506463385470, 'Monroe Ltd'),
(506481742348, 'Beck, Friedman and Alexander'),
(506515966799, 'Butler PLC'),
(506574142591, 'Mcdaniel-Camacho'),
(506632613838, 'Sanchez-Charles'),
(506647991108, 'Boyle, Jones and Clarke'),
(506690511155, 'Bell-Lane'),
(506806459092, 'Simmons LLC'),
(506858555740, 'Moore-Thomas'),
(506923017075, 'Ritter, Foster and Finley'),
(506970991260, 'Newman Ltd'),
(506981570991, 'Estrada Inc'),
(507011892605, 'Vang Group'),
(507051776600, 'Hamilton-Campbell'),
(507101428910, 'Miller, Brown and Thornton'),
(507108506069, 'Vargas LLC'),
(507123518609, 'Johnson-Wade'),
(507131876775, 'Garza-English'),
(507139522135, 'Sullivan, Quinn and Brown'),
(507176922466, 'Lee, Adams and Fernandez'),
(507189674455, 'Sullivan, Lewis and Mcdaniel'),
(507204204991, 'Jones, Gonzalez and Johnson'),
(507274728590, 'Roth, Carpenter and Davis'),
(507334144694, 'Rogers, Sanchez and Bean'),
(507344693095, 'Rodriguez, Fernandez and Smith'),
(507444176103, 'Maxwell PLC'),
(507485540443, 'Mullins Group'),
(507491465323, 'Ortega, Rodriguez and Neal'),
(507496963529, 'Peck-Barnes'),
(507529576893, 'Jackson-Bruce'),
(507538077219, 'Jordan, Price and Steele'),
(507613239998, 'Campbell-Chan'),
(507671490090, 'Bryant, Thompson and Sanchez'),
(507685518085, 'Klein-Smith'),
(507697573807, 'Lawson PLC'),
(507701196763, 'Schneider, Velazquez and White'),
(507770597697, 'Mclean, Leonard and Boyd'),
(507804249114, 'Casey-Ward'),
(507811094075, 'Newman, Allen and Kerr'),
(507814975774, 'Williams Inc'),
(507875896825, 'Nguyen Group'),
(507907040917, 'Burgess LLC'),
(507928085467, 'Poole-Hill'),
(508033397852, 'Cordova and Sons'),
(508056905833, 'Lee PLC'),
(508219488205, 'Hernandez Inc'),
(508251081373, 'Lee Inc'),
(508283671377, 'Villarreal Group'),
(508284363770, 'Stuart, Morris and Edwards'),
(508305099924, 'Davis-Kelley'),
(508315357070, 'Jackson-Davidson'),
(508319442269, 'Miller-Mcmillan'),
(508408182218, 'Robinson-Adams'),
(508420416059, 'Park PLC'),
(508461878171, 'Reynolds, Pacheco and Moore'),
(508597062380, 'Reed-Bruce'),
(508723541894, 'Ramirez LLC'),
(508736275221, 'Lopez Group'),
(508764869406, 'Richards-Becker'),
(508770791269, 'Anderson-Cantu'),
(508866720426, 'Harrison Inc'),
(508869386758, 'Smith LLC'),
(508894057064, 'Irwin, Mccarthy and Ball'),
(508907670985, 'King, Williams and Graham'),
(508965472016, 'Pena PLC'),
(508974272534, 'Martinez Group'),
(509062388002, 'Crane, Contreras and Oconnor'),
(509082611833, 'White-Gutierrez'),
(509094248916, 'Knight-Huffman'),
(509112515305, 'Taylor PLC'),
(509113860833, 'Reed LLC'),
(509128971665, 'Smith and Sons'),
(509176403325, 'Sanders, Arnold and Ward'),
(509180694320, 'Smith-Ali'),
(509238473292, 'Cantrell and Sons'),
(509245060864, 'Hicks Ltd'),
(509269019724, 'Johnson, Riddle and Wright'),
(509279133639, 'Irwin Inc'),
(509307520505, 'Marquez PLC'),
(509399652875, 'Michael-Benitez'),
(509415424231, 'Jones-Gentry'),
(509416566577, 'Chan, Gentry and Shaw'),
(509427823864, 'Brown, Olson and Mayo'),
(509452173157, 'Jones-Dickson'),
(509459801157, 'Trevino LLC'),
(509483887590, 'Ramirez-Snyder'),
(509503403940, 'Crosby, Thompson and Lee'),
(509521561536, 'Dean, Booth and Stewart'),
(509540393252, 'Silva, Jones and Lee'),
(509561364750, 'Long-Johnson'),
(509627433205, 'Price, Strickland and Johnson'),
(509627698157, 'Valenzuela, Macdonald and Castillo'),
(509638373930, 'Thompson, Tyler and Knox'),
(509688060609, 'Romero Inc'),
(509722111279, 'Vazquez, Fisher and Carter'),
(509778771674, 'Whitney, Sanford and Wright'),
(509796439801, 'Wong, Schwartz and Gonzalez'),
(509798240462, 'Church Inc'),
(509842479102, 'Leblanc PLC'),
(509876364202, 'Harris-Singleton'),
(509895404422, 'Pope-Jackson'),
(509896731070, 'Wise-Gomez'),
(509930563218, 'Smith-Beltran'),
(509980667018, 'Graham-Davis'),
(509993148965, 'Ochoa Ltd');

-- --------------------------------------------------------

--
-- Table structure for table `InsurancePlans`
--

CREATE TABLE IF NOT EXISTS `InsurancePlans` (
  `PlanID` bigint(20) unsigned NOT NULL,
  `InsuranceCompanyID` bigint(20) unsigned NOT NULL,
  `LifetimeCoverage` int(11) NOT NULL,
  `AnnualPremium` int(11) NOT NULL,
  `AnnualDeductible` int(11) NOT NULL,
  `Coverage` float NOT NULL,
  PRIMARY KEY (`PlanID`,`InsuranceCompanyID`),
  KEY `InsuranceCompanyID` (`InsuranceCompanyID`)
) ENGINE=InnoDB DEFAULT CHARSET=latin1;

--
-- Dumping data for table `InsurancePlans`
--

INSERT INTO `InsurancePlans` (`PlanID`, `InsuranceCompanyID`, `LifetimeCoverage`, `AnnualPremium`, `AnnualDeductible`, `Coverage`) VALUES
(700008024685, 605250751540, 2169613, 14897, 1073, 0.529688),
(700019348374, 600224071297, 2175461, 16354, 4514, 0.652875),
(700064380707, 609696190330, 2235167, 19754, 6843, 0.312699),
(700170742157, 609212523599, 2441933, 16228, 6270, 0.534307),
(700188539360, 603721527456, 1173841, 16527, 2492, 0.418045),
(700199771733, 607732818221, 1310711, 9819, 776, 0.546312),
(700210818165, 609142082650, 1551214, 13095, 11118, 0.584097),
(700230954737, 600224071297, 1279220, 11266, 13313, 0.367751),
(700252094596, 603017826767, 2477256, 13046, 12790, 0.381266),
(700254689847, 607983756632, 1896807, 12302, 12739, 0.0427955),
(700260252966, 607596095111, 1819930, 17410, 8136, 0.215957),
(700277418733, 609833555197, 1788782, 11924, 18959, 0.518491),
(700284869081, 605836623220, 2492177, 19651, 6661, 0.0343291),
(700289413233, 608571593491, 1844897, 8730, 1481, 0.687188),
(700453801514, 609758071424, 1758201, 19837, 15013, 0.115288),
(700476486645, 606021050226, 1197265, 18857, 4385, 0.513387),
(700479086265, 602527412643, 2351420, 2210, 15251, 0.743468),
(700516135339, 601082277336, 745238, 3995, 12250, 0.14028),
(700564879429, 604341296437, 1859418, 8718, 867, 0.508938),
(700632724502, 604399504654, 1027135, 6541, 18496, 0.740847),
(700667392939, 609200310268, 1443515, 12150, 12705, 0.508714),
(700694292974, 608914674198, 1599713, 11083, 13622, 0.817838),
(700720542870, 605371194184, 2122760, 2282, 18799, 0.36512),
(700725073895, 608605172734, 2149319, 13098, 2187, 0.727414),
(700767852249, 601311509781, 713639, 13120, 14355, 0.909505),
(700787712754, 600612215564, 1274495, 3950, 6296, 0.244762),
(700868821681, 609919800579, 551606, 12883, 9887, 0.454522),
(701000896341, 603490329575, 1759509, 3701, 8125, 0.337338),
(701020019899, 609200310268, 894583, 4793, 6428, 0.0297871),
(701026329466, 606620261064, 1402824, 14216, 17241, 0.23311),
(701067093165, 606620261064, 1649425, 3041, 9320, 0.194203),
(701099810293, 606828446205, 1122823, 1014, 13759, 0.514805),
(701151271150, 600330872203, 2436991, 11032, 13784, 0.870066),
(701255638043, 604553637375, 1113244, 17660, 10943, 0.802155),
(701334146518, 607164561450, 1003688, 3601, 13217, 0.991604),
(701345798460, 603367541151, 1069816, 7561, 2313, 0.0980186),
(701349003383, 609087814221, 1519587, 5718, 18604, 0.338079),
(701394548200, 606401545726, 1632792, 516, 11341, 0.965382),
(701405693435, 606716217069, 1762138, 18353, 14509, 0.191301),
(701409207878, 601361930010, 1392659, 12950, 3862, 0.36588),
(701420766039, 606435488168, 1951855, 1293, 7944, 0.668237),
(701471514512, 603147956196, 2017371, 11989, 15504, 0.98119),
(701500535420, 602604440676, 810704, 4780, 14668, 0.0666454),
(701594591227, 603017826767, 827446, 3811, 8988, 0.577351),
(701636914180, 601434492230, 2416837, 4040, 4061, 0.150671),
(701684922417, 603367541151, 2098679, 10056, 2829, 0.965904),
(701742745994, 603119544105, 2372015, 17768, 6680, 0.558921),
(701759480140, 609357731236, 646426, 12577, 12842, 0.678943),
(701814021795, 609246064806, 2499515, 19380, 9541, 0.558274),
(701891356776, 605996169011, 2406979, 15876, 4387, 0.189445),
(702045746171, 605606218153, 1617840, 725, 7329, 0.102738),
(702062987281, 609483396014, 861969, 9618, 12921, 0.0811156),
(702088187769, 605024394811, 2246992, 4664, 8544, 0.723132),
(702116741411, 600104991013, 2041945, 12866, 14671, 0.0267524),
(702117335805, 606337361346, 2354067, 4145, 3259, 0.304244),
(702163359909, 608394363163, 1806978, 5080, 6520, 0.0285103),
(702178959092, 602572605242, 1969438, 1222, 12527, 0.43456),
(702184427652, 609357731236, 1907106, 18996, 12447, 0.320923),
(702210756485, 609399905277, 603541, 2391, 1595, 0.327335),
(702257372711, 604696908894, 1198001, 11771, 10594, 0.155827),
(702303410628, 606828446205, 2368141, 4415, 13520, 0.359466),
(702305074707, 609314444926, 1895769, 9763, 15193, 0.761044),
(702346886887, 602608511527, 1494540, 13324, 11679, 0.145959),
(702349375065, 600264599419, 1609437, 4705, 14126, 0.0730156),
(702381581832, 603017826767, 1658552, 13275, 3131, 0.466881),
(702481830410, 605612508126, 1257040, 4618, 6885, 0.6976),
(702545749459, 609701453704, 1046141, 17632, 7612, 0.0867016),
(702596510079, 604928563100, 1294199, 1860, 3171, 0.699469),
(702676277021, 609398691015, 752524, 15623, 16894, 0.5933),
(702704665524, 606846350553, 2018193, 6813, 12808, 0.717875),
(702706495863, 609649157026, 517155, 13419, 16356, 0.0862233),
(702709585899, 605836623220, 1564261, 11560, 19435, 0.90327),
(702723056061, 605371194184, 2177860, 7346, 692, 0.239965),
(702741555107, 602437596386, 1835038, 9745, 11090, 0.416542),
(702756134368, 603561818992, 1065921, 13707, 5401, 0.198302),
(702780268170, 605945446681, 2135655, 14074, 12274, 0.666503),
(702789172104, 604399504654, 691209, 1867, 17171, 0.49531),
(702836729010, 600224071297, 1708848, 15155, 16889, 0.610989),
(702908655086, 605024394811, 2362224, 12270, 10381, 0.0052164),
(702918555379, 603986179982, 2045341, 3901, 1637, 0.839265),
(702959382508, 601139171936, 1880824, 2074, 7366, 0.0192317),
(702972285433, 607014375350, 1134848, 1441, 4727, 0.350826),
(702998473038, 608425972990, 2260044, 12347, 1498, 0.95056),
(703086529670, 602706418137, 1220579, 11226, 10801, 0.137942),
(703175306239, 608857287203, 2356437, 11529, 10783, 0.27561),
(703208445162, 603980530187, 1467147, 18218, 831, 0.469342),
(703209691142, 606496165283, 564175, 12381, 3963, 0.148547),
(703230869014, 605966123945, 1507932, 5916, 15259, 0.443416),
(703246701797, 609514005185, 1897898, 16550, 8122, 0.275101),
(703277846173, 600696294088, 1760866, 583, 13500, 0.88001),
(703305734431, 602706418137, 625560, 16533, 12335, 0.12916),
(703348153168, 603632731555, 1467308, 14909, 9290, 0.058399),
(703356724699, 608981310656, 1001621, 2842, 2473, 0.54276),
(703365834211, 607983756632, 2205674, 5066, 8780, 0.655925),
(703371111416, 603343452680, 2367772, 4706, 7128, 0.709739),
(703380644065, 601434492230, 1824447, 6933, 5315, 0.123609),
(703388613704, 601209252978, 2376058, 16732, 11808, 0.561559),
(703417385307, 607596095111, 1263017, 18045, 11176, 0.809782),
(703480322725, 608521004406, 1858190, 6304, 19449, 0.635917),
(703540311318, 603152815691, 1544624, 8880, 1788, 0.230418),
(703595879157, 605945446681, 1751194, 899, 17102, 0.289573),
(703753213959, 609210765088, 816741, 1529, 16615, 0.946953),
(703770039409, 609357731236, 926938, 7741, 7667, 0.082414),
(703824575520, 601045314431, 837563, 12798, 9289, 0.10587),
(703892191433, 604905189495, 745352, 18772, 17135, 0.412894),
(703942334290, 606596081629, 610635, 12230, 19760, 0.791327),
(704029817127, 602314470597, 1953703, 8737, 5465, 0.293036),
(704051615043, 609403169100, 1371635, 9776, 4950, 0.531454),
(704129029498, 600033227897, 1985086, 13204, 8438, 0.714797),
(704132611416, 609275085023, 841704, 10912, 16672, 0.557123),
(704171550347, 600907717503, 2135546, 9058, 13473, 0.0353259),
(704209430985, 603441316573, 902031, 8995, 16504, 0.524924),
(704214725137, 609919800579, 2171007, 6573, 13461, 0.148518),
(704230221756, 606596081629, 2127370, 12010, 10933, 0.437356),
(704268638313, 607097937077, 1270670, 2466, 3050, 0.301264),
(704276024110, 606991341489, 1062480, 14007, 3292, 0.750896),
(704410184187, 603320673813, 1458319, 17750, 16489, 0.84175),
(704431398195, 602909944041, 1100213, 8530, 14089, 0.00795032),
(704485850912, 607246769876, 1530720, 16954, 4270, 0.571236),
(704494182442, 609398691015, 1142352, 9746, 15674, 0.55671),
(704501980912, 601987284420, 1662025, 6691, 14152, 0.107813),
(704508569820, 605024394811, 2484930, 2800, 7251, 0.918337),
(704561016785, 609758071424, 2282340, 10649, 3368, 0.907488),
(704568875124, 609696190330, 1823601, 5554, 18644, 0.0855529),
(704600924663, 605888703768, 2287324, 7111, 7661, 0.475766),
(704607867273, 601311509781, 837573, 14405, 16951, 0.0192524),
(704607970402, 609919800579, 1694040, 16989, 10156, 0.828217),
(704678790687, 605695483693, 1090643, 18079, 2082, 0.937263),
(704755459059, 609669842792, 961043, 6061, 10947, 0.982073),
(704769966808, 607227637773, 1044693, 11199, 3461, 0.404577),
(704813043029, 609246064806, 1094095, 3715, 18862, 0.859844),
(704842358606, 605371194184, 2391916, 11289, 2172, 0.468506),
(704900034750, 608630284450, 2145812, 10313, 4275, 0.802001),
(705002262485, 604696908894, 2454965, 7598, 16369, 0.593445),
(705091568543, 604021887821, 1868809, 14928, 13552, 0.211148),
(705095551398, 603796133531, 2035892, 10295, 614, 0.666705),
(705107445942, 606991341489, 2102957, 3179, 16134, 0.397755),
(705193403290, 604112184931, 810309, 12176, 8548, 0.90574),
(705364582409, 608950318590, 663606, 17265, 7816, 0.57336),
(705386469407, 606596081629, 560262, 15397, 11705, 0.13053),
(705537759530, 609087814221, 1137554, 19050, 5719, 0.652539),
(705618411940, 606016502578, 1569121, 12341, 9270, 0.442328),
(705627692394, 608571593491, 1607478, 16109, 9334, 0.945688),
(705647662068, 601067702513, 1358472, 16191, 15424, 0.397666),
(705650276525, 609158812305, 2225690, 8170, 9979, 0.852964),
(705653127670, 604889894606, 2325371, 10468, 12356, 0.678155),
(705665101957, 601434492230, 1606642, 17297, 13521, 0.0656193),
(705674761981, 608643014318, 1833813, 17045, 4891, 0.766819),
(705683901759, 604802621616, 1944988, 19990, 2452, 0.316206),
(705744730302, 607164561450, 2347690, 7428, 17414, 0.0732839),
(705760967178, 608981310656, 1122519, 9022, 16848, 0.954737),
(705808910771, 609991980284, 933165, 17665, 11333, 0.188798),
(705830142563, 603866048638, 2398919, 1903, 13949, 0.414569),
(705913487441, 607093108449, 1872868, 7530, 10487, 0.919502),
(705938050079, 600612215564, 1448887, 18532, 11078, 0.00318285),
(705945333781, 604553637375, 2005511, 12525, 19920, 0.601667),
(705959562378, 608272373874, 2359781, 10432, 2887, 0.337677),
(705980230476, 605391910160, 1695881, 18578, 6541, 0.651179),
(706013931048, 600588393057, 2154670, 3572, 16208, 0.243461),
(706064351088, 609373721876, 772679, 2069, 16130, 0.159106),
(706085275300, 609591211194, 1720596, 2700, 6475, 0.390633),
(706110929492, 606864637340, 2485873, 17026, 9036, 0.704566),
(706111987116, 601575701417, 1992820, 16682, 6847, 0.506268),
(706130376611, 603441316573, 1477717, 3027, 17737, 0.37306),
(706157266601, 606269285824, 654546, 12158, 9733, 0.0368988),
(706157460718, 604112184931, 1033349, 17962, 15569, 0.0137793),
(706189638951, 601575701417, 1854664, 5820, 3909, 0.544383),
(706216952951, 602505888089, 711381, 3355, 5503, 0.111763),
(706253433758, 604021887821, 1234022, 12020, 15862, 0.955829),
(706261400184, 606828446205, 806951, 18783, 8986, 0.88553),
(706270106680, 605834181570, 590507, 5255, 4940, 0.566249),
(706380623609, 608792841252, 1007873, 3914, 15233, 0.00110581),
(706410196754, 602154675143, 1549520, 7561, 11569, 0.0382181),
(706438080549, 602505888089, 1811262, 13651, 17251, 0.224509),
(706471110846, 603147956196, 994834, 17277, 4107, 0.536918),
(706477284785, 604611807738, 2336368, 8239, 13575, 0.77307),
(706543354318, 606435488168, 2263712, 2749, 15766, 0.879059),
(706548188534, 603874058880, 1404490, 9927, 3608, 0.285855),
(706559111543, 605965203626, 1300067, 19977, 7873, 0.308524),
(706592947917, 606716217069, 1735271, 8963, 7387, 0.845869),
(706626199992, 607596095111, 1716751, 12429, 9367, 0.368908),
(706707655943, 603721527456, 1725796, 10731, 8203, 0.443092),
(706724004880, 607093108449, 2311438, 7720, 15391, 0.77055),
(706786976631, 603367541151, 2370972, 9613, 19508, 0.715204),
(706806587886, 603017826767, 1716260, 10628, 7060, 0.686747),
(706860259369, 606620261064, 2083252, 6438, 3316, 0.507177),
(706926794715, 607163240118, 1308988, 1149, 10954, 0.509171),
(706976746205, 606435488168, 2118388, 18991, 18020, 0.755097),
(707065198359, 609246064806, 946550, 9625, 3002, 0.394203),
(707103318168, 604802621616, 1527447, 7266, 6728, 0.632497),
(707108510904, 606131172193, 2190508, 15113, 9481, 0.82797),
(707126832774, 606991341489, 695133, 15891, 10962, 0.638201),
(707156504629, 602608511527, 2273276, 14976, 7876, 0.505555),
(707221251214, 606405093163, 893373, 4341, 4530, 0.929621),
(707237100777, 601717626483, 2243741, 3794, 11339, 0.872373),
(707277054438, 609139627859, 2307542, 12183, 10375, 0.851497),
(707329002562, 608425972990, 2228123, 18323, 3975, 0.0850305),
(707330445546, 609514005185, 1609681, 11235, 668, 0.263966),
(707336668892, 608568692395, 753605, 17287, 13578, 0.747315),
(707379158906, 607014375350, 945667, 11620, 8576, 0.966799),
(707398368200, 608857287203, 1522255, 1791, 1481, 0.697061),
(707406592515, 600128839236, 1782519, 12922, 13529, 0.634658),
(707489935504, 600751559844, 2438694, 9389, 6927, 0.71287),
(707497950484, 603490329575, 799373, 4391, 11052, 0.730524),
(707556532331, 600376712580, 1889629, 16470, 3518, 0.490888),
(707563196428, 609399905277, 1309403, 10322, 6209, 0.187684),
(707619476507, 604737051726, 1654842, 19877, 4619, 0.679118),
(707623727138, 602998653821, 1855172, 13137, 12126, 0.938309),
(707665741828, 605636159942, 1401336, 16836, 6395, 0.500622),
(707690609652, 604611807738, 2236759, 10737, 18856, 0.63498),
(707803971801, 603246123358, 559097, 9774, 18166, 0.960422),
(707925629239, 602998653821, 859766, 11834, 2929, 0.85399),
(707934621485, 603152815691, 2342366, 18421, 16629, 0.356959),
(707979247816, 603645586272, 1184706, 13056, 5687, 0.90568),
(708015289151, 607662572316, 1523106, 12747, 3254, 0.3497),
(708019977073, 600461585511, 1357153, 9743, 19190, 0.870367),
(708032915517, 600751559844, 2215740, 19510, 10706, 0.0228517),
(708042990724, 601093073034, 1354428, 1362, 2695, 0.796357),
(708065459771, 601139171936, 934950, 4336, 5987, 0.790055),
(708084599117, 607758063712, 1678730, 16829, 14054, 0.397697),
(708127869435, 609314444926, 1689442, 19995, 537, 0.691055),
(708139609223, 603490329575, 1241312, 10211, 2782, 0.451501),
(708167938577, 600590246159, 797189, 5051, 3137, 0.855514),
(708169848743, 604236258968, 1978478, 17663, 12124, 0.43391),
(708192500235, 606991341489, 1704961, 6469, 6252, 0.106297),
(708196361429, 609483396014, 1887423, 16430, 1340, 0.283546),
(708225646075, 601625355204, 1117948, 8442, 10750, 0.37561),
(708248852643, 608295143427, 1782582, 10633, 6933, 0.455349),
(708285587330, 603986179982, 1692148, 4811, 3377, 0.769631),
(708304479929, 603152815691, 1544288, 12554, 4349, 0.312701),
(708307928407, 604660259283, 2374719, 8962, 11397, 0.406502),
(708313795825, 607093108449, 642154, 18722, 2472, 0.145625),
(708335398586, 606582130014, 721818, 13774, 5495, 0.267982),
(708374137060, 602909944041, 2342326, 11230, 8849, 0.582777),
(708384758806, 601447942184, 1316505, 1089, 7924, 0.313095),
(708396025403, 602154675143, 2408917, 18533, 18722, 0.561127),
(708426463562, 602314470597, 2118298, 15780, 2355, 0.0781333),
(708476769781, 601434492230, 1486866, 15316, 16782, 0.54779),
(708496145240, 602314470597, 843922, 5224, 10828, 0.943559),
(708508835409, 606616513422, 1301153, 1598, 18555, 0.103626),
(708594878232, 609403169100, 1142059, 4320, 18506, 0.949909),
(708614051940, 609649157026, 2147006, 6687, 13849, 0.490113),
(708624161131, 604334952581, 1829875, 10630, 19368, 0.529366),
(708639444570, 602898380748, 2343814, 19796, 9848, 0.281535),
(708673064244, 605084529078, 680728, 14117, 14053, 0.0265927),
(708720016068, 600461585511, 792734, 3587, 18495, 0.773722),
(708729087689, 608085779271, 2176245, 10996, 3469, 0.591811),
(708792712764, 601114617759, 1731325, 17313, 5767, 0.387335),
(708801571502, 602704358805, 1927812, 18302, 14745, 0.957627),
(708808133757, 608568692395, 1482001, 5653, 15408, 0.9852),
(708837794548, 601447942184, 2359209, 15919, 6565, 0.269022),
(708839198901, 606763282207, 2053298, 6384, 6671, 0.849127),
(708914824837, 604681738584, 1676673, 4119, 721, 0.628572),
(708960475694, 606846350553, 1239243, 17960, 8861, 0.342099),
(708969823022, 607228599948, 1656784, 5732, 11871, 0.644793),
(709015914841, 602837349886, 1888415, 1662, 14919, 0.511835),
(709027096090, 603471679890, 1280220, 1524, 8038, 0.666177),
(709032148356, 607163240118, 2399206, 10645, 3039, 0.392165),
(709059124851, 608864089914, 2262880, 13660, 1983, 0.981815),
(709111971222, 602505888089, 2036781, 8477, 2650, 0.361405),
(709158110791, 608571593491, 1936254, 12488, 16423, 0.843769),
(709207985784, 600568405505, 1846221, 13479, 17578, 0.870593),
(709253599689, 600612215564, 1211146, 8834, 19829, 0.5206),
(709315531057, 609403169100, 882992, 10859, 13594, 0.256527),
(709323340754, 603991599923, 512196, 12215, 5016, 0.807554),
(709327131932, 601396675500, 2026460, 16073, 14594, 0.990344),
(709329632990, 606596081629, 789593, 14641, 9702, 0.699242),
(709330700638, 601447942184, 2488950, 9488, 8781, 0.416399),
(709388857279, 607732818221, 1395298, 6204, 5972, 0.063223),
(709409552453, 607227637773, 2434876, 15571, 3056, 0.873011),
(709416988997, 601009718787, 1457998, 7396, 17656, 0.134611),
(709431459286, 608630284450, 1858720, 5558, 14979, 0.0369375),
(709479939552, 602579140554, 2142673, 13574, 11469, 0.939649),
(709497344551, 609483396014, 502003, 10979, 4337, 0.880106),
(709503312407, 605836623220, 1969229, 11982, 15367, 0.246236),
(709570166084, 600376712580, 2363064, 14217, 2633, 0.998359),
(709571103820, 605366606749, 1864322, 13032, 5070, 0.267342),
(709621306426, 606016502578, 1033007, 16107, 8456, 0.34449),
(709637856291, 604660259283, 903444, 11192, 6013, 0.594783),
(709650447906, 600233277349, 1664672, 13332, 19444, 0.00101495),
(709650599561, 606620261064, 1637583, 9127, 1719, 0.57079),
(709667508173, 609210765088, 1788849, 11632, 14970, 0.903461),
(709678798077, 603611575077, 1660558, 7631, 3836, 0.561497),
(709697705503, 601873750159, 2435588, 12574, 10444, 0.883086),
(709764293824, 605347937038, 1396800, 4883, 7267, 0.497363),
(709850496566, 602314470597, 1487684, 2694, 15082, 0.392263),
(709868453481, 606716217069, 982991, 11386, 2861, 0.824168),
(709870299428, 603246123358, 1776892, 8452, 2058, 0.162004),
(709873560474, 605565685982, 1674459, 16811, 14628, 0.565184),
(709919473279, 601397198393, 529626, 15393, 19017, 0.699833);

-- --------------------------------------------------------

--
-- Table structure for table `Labs`
--

CREATE TABLE IF NOT EXISTS `Labs` (
  `LabID` bigint(20) unsigned NOT NULL,
  `LabName` varchar(100) NOT NULL,
  PRIMARY KEY (`LabID`)
) ENGINE=InnoDB DEFAULT CHARSET=latin1;

--
-- Dumping data for table `Labs`
--

INSERT INTO `Labs` (`LabID`, `LabName`) VALUES
(130012358837, 'Burton, Davis and Hinton'),
(130033385461, 'Strickland-Smith'),
(130106286798, 'Turner PLC'),
(130117996501, 'Lee-Koch'),
(130135144605, 'Pollard-Brown'),
(130166687504, 'Herrera PLC'),
(130225593678, 'Palmer Ltd'),
(130271080362, 'Odom, Fisher and Kerr'),
(130272190619, 'Diaz-Ware'),
(130276365869, 'Vaughn, Ramirez and Walls'),
(130411486722, 'Bell, Mckinney and Brown'),
(130439199582, 'Osborne LLC'),
(130448907240, 'Davis-Reyes'),
(130484472837, 'Phillips-Mosley'),
(130571355984, 'Lee-Foley'),
(130630755963, 'Lowe-Jones'),
(130658021952, 'Lopez, Levine and Olson'),
(130671186301, 'Byrd-Gonzales'),
(130693373008, 'Ruiz, Fernandez and Elliott'),
(130794603215, 'Graham-Mitchell'),
(130797107863, 'Krause Inc'),
(130797413785, 'Krueger-Levine'),
(130808055444, 'Horne and Sons'),
(130815023451, 'White, Gomez and Smith'),
(130874592337, 'Blackburn-Allison'),
(130914819988, 'Lee, Reid and Cook'),
(130916731057, 'Crane, Stevens and Acevedo'),
(131046287775, 'Grant, Merritt and Robinson'),
(131060634761, 'Kelly, Wilson and Doyle'),
(131082215928, 'Villanueva-Moore'),
(131158255177, 'Ramos Inc'),
(131186608378, 'Allen Group'),
(131267388664, 'Lowe and Sons'),
(131348782902, 'Rogers-Benson'),
(131362957928, 'Gregory Inc'),
(131367351244, 'Snyder PLC'),
(131394938095, 'Thomas and Sons'),
(131450081627, 'Moreno LLC'),
(131451159420, 'Kaufman-Reese'),
(131456480959, 'Smith-Whitney'),
(131514846550, 'Castillo Group'),
(131545805935, 'Thompson, Mayo and Conley'),
(131566847597, 'Miller-Wright'),
(131592275500, 'Gonzalez-Carroll'),
(131596032740, 'Bishop-Cannon'),
(131600489728, 'Perez, Rogers and Walker'),
(131644684744, 'Miller Ltd'),
(131679255578, 'Dominguez-Thomas'),
(131707483494, 'Hicks-Mcbride'),
(131866325314, 'Weiss, Wheeler and Young'),
(131928449128, 'Jenkins, James and Graves'),
(131959235746, 'Perez and Sons'),
(131962650166, 'Butler-Foster'),
(131964206694, 'Smith, Moore and Martin'),
(131986319118, 'Phelps and Sons'),
(131994812246, 'Miller and Sons'),
(132036533331, 'Haynes LLC'),
(132046235150, 'Lee PLC'),
(132149979977, 'Dunlap-Griffin'),
(132204809197, 'Morgan, Soto and Fleming'),
(132260682536, 'Moore-Hampton'),
(132267088307, 'Holmes, Williams and Riddle'),
(132316332584, 'Thompson, Welch and Patel'),
(132320004183, 'Burke Inc'),
(132360348858, 'Herrera-Jones'),
(132390571088, 'Williams and Sons'),
(132408450533, 'Ellis, Smith and Myers'),
(132470222465, 'Ramirez, Perez and Zhang'),
(132542805136, 'Guerrero, Perez and Moore'),
(132550060024, 'Buckley-Shelton'),
(132555173339, 'Rivera-Harris'),
(132570583093, 'Nelson, Rangel and Sheppard'),
(132598637021, 'Lee, Oneal and Benson'),
(132677928757, 'Morgan Group'),
(132688957191, 'Brown, Potter and Evans'),
(132902127984, 'Villa-Mccarthy'),
(132920485010, 'Hawkins-Brennan'),
(132943316320, 'Smith-Palmer'),
(132988215623, 'Rogers PLC'),
(132998982755, 'Nielsen and Sons'),
(133015810539, 'Mitchell, Williams and Vasquez'),
(133107245045, 'Stone LLC'),
(133173249956, 'White and Sons'),
(133179455442, 'Donovan-Fisher'),
(133237146150, 'Webb Group'),
(133254547994, 'White Group'),
(133255724631, 'Moon, Marks and Young'),
(133282690090, 'Barber-Chang'),
(133310007625, 'Rodgers-Salinas'),
(133336469669, 'Johns, Johnson and Snyder'),
(133340073848, 'Robinson, Anderson and Myers'),
(133394804139, 'Ramsey-Fowler'),
(133486142159, 'Wright and Sons'),
(133509689490, 'Carter Group'),
(133560623818, 'Meyer-Sheppard'),
(133585171648, 'Craig, Diaz and Martinez'),
(133710239381, 'Nash PLC'),
(133732776264, 'Jordan, Pace and Hall'),
(133840396478, 'Perry, Roberts and Stanley'),
(133864670049, 'Brown, May and Calderon'),
(133898229760, 'Best-Norris'),
(133951022983, 'Cobb LLC'),
(134031627411, 'Woods, Murphy and Malone'),
(134065839726, 'Johnson PLC'),
(134072146065, 'Wright Inc'),
(134099582075, 'Fox, Garcia and Aguilar'),
(134110991239, 'Ray, Hernandez and Chambers'),
(134131073684, 'Collins Ltd'),
(134166986272, 'Solis, Cross and Krause'),
(134231581454, 'Brooks-Molina'),
(134285212490, 'Davis, Mccall and Schmitt'),
(134355336286, 'Mendoza-Santana'),
(134378728112, 'Schultz Ltd'),
(134379163551, 'Adams Inc'),
(134416457474, 'Wilson, Perry and Blake'),
(134464882631, 'Marshall, Jordan and Martin'),
(134672115630, 'Nelson Inc'),
(134675870470, 'Wyatt PLC'),
(134749533948, 'Lowe and Sons'),
(134752514232, 'Williams-Lucero'),
(134759196162, 'Goodwin-Adams'),
(134785061436, 'Patterson-Thompson'),
(134798285045, 'Padilla-Carter'),
(134820648372, 'Sullivan-Rodriguez'),
(134853089018, 'Palmer, Hernandez and Jones'),
(134860174585, 'York Ltd'),
(134860232147, 'Perry-Klein'),
(134893207375, 'Johnson-Hanna'),
(134895817505, 'Walker-Vance'),
(134915359751, 'Mitchell, Stone and Lutz'),
(134948157460, 'Malone, Fuentes and Johnson'),
(134985710195, 'Hester-Robinson'),
(134996732554, 'King-Hahn'),
(134998678000, 'Mcguire LLC'),
(134998681840, 'Thomas, Douglas and Smith'),
(135010324923, 'Juarez-Li'),
(135037943850, 'Oliver, Henderson and Brown'),
(135049629929, 'Scott, Jones and Reed'),
(135078143376, 'Austin, Hayes and Thomas'),
(135114082513, 'Simmons-Griffin'),
(135181735602, 'Jenkins, Jones and Sanchez'),
(135198017143, 'Rojas, Bruce and Thomas'),
(135202361455, 'Wyatt, Hanson and Spencer'),
(135235134013, 'Molina, Marquez and Miller'),
(135316690649, 'House Group'),
(135355925633, 'Hernandez Ltd'),
(135366971833, 'Wade-Brown'),
(135387044135, 'Kirk-Ayers'),
(135414740829, 'Lee Ltd'),
(135430950571, 'Peterson, Malone and Castaneda'),
(135583439106, 'Butler, Smith and Phillips'),
(135584895617, 'Pacheco-Smith'),
(135604459883, 'Morris, Merritt and Price'),
(135671269270, 'Haley-Quinn'),
(135675832695, 'Smith and Sons'),
(135693108449, 'Avery, Perez and Little'),
(135720235832, 'Matthews, Good and Hutchinson'),
(135833569966, 'Williams LLC'),
(135865097271, 'Becker, Sharp and Jones'),
(135883165889, 'Johnson-Hall'),
(135887233954, 'Martin-Powell'),
(135938430932, 'Clark-Velazquez'),
(135967933844, 'Hess, Richards and Crawford'),
(136059379366, 'Blankenship, Webb and Garcia'),
(136059952761, 'Williamson, Schwartz and Wood'),
(136065707239, 'West-Garcia'),
(136104242823, 'Saunders, Jones and Vega'),
(136192363491, 'Barr-Allen'),
(136211817374, 'Brown Inc'),
(136221267577, 'Morgan and Sons'),
(136228977572, 'Crawford Ltd'),
(136281447597, 'Johnson Ltd'),
(136323850627, 'Rush, Beck and Santana'),
(136399939046, 'Long-Reese'),
(136446048885, 'Flores and Sons'),
(136534448735, 'Collins, Keller and Crawford'),
(136572896993, 'Brooks Ltd'),
(136622147110, 'Ross, Cox and Williams'),
(136658011149, 'Lopez-Stewart'),
(136703912961, 'Meyers PLC'),
(136707885459, 'Hoover LLC'),
(136729411253, 'Pena-Barnett'),
(136747100162, 'Hutchinson-Tran'),
(136821921444, 'Robinson Ltd'),
(136934725873, 'Pace PLC'),
(136942209471, 'Reeves Inc'),
(136942272146, 'Anderson and Sons'),
(136942675130, 'Bryant and Sons'),
(136966458071, 'Hampton, Banks and Rhodes'),
(136990158057, 'Hogan-Miller'),
(137005713393, 'Davis, Knight and Johnson'),
(137021972870, 'Garza and Sons'),
(137024997048, 'Roth, Fischer and Glover'),
(137030946544, 'Cooper-Sosa'),
(137067920095, 'Glenn Group'),
(137070144491, 'Bush-Blair'),
(137080740961, 'Russell-Waters'),
(137093767178, 'Cole, Cruz and Alexander'),
(137133163033, 'Hernandez Inc'),
(137282050480, 'Jefferson Ltd'),
(137408326261, 'Green, Farley and Moore'),
(137478252248, 'Martinez, Arnold and James'),
(137482797309, 'White, Solomon and Stewart'),
(137563103025, 'Baker-Anderson'),
(137658484844, 'Warner-Riley'),
(137670418010, 'Armstrong, Ray and Kerr'),
(137729544065, 'Smith-Howard'),
(137761245465, 'Brown, Mueller and Ramsey'),
(137765698668, 'Kelley LLC'),
(137786728051, 'James-Cooper'),
(137830308511, 'Garcia-Wilson'),
(137831265402, 'David, Vaughn and Fields'),
(137850072008, 'Clements Group'),
(137877328508, 'Robles-Rocha'),
(137885282806, 'Jones Inc'),
(137925613809, 'Ford, Osborne and Lowery'),
(138000724959, 'Petersen, Jackson and Donovan'),
(138013638934, 'Hamilton PLC'),
(138020172857, 'Mccall-Price'),
(138028990248, 'White-Macdonald'),
(138029401431, 'Hernandez LLC'),
(138043323529, 'Phillips-Garcia'),
(138059252788, 'Owen-Shelton'),
(138126852704, 'Miller PLC'),
(138150734593, 'Collier-Anderson'),
(138159105814, 'Smith Ltd'),
(138167261818, 'Turner Ltd'),
(138211408961, 'Herring and Sons'),
(138250863237, 'Williams PLC'),
(138259727240, 'Wright, Hayes and Drake'),
(138272789125, 'Holt, Mcguire and Long'),
(138279585421, 'Lawson, Barnes and Padilla'),
(138381265128, 'Taylor-Armstrong'),
(138403611292, 'Smith, Fernandez and Flores'),
(138448907208, 'Carr Group'),
(138465128585, 'Gonzales PLC'),
(138506256198, 'Guzman Ltd'),
(138537426447, 'Lawson Group'),
(138543005798, 'Martinez-Russo'),
(138561941196, 'Hunt-Baker'),
(138565873842, 'Fox-Shepard'),
(138579269529, 'Kelley-Phelps'),
(138589216677, 'Fernandez Ltd'),
(138601025972, 'Smith-Fox'),
(138636798806, 'Gilmore-Davidson'),
(138653432740, 'Powers Group'),
(138683694412, 'Williams-Khan'),
(138687799133, 'Wright PLC'),
(138697392932, 'Dixon-Wilson'),
(138709640367, 'Jones-Garza'),
(138718577357, 'Adams, Roy and Thompson'),
(138718683064, 'Schultz and Sons'),
(138722330158, 'Perez-Parker'),
(138766908180, 'Collins PLC'),
(138781905388, 'Freeman-Welch'),
(138810418374, 'Bell and Sons'),
(138812994699, 'Hull Ltd'),
(138815591441, 'Krause LLC'),
(138850388451, 'Wilson-Edwards'),
(138946834255, 'Miller, Rogers and Erickson'),
(138960477300, 'Hughes, Walters and Maldonado'),
(138977620076, 'Smith, Harrison and Ford'),
(139002127417, 'Dixon-Allen'),
(139027185571, 'Morgan-Smith'),
(139046081469, 'Gardner-Hamilton'),
(139092937252, 'Martin, Barron and Morales'),
(139144536238, 'Trevino, Ross and Valdez'),
(139159561850, 'Martinez PLC'),
(139167898477, 'Wiggins-Sanchez'),
(139244636144, 'Lynn Group'),
(139260489908, 'Barron LLC'),
(139279588261, 'Sutton LLC'),
(139297445293, 'Ibarra, Clark and Delgado'),
(139327680487, 'Silva Group'),
(139416657452, 'Woods, Snyder and Leblanc'),
(139425150737, 'Krueger-Bailey'),
(139436125651, 'Valenzuela LLC'),
(139477244385, 'Roberts, Lewis and Nelson'),
(139482060284, 'Frazier LLC'),
(139499900189, 'Morris, Harper and Jackson'),
(139538490806, 'Young, Baker and Dennis'),
(139542254855, 'Thomas Group'),
(139631965922, 'Zamora, Carrillo and Gray'),
(139645590045, 'Williams-Evans'),
(139669216854, 'Hale Ltd'),
(139673785687, 'Watson Ltd'),
(139698098781, 'Bernard-Richardson'),
(139708612322, 'Miller-Jones'),
(139824566646, 'Schneider Inc'),
(139935994291, 'Thomas, Cox and Gonzalez');

-- --------------------------------------------------------

--
-- Table structure for table `PatientNotes`
--

CREATE TABLE IF NOT EXISTS `PatientNotes` (
  `PatientNoteID` bigint(20) unsigned NOT NULL AUTO_INCREMENT,
  `DrID` bigint(20) unsigned DEFAULT NULL,
  `PatientID` bigint(20) unsigned DEFAULT NULL,
  `Date` date DEFAULT NULL,
  `Notes` varchar(255) DEFAULT NULL,
  `Diagnosis` varchar(255) DEFAULT NULL,
  PRIMARY KEY (`PatientNoteID`),
  KEY `DrID` (`DrID`),
  KEY `PatientID` (`PatientID`)
) ENGINE=InnoDB  DEFAULT CHARSET=latin1 AUTO_INCREMENT=129989772081 ;

--
-- Dumping data for table `PatientNotes`
--

INSERT INTO `PatientNotes` (`PatientNoteID`, `DrID`, `PatientID`, `Date`, `Notes`, `Diagnosis`) VALUES
(120129044410, 206379311895, 100582313556, '1992-02-01', 'b''Erie County: Everest is the energy is a consortium seeking $560 billion to''', 'b''an'''),
(120134199912, 205498684981, 108879933272, '1983-01-13', 'b''Wikipedia ). the Republican majority in both the Sun''', 'b''dic'''),
(120137390325, 206602622664, 104152056425, '1976-03-25', 'b''Standard ML how precisely is the largest''', 'b''antion'''),
(120145920166, 208737607939, 102265980137, '1994-07-01', 'b''Which emulate animals. Nose-to-nose touching''', 'b''orthe'''),
(120148377405, 205842129156, 104193286710, '2010-10-01', 'b''Via land Brazil (the seventh largest stock exchange (French: La fille''', 'b''le'''),
(120160473744, 207797971494, 106612764542, '1974-05-17', 'b''Ivory and private spheres. Italian is''', 'b''is'''),
(120162049462, 201353627351, 102672803798, '1978-06-04', 'b''Executive of users. Some programming languages as theoretical constructs for programming large-scale systems''', 'b''he'''),
(120198213377, 205899437694, 109553576664, '2011-06-13', 'b''Ravaging portions of immigrants. In the center-of-mass reference frame, the bat does''', 'b''ing'''),
(120224690036, 209517531627, 107913529932, '1970-06-16', 'b''Under the physics, along with their nature from''', 'b''pole).'''),
(120228608049, 201924417195, 100519028090, '2014-07-06', 'b''At Tampa contributions. In the Corruption Perceptions Index; ranking Brazil 69th out''', 'b''a'''),
(120266824882, 206953623280, 109752397048, '2018-10-10', 'b''Inaptronym is textual; they use a centralized state nominally unified''', 'b''eannec'''),
(120285034019, 200030102035, 105604001233, '2010-12-24', 'b''Violations of June 2012 as a reliable mechanism for downstream users.''', 'b''an,'''),
(120392385153, 205310458534, 105459183729, '1977-10-04', 'b''Smxc3xb8rrebrxc3xb8d, which software engineering, performance testing''', 'b''Som'''),
(120410339666, 206172757982, 108126203518, '2014-12-10', 'b''When no habitats makes survival difficult or even rejection. If a thing that is determined''', 'b''to'''),
(120419998294, 206401037492, 102744583659, '1998-06-22', 'b''Electrons (which laughter, paradoxical laughter, courtesy laugh, evil laughter. the sequence of numbers.''', 'b''to'''),
(120540133319, 206602622664, 101021963389, '1982-02-07', 'b''II, a military supplies. In 1864?''', 'b''in'''),
(120546699080, 208538857438, 108898078240, '2004-06-15', 'b''Worlds gold mark the Centennial of the''', 'b''arthm'''),
(120578547907, 204234236218, 106612764542, '1989-09-02', 'b''Gulf of Costa Concordia disaster. \n \n Argentina is home to the''', 'b''ple'''),
(120603424445, 201925843224, 104436578307, '1995-12-09', 'b''W. While a measurement of the chemist as chemistry. The modern English language.''', 'b''re'''),
(120610134867, 202805037175, 108878871495, '1993-09-28', 'b''Flow. Aside thundershowers occasionally intensify into a new feeling of nationalism and pride.''', 'b''respol'''),
(120642614694, 205580429572, 100261759926, '2020-03-07', 'b''These structures. any rock is to make decisions. In some jurisdictions this function is the''', 'b''fron-s'''),
(120657487591, 203039869698, 108574716006, '2007-10-02', 'b''Agency ORTF coyote, mountain lion, northern''', 'b''ressin'''),
(120705961847, 209725494486, 101851110101, '1978-05-28', 'b''UN Protection in activities that revolve around resume''', 'b''onsuli'''),
(120722192769, 203608397513, 102311984509, '1987-09-23', 'b''Students ages Illinois, there are variations from''', 'b''the'''),
(120760670231, 200816665686, 104938501332, '2013-06-13', 'b''Hernando de citys numerous Japanese-American businessmen due to heart and vascular disorders.''', 'b''atics'''),
(120802337361, 208035711688, 109952466243, '1998-07-16', 'b''Document on Japan Maritime Self-Defense Force (JASDF). The''', 'b''wan'''),
(120848461654, 205799473071, 100519028090, '2001-09-09', 'b''Information they UK, France, Prussia, Austria, and Russia. This balance''', 'b''inform'''),
(120913627627, 205038779971, 100519028090, '1973-02-15', 'b''Horizontal bases itself. In deontology, an act may be associated with a''', 'b''sts'''),
(121004716902, 208646482862, 107913529932, '2009-09-29', 'b''Result, even feet) deep and 205 metres (673 feet) wide as''', 'b''and,'''),
(121051982970, 208103280198, 109169990046, '2007-03-18', 'b''Hospitals were nursery stock, dairy''', 'b''a'''),
(121071986014, 202527547215, 105618578623, '1983-06-24', 'b''Projects, as \n Fixed-Field Alternating Gradient''', 'b''any'''),
(121074274268, 200048175728, 106770347939, '2008-09-05', 'b''Four questions class. These neighborhoods, many of its arsenal, there are''', 'b''floymb'''),
(121079988992, 207073772233, 103665564845, '1978-02-25', 'b''Subsurface ice, Haute couture is, in France, which lasted 1885xe2x80x931893. The''', 'b''Bay'''),
(121157315535, 207498826481, 100529134923, '2000-11-05', 'b''44 (The features. Social media have negative superstitions about cats. An example of a constitutional''', 'b''be'''),
(121174412009, 204240215911, 100184650500, '1976-10-23', 'b''Site) Pope, large bodies of liquid hydrocarbons''', 'b''on'''),
(121181707828, 200672082535, 108395356521, '1990-06-11', 'b''Hirsch, Steven; the Disappearance''', 'b''Combeh'''),
(121198463026, 201089608695, 106425207240, '1977-07-31', 'b''Gives Roman The yearly average temperature of water vapor. The origin of''', 'b''a'''),
(121209095787, 208035711688, 102705295939, '2019-01-19', 'b''Abstract scientific at McCormick Place, and OHare Airports. The''', 'b''lecona'''),
(121214653288, 200896515301, 106679495531, '2009-09-15', 'b''Its estimated Earths hydrosphere, it is also regarded as precursors to''', 'b''Engiou'''),
(121247920524, 203726167832, 102265980137, '2016-01-05', 'b''Be insufficient, is vegetable fiber and recent immigrants to Virginia''', 'b''land'''),
(121270848140, 203165384662, 104358122510, '1999-06-16', 'b''This electron hypocrenon (brook or headstream zone). These''', 'b''sen'''),
(121325977748, 201051281396, 101137740307, '1976-06-07', 'b''From two maximizing pleasure''', 'b''Bay'''),
(121409191237, 205799473071, 104172516858, '2005-08-21', 'b''Festival in These default''', 'b''entiol'''),
(121438110181, 209680756548, 107877420817, '2012-02-23', 'b''Dogma of Research Network.''', 'b''spar,'''),
(121471564041, 200795661324, 109847871606, '2015-11-11', 'b''New anti-terrorism expressionists such as the first high-level programming language that serves to feed or''', 'b''eming'''),
(121582258751, 208162338265, 107017896074, '1982-11-20', 'b''This principle that check''', 'b''wern'''),
(121644957407, 201491477705, 108289481209, '2016-04-01', 'b''Southern Denmark lift hot pieces of experimental psychology''', 'b''Carint'''),
(121658063101, 203215473976, 100610580250, '1982-05-05', 'b''And Bermuda and south to the governing body''', 'b''an'''),
(121663509310, 205898529670, 101541617763, '1976-01-27', 'b''Ones life, Workers of the previous year. Emigration from Europe by the military. An''', 'b''uppren'''),
(121690478200, 206089464012, 106798537399, '2000-03-12', 'b''Identity, marked African literature had its peak''', 'b''In'''),
(121734796962, 206379311895, 100052712201, '1998-02-15', 'b''Bald. West Einstein as a''', 'b''a'''),
(121779835146, 207097044167, 104342752200, '1984-12-31', 'b''Coherence of particles as sand seas or ergs. The shape of the ancient Greek name''', 'b''end'''),
(121842846354, 208482109361, 100261759926, '1989-10-28', 'b''Semitic language mayoral position is currently offering''', 'b''sous'''),
(121850193273, 203312855213, 106798537399, '1979-01-30', 'b''Require direct Medal) and Fritz Mxc3xbcller (pioneer''', 'b''thatio'''),
(121851680336, 204653481887, 109869556695, '2018-03-22', 'b''Or radio most significant feature in many technical and commercial traffic and connecting currents''', 'b''an'''),
(121887530521, 208737607939, 102806449361, '1976-11-27', 'b''By computerized Bellevue, Expedia Inc. in Bellevue and Providence Health & Services.''', 'b''Ther.'''),
(121939320802, 201582466962, 106156492047, '1996-12-27', 'b''Designations, but within psychology.''', 'b''phypol'''),
(121963384573, 208180725814, 105572822093, '1993-03-11', 'b''Holiday resorts. New Objectivity arose as''', 'b''by'''),
(122007771586, 205498684981, 109051231164, '1998-08-29', 'b''With specific D.C. to the late 19th and early 20th centuries through the''', 'b''Rells'''),
(122097222935, 204124635196, 106836203450, '1976-12-14', 'b''Al., Origins Front waged a brutal guerrilla war against the real estate''', 'b''Strati'''),
(122117827243, 206138660474, 101021963389, '1979-03-09', 'b''Most mestizo arose, using similar methods''', 'b''junt'''),
(122226651794, 200871150286, 104108060080, '1976-08-23', 'b''After English, Psychologists in Germany, claiming 66.8.''', 'b''inxc3xa9'''),
(122250039701, 206089464012, 103589699105, '1986-04-15', 'b''Observations. For fivefold and the United States, the estates of the country (about 2 days.''', 'b''ther'''),
(122293325871, 200672007709, 104670113340, '1978-07-21', 'b''Positive ion experiences. \n \n \n \n \n Artifacts and structures suggest''', 'b''therni'''),
(122327060111, 203423517947, 109876828272, '2010-06-21', 'b''Stieglitz of articlesxe2x80x94alphabetical list of topics and figures of, or of more''', 'b''witema'''),
(122355113778, 202656673134, 100274093029, '1971-05-20', 'b''Historic big champions. In''', 'b''grat'''),
(122425444292, 208088852417, 107066795835, '1972-06-19', 'b''A Structural of Woodes Rogers. After a tumultuous period of five''', 'b''the'''),
(122431335424, 208719944609, 106679495531, '1979-04-21', 'b''Agreeable to support disabled and elderly people in urban areas with their slaves with them''', 'b''1978.3'''),
(122444026917, 203039869698, 100261759926, '2004-04-23', 'b''One important mass, whenever present. For example, the annual Whitefish Winter''', 'b''greinc'''),
(122475079807, 206558761564, 101259124260, '1970-01-04', 'b''Denial. Freedom underground for aeons can cause significant weather events. One such automaton''', 'b''le'''),
(122482226085, 205432004552, 104753848563, '1981-08-20', 'b''Du renseignement high top in the country. A 2006 inquiry in Flanders.''', 'b''and'''),
(122553008325, 201439726142, 102049947659, '2014-03-14', 'b''And more), retained for their apparent disappearance. Astronomers think that without this''', 'b''the'''),
(122556908582, 208538857438, 104750721231, '2010-10-13', 'b''Braque and hard-to-find physical meaning. The''', 'b''compit'''),
(122611665124, 201026615554, 107416527743, '1979-04-27', 'b''Genetics to have recovered to fully fished but Cunene horse''', 'b''the'''),
(122644237305, 206439299720, 106854556258, '2000-11-15', 'b''Regions: high painted, as long as they make the transition zone, there are sizeable''', 'b''hic'''),
(122713216220, 205310458534, 106134927760, '1978-10-25', 'b''And food switching technique for discovering''', 'b''coth'''),
(122720443606, 203991354173, 102346324724, '1971-05-13', 'b''Commissioned architect had difficulty meeting tax''', 'b''isom'''),
(122751474939, 205361096276, 109876828272, '2008-03-25', 'b''Climbing by census reported 314,932 members of his license. Although most people''', 'b''ass'''),
(122827980282, 200414587526, 100052712201, '1984-05-25', 'b''Is folded 300 km (190 mi) south of''', 'b''noutio'''),
(122901648574, 208355565947, 109008495921, '1997-12-28', 'b''Sabatini is since 1960. France''', 'b''wassee'''),
(122914253959, 204393710728, 102672803798, '2005-12-09', 'b''His century activity, and feature''', 'b''Fooduc'''),
(122929609471, 201386769168, 108126203518, '2015-06-27', 'b''Outer ears up for''', 'b''Plentr'''),
(122938338890, 205638709824, 106663925979, '1970-07-07', 'b''Specialist physicians holding frog''', 'b''2013'''),
(123059519885, 205769648915, 105413164653, '1993-11-07', 'b''Network that small, densely''', 'b''sersho'''),
(123086359964, 200795791039, 108205896606, '2010-10-01', 'b''Represent, measure, start, Margaret may not achieve the desired motion''', 'b''(surve'''),
(123115956531, 206871709356, 109052626155, '2008-05-27', 'b''Black schools Through their language, art and by providing colonists with land for breeding. Other''', 'b''berna'''),
(123116655182, 206172757982, 104152056425, '1998-04-11', 'b''British Empire. Other members of unrecognised faiths''', 'b''the'''),
(123129968311, 204393710728, 104753848563, '2005-02-21', 'b''Migrants from is appointed by his cousin Theodores footsteps as''', 'b''oclas'''),
(123172493067, 208646482862, 103037373055, '1972-12-05', 'b''The System is maximizing pleasure and happiness for the''', 'b''val'''),
(123175217486, 200569304338, 103214491225, '2012-04-29', 'b''Robotics, Pearson Heavy Bombardment caused significant''', 'b''ge'''),
(123207179037, 205769648915, 102311984509, '2013-08-13', 'b''Appeal is Choice. Tom Wolfe has occasionally dealt with social issues, most notably the Third''', 'b''of'''),
(123252988293, 208103280198, 100916357169, '2018-07-13', 'b''Involved, covering been proven''', 'b''neadic'''),
(123254794528, 206465872203, 107178550727, '2008-04-13', 'b''Air traffic exchange rate established by various therapeutic approaches, especially with bacteria?''', 'b''Fres.'''),
(123333499866, 200048175728, 109840501282, '1984-03-15', 'b''Inns began organizing an''', 'b''to'''),
(123346329922, 201584185657, 102806449361, '2001-03-11', 'b''Facilities on for hosting live entertainment events, such as disk arrays, tape libraries, and optical''', 'b''wee'''),
(123356944272, 201924417195, 104651239761, '2003-02-18', 'b''Dropped. \n products. Although it is connected by electric''', 'b''areati'''),
(123397547564, 206637790200, 105002733166, '2007-07-20', 'b''Sake, which advertising revenues affected both the prevalence''', 'b''lar'''),
(123400138462, 208162338265, 107173339159, '1998-09-11', 'b''Many countries. Ludwig A. Coldings (1815xe2x80x9388) neglected''', 'b''Danies'''),
(123461789184, 201000717716, 105317022653, '2004-03-02', 'b''To Aa2 in Calgary.''', 'b''pperic'''),
(123462536294, 204653481887, 100610580250, '2008-09-14', 'b''Sponges. They {\\displaystyle B} , but''', 'b''forate'''),
(123510536088, 203597621743, 100654763025, '2005-07-16', 'b''Aztec Triple Taste of Chicago was the Joad of a closely condensed cloud, varying according''', 'b''a'''),
(123521324589, 200437975418, 107999983940, '2019-09-16', 'b''Rights are since 1998. Atlanta is governed''', 'b''-'''),
(123567257691, 203909210846, 109134086528, '1983-06-06', 'b''Roosevelt Birthplace in retaliation for attacks on Pearl Harbor, British forces completed their''', 'b''tose'''),
(123641363631, 205842129156, 102672803798, '1977-07-16', 'b''A lowering of charges; there are similar to the earliest-known unequivocal parrot fossils. Likewise.''', 'b''as'''),
(123649906735, 204088833419, 109406829460, '1975-02-10', 'b''Traced in cells within colonies became increasingly authoritarian and''', 'b''cula'''),
(123668420946, 200672082535, 104457259684, '2013-07-07', 'b''Second edition North Star Borough (FNSB). A sales tax on coal (which varied from 46.''', 'b''ishin'''),
(123773123977, 201026615554, 101794475323, '2006-08-22', 'b''Method based National Laboratory. Particle accelerators can be''', 'b''5'''),
(123838136817, 205842129156, 106425207240, '2008-02-05', 'b''Rail services, important movement in Poland accelerated the development of the''', 'b''ne'''),
(123853261806, 201924417195, 105604252564, '1992-10-02', 'b''Remote areas Denmarks terrain consists of oxygen. The most obvious''', 'b''prof'''),
(123870840486, 208211772065, 106425207240, '1996-04-30', 'b''1853, from heights. In''', 'b''asparm'''),
(123880056938, 201437931616, 107645362897, '1971-03-08', 'b''Uplift of conditions are much less favourable. Few corners''', 'b''the'''),
(123958915853, 206662701863, 106661685713, '2018-10-31', 'b''Northern British neighborhoods on the open''', 'b''schose'''),
(123961398364, 208606129785, 107468446020, '1999-02-04', 'b''Devoted Christian existing casino soundscapes to create antiprotons, and verify / validate quality attributes.''', 'b''ring,'''),
(124001467787, 202507840425, 103037373055, '2007-02-06', 'b''Chronemic communication, Ybor City. Tampa is bordered by New''', 'b''the'''),
(124039764853, 207777292747, 103582843758, '2020-01-16', 'b''Weather conditions, Mxc3xb4nica Delicato; Carlos Duarte; Nair Silva.''', 'b''A'''),
(124085904178, 204623575580, 101732235138, '2000-10-08', 'b''Zone because Valley Project, providing water''', 'b''aft,'''),
(124088403644, 200569304338, 109869556695, '1981-02-07', 'b''Transform logic three-day event that was not as a profession ... no theory is''', 'b''rege'''),
(124090152785, 201705862865, 108571800866, '2011-09-29', 'b''Museums owned the Precaution Process Adoption''', 'b''cong'''),
(124158692951, 209447440878, 106854556258, '2001-03-24', 'b''The god Experimental physics expands, and is often used, in''', 'b''molle,'''),
(124183900437, 207270838547, 104959565780, '2001-03-25', 'b''With swordfern, cycle, constantly developing more useful, or less abruptly from the''', 'b''ocat'''),
(124203169636, 208976011285, 102151660742, '1979-11-28', 'b''In perpetuity. (or dip), or whether new technology or computer worms''', 'b''Kned'''),
(124247001613, 200121569221, 100527003718, '1970-01-16', 'b''The hotel, Anchorage are the same methods with the Triassicxe2x80x93Jurassic extinction event, one''', 'b''formen'''),
(124294225272, 203971856348, 106305742058, '2015-04-03', 'b''Might conceivably (chemical energy or''', 'b''gres.'''),
(124322591694, 202595571199, 102338307828, '1993-03-24', 'b''Expeditions into 2.0% between 2000 and 2005, immigration failed to make us''', 'b''res'''),
(124361572908, 204088833419, 102489082230, '1980-08-20', 'b''Social problems industries, which''', 'b''an'''),
(124398191594, 203669348281, 102543817401, '2009-07-09', 'b''Local authorities. star formation that contains over 600 public elementary and high tables''', 'b''ove'''),
(124442730660, 200461594303, 103827196170, '2000-07-08', 'b''Hotels. They higher prices. \n \n The aspiration''', 'b''Saxic'''),
(124448721753, 205377961406, 106680346148, '2008-03-16', 'b''And discoveries usually referred to''', 'b''whity'''),
(124486511065, 205432004552, 106339211340, '1975-05-25', 'b''The traveling coach Steve''', 'b''for'''),
(124492423847, 201979072762, 107589222524, '1995-04-05', 'b''Telephony, and fleet to the imposition of British authority in awarding Ph.Ds, but this''', 'b''apapic'''),
(124504465133, 204653481887, 108879933272, '1983-05-30', 'b''From which atomic formulas whose predicates are defined by IEEE''', 'b''(21ste'''),
(124527350892, 201608073203, 100527003718, '2002-01-27', 'b''Insisting the either symmetrically or asymmetrically. The upfolds are anticlines and the Public Holiday''', 'b''chaver'''),
(124532633071, 204133291017, 109840501282, '1980-10-29', 'b''General goods mandate. The Indian Education for All curriculum from the''', 'b''A'''),
(124535687280, 203515553198, 100411774673, '1989-05-16', 'b''Degrees. This Tampa in January 2012, reaching levels not seen most years. This has''', 'b''foresc'''),
(124542315189, 206379311895, 102301957814, '2020-03-26', 'b''Unwittingly reveal country; functional illiteracy has''', 'b''spando'''),
(124548390105, 204242024361, 104707755227, '1978-11-19', 'b''KK Architekten, and actresses''', 'b''ard'''),
(124572879349, 201925843224, 102155718530, '1977-11-22', 'b''Champ; Anis region, while French came up with a second''', 'b''12.2%'''),
(124620477282, 201386769168, 100955709897, '2000-12-13', 'b''Private C.R. Keaney, John J.; Groarke.''', 'b''occomp'''),
(124688614697, 208951249245, 107877420817, '1978-03-16', 'b''Not creating holiday camps such as a function that could successfully fly. In 1066.''', 'b''tatifi'''),
(124691179383, 208433386843, 105555644583, '1980-03-27', 'b''Just compound this money to donate to a mathematical principle; it says that there are''', 'b''Shosiv'''),
(124700941303, 203726167832, 104761507565, '1976-03-31', 'b''To struggle planet. Earth is not immediately available. In addition to Denmark''', 'b''the'''),
(124706529338, 205034635030, 107952547007, '2014-09-24', 'b''His predecessor important restrictions of this goal. In 2012, New York has a heat engine.''', 'b''ar'''),
(124801828745, 205163395635, 103707107539, '2019-01-31', 'b''Lower cost, the Churchs motives''', 'b''accout'''),
(124808624791, 201890278238, 101259124260, '1984-07-06', 'b''Drove them specific practical questions. For''', 'b''Wal'''),
(124819860007, 209176277543, 107293810428, '1986-05-19', 'b''Power among Eurasian diseases to which users are likely''', 'b''the'''),
(124841474301, 205310458534, 102804041859, '2001-02-04', 'b''Life expectancy.Nepal, of Syagrius. Simultaneously.''', 'b''to'''),
(124847547209, 207674815964, 102504659292, '1990-02-24', 'b''Golf, at development efforts form an acceptable variant. Another convention capitalizes''', 'b''to'''),
(124863608542, 209280654334, 109134086528, '2008-04-20', 'b''Adolphe Sax are referenced''', 'b''Robal'''),
(124869680650, 207080588093, 106836203450, '2013-11-14', 'b''Achieve the capital under''', 'b''the'''),
(124879003998, 203710351006, 109372419234, '1994-10-11', 'b''Kings ruled intended semantics. The following list gives examples of compound-like mixtures include intermetallic compounds''', 'b''colimm'''),
(124887576808, 203808972958, 102744583659, '2017-07-06', 'b''Worlds oceanic any size became''', 'b''fined'''),
(124922861877, 206602622664, 100411774673, '1976-07-22', 'b''In life chromosomes and roughly parallel. Subtype 3A has short, straight, narrow''', 'b''farfac'''),
(125004034624, 201608073203, 101959076233, '2014-02-19', 'b''1977). Actor with social reform movements, and examining the material world. The''', 'b''foclan'''),
(125017204905, 208606129785, 102504659292, '2005-06-11', 'b''A lifelike area, often referred to as a''', 'b''Wrics'''),
(125080451899, 207094412473, 108371414903, '1987-12-04', 'b''1901. His the Levant in''', 'b''ana-an'''),
(125081303590, 203991354173, 106679495531, '1973-10-17', 'b''For items Spain, South Korea, Saudi Arabia, Canada''', 'b''The'''),
(125102267462, 201436911543, 108785040570, '1976-03-21', 'b''Cases, to Ras Mohamed''', 'b''of'''),
(125119788385, 200312096689, 102264929235, '2019-07-19', 'b''Acquired a II of England. The next largest wave came in the Bahamas provide a''', 'b''the'''),
(125173817226, 207628620005, 104155456637, '2020-01-22', 'b''Might unwittingly air pressure. The number of insured''', 'b''or'''),
(125183831504, 201952868268, 103725678446, '2004-02-25', 'b''Other cultures, The domesticated budgerigar, a''', 'b''pren'''),
(125216555949, 207080588093, 109938779470, '1993-07-30', 'b''Available. Busch views and a convecting mantle that can discipline employees who seek''', 'b''ch'''),
(125247730329, 206435793917, 100117405615, '2017-11-02', 'b''Accelerators use the Tour''', 'b''me'''),
(125270160638, 207409231214, 106661685713, '2001-07-28', 'b''Article by (1807xe2x80x931814), a theater of the seven functional building blocks. These building''', 'b''is'''),
(125325073103, 208496920354, 102346324724, '1986-12-09', 'b''Not had descent. The Hutterites.''', 'b''exicas'''),
(125367591357, 201000717716, 106798537399, '1977-12-03', 'b''(3.09%) for of HIV AIDS.''', 'b''isde'''),
(125368370287, 202905468093, 106127691551, '1988-05-10', 'b''Western Australia. Comic, French philosopher Henri Bergson, renowned for being forced''', 'b''bared'''),
(125420077073, 201167967720, 104759677856, '1971-01-23', 'b''Dailies (including ethnic Polish, French and official-language minorities are guaranteed their own collective''', 'b''Unic'''),
(125445684277, 202304345600, 106159178622, '1980-02-21', 'b''Fiction. (The states total surface area of modern-day Argentina''', 'b''of'''),
(125475697582, 200672007709, 102068356481, '1970-08-30', 'b''Rocks that genera in the sciences, under the reign of Gudfred in''', 'b''sms'''),
(125495636493, 208754962855, 101997950268, '1986-12-11', 'b''Channel, to it contributes to the Caspian. The question can be''', 'b''tor'''),
(125567214319, 209285398527, 100363357029, '1990-02-02', 'b''Was centralized where Goal is some goal (proposition) to be rehomed during the nonbreeding''', 'b''pritio'''),
(125576568435, 202190805057, 105480773708, '2006-05-14', 'b''Pre-Columbian cultures them more useful, or less abruptly from the Rhine and settled Polynesia, and''', 'b''the'''),
(125602866141, 204124635196, 100955709897, '1976-05-17', 'b''1961 lecture: way south to Antarctica.''', 'b''undent'''),
(125640259492, 209929851072, 100256866211, '1998-05-12', 'b''Child custody its North American''', 'b''1690'''),
(125652969646, 207351527834, 102530399728, '1986-03-19', 'b''4860 BC. de Irigoyen, Misiones and the SUNY Polytechnic''', 'b''calays'''),
(125695627667, 200121569221, 107812554013, '1986-08-16', 'b''Corrected by water, Old Tampa Bay area.''', 'b''ingrob'''),
(125726951925, 203312855213, 105779677512, '1970-11-27', 'b''Its northern These xe2x80x9cANAT robotsxe2x80x9d can''', 'b''Afrown'''),
(125737392525, 203439075800, 100374733036, '1997-11-20', 'b''17th-largest in form island arcs, chains, and''', 'b''therre'''),
(125947153470, 208976011285, 102264929235, '1988-06-14', 'b''Lift mountains, random strings are those parts of''', 'b''anen'''),
(125953690292, 206649916479, 107558298576, '2010-12-03', 'b''Union, xc5x8cshxc5xab software, graphics software, digital cameras and digital representation of S, or.''', 'b''and'''),
(126013760702, 207080588093, 102804041859, '1999-06-13', 'b''(2007xe2x80x9311:8%; 12:7%; and clays once deposited by flowing water.''', 'b''prots'''),
(126023494552, 202302532789, 103184938921, '1983-08-21', 'b''(fewer quantum asymmetries were translated into an ambivalent approach toward historic''', 'b''and'''),
(126099027941, 200113738460, 102779605955, '1973-11-04', 'b''Estimates suggest different, mostly in the 1980s, the newspaper''', 'b''factor'''),
(126110479260, 209318300160, 102133052877, '2001-06-04', 'b''Protestant; Baptists expertise provided by SportAccord, which is held during the last decades the''', 'b''hiomyxe2x80x94'''),
(126136312296, 200461594303, 100448782390, '2015-07-19', 'b''Vocabulary indicating it gives Roman Catholicism is concentrated in the sport of''', 'b''Lown'''),
(126155853555, 209942931766, 106612764542, '1982-09-22', 'b''Wireless access from high-altitude balloons, rockets, or X-ray astronomy uses X-ray''', 'b''inity'''),
(126173632353, 204623575580, 103952304334, '1974-10-12', 'b''Edition, Oxford the worst in the case of lesion experiments''', 'b''xe2x80x93'''),
(126243649344, 201582466962, 102281731106, '1988-11-09', 'b''Gxc3xbciraldess Don to intention, in a Name? A Survey of Press Systems Worldwide (2nd''', 'b''ind'''),
(126272109466, 202304345600, 107913529932, '2007-05-06', 'b''England, much Schools. London: Collins, 1962. Craton.''', 'b''In'''),
(126277309921, 207777292747, 104761507565, '2016-02-11', 'b''Part II, Seattle Polish Film Festival. Mexican directors Alejandro Gonzxc3xa1lez Ixc3xb1xc3xa1rritu''', 'b''therad'''),
(126347135921, 204005231915, 104061576928, '2019-04-29', 'b''Dissolved; German in 1840. One of''', 'b''pradon'''),
(126385940828, 200862271914, 100510351116, '1982-08-29', 'b''River channels the Retail sector since its foundation in 1871.''', 'b''sublin'''),
(126445672404, 203971856348, 108371414903, '2015-11-11', 'b''Asia Minor. an idiosyncratic political culture compared to the southeast, including the Mxc3xbcller-Lyer illusion. Some''', 'b''Lon'''),
(126455812330, 206401037492, 107645362897, '1999-03-18', 'b''Pressure from religion is constitutionally guaranteed by the permanent president of the interactions between non-ionizing''', 'b''Propco'''),
(126476641502, 205377961406, 109553576664, '1993-03-22', 'b''2010. He psychotherapist, argues that Laughter is primitive.''', 'b''mand'''),
(126598971703, 209680756548, 105676980165, '1982-04-10', 'b''Seattle annually great feudal lords and sovereign courts as a way to mine or''', 'b''the'''),
(126614797841, 201811657507, 105604001233, '2011-06-08', 'b''(1851) in frame, and any inappropriate pictures of objects and very large problem in late''', 'b''fighe'''),
(126654402384, 203933145490, 106836203450, '1977-09-14', 'b''Agassiz, which Heritage Site for their outstanding natural value. \n \n \n Although in''', 'b''an'''),
(126695621890, 207049479879, 106564719540, '1984-10-25', 'b''Main groups. tax division. While''', 'b''Sought'''),
(126703452998, 204213943232, 102688870608, '2018-10-21', 'b''Fernando Valley, remains distant and its name has come to harm; the rest of the''', 'b''frilos'''),
(126760515716, 207413080663, 107468446020, '1995-05-17', 'b''Halves, in Semantics considers the content reveals). They were''', 'b''mosto'''),
(126786170055, 205799473071, 101362951329, '1983-02-02', 'b''Inflict trauma, and contemporary''', 'b''vallit'''),
(126787529792, 203669348281, 108271923843, '1988-01-08', 'b''Is among Enterprise private network (VPN) is an''', 'b''ans'''),
(126798074631, 206982530350, 100274093029, '2019-12-08', 'b''Explained below: certain theories are given for the number of Chicago neighborhoods emerged along these''', 'b''of'''),
(126811835547, 209285398527, 108898078240, '2015-11-30', 'b''Different cultures class (by creating an informal or hegemonic empire because not''', 'b''Frovey'''),
(126825898303, 203078348877, 108898078240, '2014-05-02', 'b''Trier. A Brazil between''', 'b''ding'''),
(126863983151, 203165384662, 102705295939, '2003-10-06', 'b''Been so settlement found in Rome regarding the experimental method, the hypothesis, and''', 'b''dis'''),
(126869302890, 206379311895, 108789327402, '1985-10-02', 'b''General. All The protozoa were later termed classical conditioning and applied''', 'b''the'''),
(126878207727, 208035711688, 108271923843, '1994-03-04', 'b''Laugh: Humor, by international tourists reached US$6 billion in 2008xe2x80x9309. In addition, sleep deprivation''', 'b''Salong'''),
(126904893910, 204649762590, 104061576928, '1987-04-18', 'b''Mathematical universe reverse. A reaction is said to be''', 'b''189.'''),
(126949118929, 202362133015, 102705295939, '2011-02-13', 'b''Urban. The time-lag for climate''', 'b''ce,'''),
(127018934425, 201959775137, 101605614829, '1985-11-02', 'b''Nursery stock, 1982). According to a different sculpture commemorating the artist in''', 'b''ass'''),
(127109148233, 200461594303, 101669740055, '1980-09-17', 'b''Support stoning of misleading followers by not having a particularly high number conflicts''', 'b''Psycha'''),
(127128376403, 206897027897, 108713996003, '2016-01-05', 'b''Roughly 60% to require care in health and''', 'b''werigh'''),
(127140294231, 205163395635, 100056343178, '1989-05-10', 'b''Ports, facilitating styles in''', 'b''ovitio'''),
(127143450554, 206401037492, 104750721231, '2000-06-23', 'b''Inland states. mass cannot ever be considered negative aspects of particles and a set of''', 'b''mit'''),
(127249578791, 208151712001, 105644818902, '2020-11-18', 'b''Procedure. Explicit Viewed from the original on 17 June 1523, as Swedish King Gustav''', 'b''is'''),
(127272327817, 206250014570, 105555644583, '2005-08-20', 'b''Positive assessment Commission for''', 'b''readmi'''),
(127319116461, 208951249245, 109169990046, '1971-10-05', 'b''In 1930. arts have''', 'b''con,'''),
(127319586019, 204346569358, 109260953334, '1996-12-07', 'b''Surface environment improve traffic flow in terms of base pay''', 'b''the'''),
(127425788926, 208951249245, 100608285313, '1993-05-06', 'b''Electrons it serving consecutive terms. Virginias economy has been''', 'b''coused'''),
(127546226366, 204653481887, 101343589362, '2014-08-27', 'b''Photojournalism, which represent England and Germany. This represents 0.36% of its coldness is''', 'b''Ame'''),
(127592733561, 202108648821, 107530812688, '1997-12-27', 'b''Copies sold (e.g., Prolog or ANSI REXX). The syntax and semantics of answer''', 'b''oxicau'''),
(127594446409, 205377961406, 105771421067, '2011-02-11', 'b''War. Although (If axioms are''', 'b''pround'''),
(127597498128, 203830767112, 100608285313, '1981-06-09', 'b''Early 1960s civil or''', 'b''par'''),
(127675153585, 201560465212, 107930071890, '2017-02-05', 'b''(who succeeded include Catalan trafegar decant, an assumed Vulgar Latin verb transfricare rub across.''', 'b''the'''),
(127722121930, 201051281396, 108302686943, '1979-02-10', 'b''630 million stocks in''', 'b''In'''),
(127733852405, 205218848558, 100529134923, '2003-12-24', 'b''Is Chicagoland. feast day of Germany under Emperor William I appointed Otto von Spreckelsens''', 'b''by'''),
(127758737458, 201000717716, 107877420817, '1984-12-01', 'b''Egalitxc3xa9, fraternitxc3xa9, and persecuted under the Public Land reported that men''', 'b''Cate'''),
(127761576972, 208334123605, 103952304334, '1991-01-22', 'b''Right side ridge was discovered by''', 'b''havica'''),
(127853755995, 207094412473, 100529134923, '1971-03-08', 'b''For graduate from around''', 'b''mant'''),
(127857282987, 208754962855, 104457259684, '2000-12-01', 'b''By New Canadian history; the xc3x89cole Polytechnique massacre in 1989, The Mirage was the''', 'b''ban'''),
(127857996827, 209669556377, 102504659292, '2002-07-22', 'b''Quite gross researcher Bryan Horrigan dedicated a chapter to Myths, Fictions.''', 'b''onlaw'''),
(127872311428, 209942931766, 102371197185, '1975-05-07', 'b''American cinema, Olympic medal winning diver, and taekwondo fighter Marxc3xada Espinoza, most decorated flyweight''', 'b''milect'''),
(127888556920, 208375454666, 109840501282, '2003-06-14', 'b''Newlands devised library network.''', 'b''ind'''),
(127975601200, 206094933086, 103815763109, '2000-02-24', 'b''Or Austerlitz. (CFL) and League 1''', 'b''lowed'''),
(128035361882, 208362564078, 100403178474, '2010-09-16', 'b''Interbreed with These rivers are the largest contiguous consortium of historically black''', 'b''Har'''),
(128039125671, 204088833419, 102127449585, '1998-11-08', 'b''Monuments showing as Bluetooth and infrared''', 'b''in'''),
(128055979204, 206649916479, 106998926533, '1984-07-08', 'b''As gifts latitudes, continental and cold seeps''', 'b''thre'''),
(128102058116, 204649762590, 100207244961, '2015-07-13', 'b''Less than Flying Squirrels.''', 'b''1955).'''),
(128168774690, 206465872203, 109938779470, '2011-06-02', 'b''Establish was Lucayan people. An estimated 90% are identified as Jewish. Meanwhile, an independent judiciary''', 'b''hichni'''),
(128177382429, 205769648915, 103206584471, '2001-09-19', 'b''Asia, including showing within Auto racing. Juan Manuel''', 'b''inly'''),
(128279945739, 202914954845, 108174061421, '2006-08-03', 'b''Precedents of trapped the British North America (318,000 in the number of oceans elsewhere''', 'b''mic'''),
(128303360173, 206914280689, 100363357029, '1987-03-19', 'b''Temperatures average that purpose. Japan contests Russias''', 'b''of'''),
(128559756550, 203249286917, 109736647384, '1991-04-09', 'b''The Gothic Most countries in the size of the Great Lakes of Africa. USA: Routledge.''', 'b''opubuc'''),
(128578564221, 208943548002, 107303246643, '1992-07-21', 'b''And dust frontal or low-pressure area.''', 'b''Ass,'''),
(128653346287, 205361096276, 102338307828, '1989-05-15', 'b''The legends states leading export by''', 'b''ingion'''),
(128656692384, 203864907313, 100101938815, '2006-10-18', 'b''Rooted in either South''', 'b''nade'''),
(128689092893, 202304345600, 108751676216, '2019-07-25', 'b''Natural enemies, To accommodate''', 'b''wityle'''),
(128706322972, 208248910618, 108911309232, '2011-10-30', 'b''Instead chemosynthetic Forchhammers principle or Francis Cricks DNA makes RNA makes protein, or''', 'b''lithe'''),
(128765968382, 203597621743, 105502423503, '1997-11-26', 'b''All diplomatic of beliefs and practices. Furthermore, the''', 'b''he'''),
(128802087170, 205884194787, 102530399728, '2000-07-02', 'b''Reunified Germany a destination/ receiver/ decoder. This common conception of randomness that''', 'b''conare'''),
(128811125830, 206649916479, 100582313556, '2012-03-20', 'b''Hypothesis, to amoral [...] guns for hire with a tradition of distinguishing fun from enjoyment.''', 'b''onspos'''),
(128897873491, 200795791039, 102504659292, '2011-02-13', 'b''(9 lb) mist. Ground water''', 'b''merf'''),
(128931041934, 208951249245, 100610580250, '1987-09-17', 'b''Printed pages (Gesta Danorum). Very little feedback or intelligence was''', 'b''de'''),
(128969501408, 208646482862, 103849735426, '1989-05-08', 'b''American States, Nirgendwo in Afrika (Nowhere in Africa) in''', 'b''ahand'''),
(128994251945, 205555920632, 109847871606, '2019-01-01', 'b''Know. The at atmospheric pressure. If precipitation exceeds evaporation, as''', 'b''find'''),
(129013336936, 200414587526, 108174061421, '1980-09-12', 'b''Can grow system Ontobroker. Logtalk extends the Standard Model. The''', 'b''poperi'''),
(129023064815, 203909210846, 103665564845, '1984-09-02', 'b''Inaccurate. \n just use its growing outdoor wireless connectivity. In December of''', 'b''45'''),
(129024591982, 200984813246, 101541617763, '1999-11-03', 'b''Electronic device Books.) \n \n \n \n \n Index of New''', 'b''Thretu'''),
(129035830532, 209644326541, 105604001233, '1997-09-07', 'b''Enough parrots Belmont Avenue.''', 'b''argype'''),
(129038914011, 205034635030, 109742837686, '2018-04-29', 'b''Phases with The maximum deviation of only from a Christian perspective. International Association of Religion''', 'b''and'''),
(129061745340, 201290102285, 107930071890, '2020-10-09', 'b''The Hausa, and Harvey''', 'b''thigh'''),
(129191135900, 206914280689, 107353169427, '1998-06-12', 'b''China, Taiwan, California, United States Virgin Islands) and also accommodates pedestrians and bicyclists. The San''', 'b''tre'''),
(129218577201, 205553488816, 104083000295, '2019-06-14', 'b''Cuban, 0.3% sugar pine, madrona, broad-leaved maple, and Douglas-fir also grow here. Forest floors are''', 'b''dord'''),
(129232981727, 201167967720, 104193286710, '2020-07-07', 'b''Genetic material. Smith. OCLC 224691273. (Full text via Google''', 'b''prope'''),
(129246961573, 200414587526, 107155957210, '1988-06-26', 'b''To Adv functional and metabolic efficiency of mining operations. \n \n A number''', 'b''th'''),
(129274016560, 201436911543, 100955709897, '1983-05-15', 'b''Airport and necessary and sufficient energy to sustain democratic governments on''', 'b''int'''),
(129276047564, 201971797091, 102301957814, '1986-01-16', 'b''As routers, Africa, Europe, and''', 'b''ons'''),
(129329403491, 203754846609, 106564719540, '2010-05-05', 'b''Jersey, and unincorporated hamlets. New York City economy alone''', 'b''buls'''),
(129333274000, 207094412473, 108555261390, '2020-08-13', 'b''Artists include each network is a joule''', 'b''the'''),
(129384053978, 206649916479, 109394477169, '2006-06-27', 'b''Substitute teacher Lee is not limited by the beginning of automata is associated with''', 'b''Low'''),
(129385305478, 208363126238, 101021963389, '2020-03-23', 'b''Ego, and Kalispell with 40.1 percent, and the pedestrian has the largest aerospace''', 'b''of'''),
(129442829956, 206131920546, 106156492047, '2009-12-19', 'b''Media journalists. legal name for wildcats as F. silvestris. This''', 'b''to'''),
(129497607884, 207413080663, 100274093029, '2020-06-20', 'b''Terminal illnesses or creep. Suspension is only''', 'b''con'''),
(129505419352, 204393710728, 109869556695, '1990-11-12', 'b''National Order Mobile Infrared Transmitter, which''', 'b''in'''),
(129512612089, 205361096276, 106636265078, '2013-12-19', 'b''Region (21% brought the city of Helena, also founded''', 'b''of'''),
(129545179565, 206602622664, 102539654186, '2017-09-13', 'b''Lac de century. Saxo''', 'b''resses'''),
(129665135594, 206982530350, 106894501832, '2014-01-09', 'b''Was widely Montanas single congressional district share the longest''', 'b''and'''),
(129695534246, 201051281396, 107877420817, '1988-05-05', 'b''Recognising any this by''', 'b''Ortnic'''),
(129715565937, 200312096689, 100261759926, '1995-04-03', 'b''European powers developed prototypes.''', 'b''of'''),
(129770189913, 200048175728, 104812214621, '1997-04-20', 'b''Pass exams. in Chihuahua, on''', 'b''Sompar'''),
(129829858489, 208324735465, 105779677512, '1998-12-12', 'b''Eventually splits later, both world wars and dynastic inheritance into the text by''', 'b''defews'''),
(129830644216, 208763315391, 102026757435, '1983-03-28', 'b''The 2000s, the Scholastic Aptitude Test to standardize ML and Lisp. Rather than''', 'b''the'''),
(129845432627, 204346569358, 106684643113, '1981-06-11', 'b''Momentum to children. Some studies have''', 'b''st'''),
(129944927735, 209318300160, 104651239761, '1998-04-13', 'b''Differ in capabilities of''', 'b''and'''),
(129952233722, 208312411850, 102281731106, '1985-01-22', 'b''Traditionally, South and Hurricane Floyd passed near the coast of the system which.''', 'b''20.'''),
(129974711481, 201952868268, 109297650097, '2015-05-07', 'b''Intermediate Water, some minds to doubt it. The act itself of producing weapon-grade''', 'b''as'''),
(129982452947, 202304345600, 100261759926, '1973-09-07', 'b''2012, Denmark cactus, mesquite, and paloverde. The Joshua tree is sometimes called Virginia''', 'b''renty'''),
(129989772080, 205799473071, 100403178474, '2007-07-19', 'b''Agriculture except when it comes to a''', 'b''Cabled''');

-- --------------------------------------------------------

--
-- Table structure for table `Patients`
--

CREATE TABLE IF NOT EXISTS `Patients` (
  `PatientID` bigint(20) unsigned NOT NULL,
  `NameFirst` varchar(45) NOT NULL,
  `NameLast` varchar(45) NOT NULL,
  `DOB` date NOT NULL,
  `Address` varchar(200) NOT NULL,
  `Email` varchar(45) NOT NULL,
  `Phone` varchar(12) NOT NULL,
  `EmergencyName` varchar(91) DEFAULT NULL,
  `EmergencyPhone` varchar(12) DEFAULT NULL,
  `Password` varchar(50) NOT NULL,
  PRIMARY KEY (`PatientID`)
) ENGINE=InnoDB DEFAULT CHARSET=latin1;

--
-- Dumping data for table `Patients`
--

INSERT INTO `Patients` (`PatientID`, `NameFirst`, `NameLast`, `DOB`, `Address`, `Email`, `Phone`, `EmergencyName`, `EmergencyPhone`, `Password`) VALUES
(100052712201, 'Jennifer', 'Mills', '2019-10-31', '2704 Sarah Row Apt. 026\r\nSchaeferchester, WY 50112', 'joshua05@gmail.com', '142-279-5296', 'Jason Reyes', '976-290-3897', '3zbU4RTm^8'),
(100056343178, 'James', 'Harper', '1998-10-13', '82076 Alexis Unions\r\nEast Cathy, TX 03595', 'robinsonmartin@gmail.com', '628-679-2879', 'Debbie Soto', '804-760-5743', '&REcG4Gh#U'),
(100066109630, 'Kelly', 'Russell', '1975-10-30', '429 Linda Shoal\r\nFrancoton, WY 52974', 'allencurtis@hotmail.com', '772-755-7366', 'Dawn Rowland', '949-585-5564', 'U7rCs%Uc%l'),
(100097879930, 'Steven', 'Page', '1992-04-24', '6526 Janet Falls\r\nNew Amy, KS 63479', 'taylormichael@lewis-kim.com', '983-143-6528', 'Brenda Jones', '840-948-9225', '7*18TMVa^C'),
(100101938815, 'April', 'Clark', '2014-03-07', '6964 Lawrence Parkways\r\nLake Caseyside, MD 96073', 'kristincarr@yahoo.com', '438-860-2775', 'William Nguyen', '498-962-5900', '^i7kZr+$zK'),
(100117405615, 'Natalie', 'Wiggins', '1973-12-30', '954 Reeves Path\r\nPort Jeremiahhaven, ND 93183', 'heather59@hotmail.com', '876-867-3977', 'Jonathan Hall', '601-100-5876', '&5_qB&j9bR'),
(100184650500, 'Austin', 'Carlson', '1974-02-12', 'Unit 0644 Box 3214\r\nDPO AE 93166', 'monica03@gmail.com', '525-162-9108', 'Kristen Bennett', '894-831-4289', '^Hs10+Ak&7'),
(100207244961, 'Christopher', 'Green', '1998-05-02', '388 Jessica Gardens Apt. 379\r\nHayesfurt, WI 02307', 'ronaldthomas@hotmail.com', '725-122-8010', 'Alexandra Stewart', '418-688-8524', '!5R0XQWf7m'),
(100256866211, 'John', 'Jones', '1994-04-27', '052 David Roads\r\nWalkerfort, IN 49883', 'james19@gmail.com', '342-535-8745', 'Michael Thompson', '439-763-6129', '6cLtQO0^%2'),
(100261759926, 'Justin', 'Sullivan', '2014-02-19', '99964 Anderson Ways Apt. 660\r\nNew Davidville, UT 20777', 'davidyang@gmail.com', '532-469-5099', 'Christine Allen', '145-918-8663', 'HEN7HLa%!S'),
(100272295479, 'Richard', 'James', '1973-08-24', 'Unit 5611 Box 6978\r\nDPO AE 44284', 'gsmith@hendrix.com', '823-804-8356', 'Cheryl Johnson', '126-881-0709', 'GK4IJKUh$4'),
(100274093029, 'Wendy', 'Valentine', '1981-02-17', '96944 Lauren Turnpike Suite 836\r\nSouth Brandy, NC 01295', 'hannah48@gmail.com', '205-925-8406', 'Stephanie Cantrell', '710-476-2524', '7iOSISlo%&'),
(100352322666, 'Frederick', 'Carr', '1992-09-04', '1251 Williams Route\r\nSouth Mauriceville, CO 13616', 'dmorgan@hotmail.com', '608-263-8440', 'Shelly Young', '484-144-5250', 'r2xToEOL$0'),
(100363357029, 'Tamara', 'Hart', '1986-09-30', '74936 Julia Court\r\nPort Melissa, WI 35967', 'trogers@hotmail.com', '755-050-5954', 'Michael Valdez', '368-329-2887', 'YPX_1KsVZA'),
(100374733036, 'Joseph', 'Orozco', '1995-01-22', '9615 Anderson Pines Apt. 103\r\nMichaelmouth, VA 84422', 'bellis@mcknight.org', '262-513-4428', 'Tracey Cisneros', '719-715-6174', '!3@Pls&9i3'),
(100403178474, 'Gail', 'Wood', '1989-04-08', '4887 Woods Burgs Suite 922\r\nTurnerside, SC 26589', 'joel57@patel.com', '252-901-4664', 'Ashley Weaver', '217-126-2943', 'cs&EAWf0&1'),
(100411774673, 'Grace', 'Cunningham', '2013-05-27', '9058 Mcneil Plains Apt. 146\r\nNorth Tiffany, CA 57011', 'coopermelissa@hartman.com', '897-952-9854', 'Carmen Lawrence', '942-539-3816', 'R#5apSs@Ws'),
(100448782390, 'Greg', 'Logan', '2020-03-08', '66257 Brittany Lights Apt. 160\r\nPort Johnside, IA 47322', 'nicole48@hotmail.com', '423-383-7868', 'Carrie Thomas', '424-518-8229', 'A$t7JJGi+k'),
(100507714775, 'Kyle', 'Barnes', '1986-09-21', '67149 Amanda Extensions\r\nJohnstonshire, AR 47027', 'walshderrick@owens-martin.com', '888-988-5979', 'Anna Long', '480-464-6875', '28BhWNkm)A'),
(100510351116, 'Mark', 'Perez', '1990-06-17', '9916 Johnson Isle Apt. 495\r\nAnnland, ID 59732', 'andrew13@phillips-roberts.biz', '734-798-8466', 'Stephanie Perez', '107-959-1013', '#XV63M(ed7'),
(100519028090, 'Jason', 'Martin', '1999-04-30', '9941 Mejia Rue\r\nRobertberg, WY 84276', 'micheleyoung@gmail.com', '100-725-0309', 'Bradley Robinson', '200-365-6137', '_1US+%R2pi'),
(100527003718, 'Timothy', 'Barber', '2006-09-19', '23343 Clark Mall Apt. 579\r\nNew Brian, HI 03137', 'kirbyjared@mclaughlin.com', '942-519-7140', 'Annette Larson', '340-161-9270', '^1I#9Ngx@&'),
(100529134923, 'Tyler', 'Weber', '1978-07-22', '3093 Antonio Gateway Apt. 154\r\nVincenthaven, TN 41014', 'stephaniehaynes@hansen-baker.net', '923-234-7682', 'Patricia Rodriguez', '412-787-8940', '_192HEyez0'),
(100582313556, 'Matthew', 'Flynn', '2013-01-19', 'Unit 7073 Box 1517\r\nDPO AA 69894', 'mgray@gmail.com', '800-921-2248', 'Theresa Moore', '198-938-3494', 'kYl^8bVxD*'),
(100608285313, 'William', 'Romero', '1996-01-05', '294 Holder Locks\r\nNew Christine, TN 59580', 'cooperjenny@gardner.info', '275-496-8974', 'Christopher Wheeler', '931-822-7230', '5Dd#NLZm_s'),
(100610580250, 'Randy', 'Edwards', '2008-04-28', '85945 Tran Estate\r\nSouth Tyler, ID 08690', 'antoniohall@hansen.com', '240-439-2099', 'Danielle Young', '920-135-6065', 'kh2wUPfQS$'),
(100648677342, 'Colleen', 'Bennett', '2008-05-20', '9822 Tommy Walks\r\nWest Jenniferhaven, MT 85264', 'martinchristopher@hotmail.com', '267-068-4341', 'Dylan Waters', '892-629-7644', '&9aaJkne)G'),
(100653102335, 'Jose', 'Brown', '1992-09-18', '3464 Kane Valley Apt. 272\r\nLake Brianhaven, DE 67229', 'tabithajohnson@yahoo.com', '371-593-8646', 'Thomas Stephenson', '860-870-7905', '@%J4+EVe4R'),
(100654763025, 'Zachary', 'Diaz', '2014-12-10', '400 Amber Gateway Suite 759\r\nNorth Joel, MA 06040', 'sdickerson@yahoo.com', '894-717-9645', 'Ann Brock', '988-120-9358', '_c(7IZLx8E'),
(100743966614, 'Michelle', 'Leonard', '2004-12-04', '7812 Harris Well\r\nThomasstad, AR 31126', 'rclark@carroll.com', '242-825-5157', 'Danielle Casey', '407-573-9508', '*L0ItWp#)j'),
(100769989517, 'Jennifer', 'Jackson', '1985-11-16', '977 Valdez Union\r\nWest Jacobshire, CA 30258', 'amberlee@rich.org', '671-364-7935', 'Amy Rios', '174-257-1807', 'g&Py6Mtw+3'),
(100799576981, 'Kimberly', 'Walls', '1973-02-12', '1880 Proctor Underpass Suite 378\r\nMatthewton, VT 54321', 'brandonortiz@gmail.com', '721-268-2950', 'Alexander Lee', '579-260-3479', 'qp5mOw6C#5'),
(100916357169, 'Brandon', 'Collins', '2013-11-29', '92160 Steven Radial Suite 410\r\nWest Casey, PA 22134', 'brandy84@rogers.org', '968-813-5953', 'Richard Mitchell', '671-973-3930', 'j4%O$ulS@7'),
(100955709897, 'Theresa', 'Lee', '1990-12-29', '934 Ryan Village\r\nPort Deniseborough, MA 64978', 'steven67@yahoo.com', '872-079-9908', 'John Williams', '272-939-5027', '&&6Ag8DyFh'),
(101005874461, 'Michael', 'Caldwell', '2015-08-30', '14060 Bailey Circle\r\nDavisfurt, OH 54759', 'myersjasmin@hotmail.com', '367-232-8272', 'Shawn Barry', '835-101-7649', '@+S2nLNxVJ'),
(101021963389, 'Marc', 'Alexander', '1975-12-23', '831 Kathleen Meadow Apt. 373\r\nRyanview, MT 45719', 'robert84@gmail.com', '829-370-3058', 'Robert Hancock', '541-642-7601', '&YVizkcX6V'),
(101117040278, 'Tabitha', 'Cox', '1987-03-23', '6476 Moody Glen Apt. 295\r\nPatriciachester, MA 24518', 'brittany81@malone.com', '388-155-3913', 'Gabriella Carter', '195-364-0745', '*(@06SgwsA'),
(101137740307, 'Claudia', 'Hanson', '1975-11-01', '752 Kylie Lodge\r\nSouth Angela, NH 40997', 'jessica88@munoz.info', '535-256-4550', 'Evelyn Murphy', '557-563-9923', '7h*3Ul!vB_'),
(101259124260, 'Scott', 'Haley', '1976-04-20', '689 Brandon Views\r\nSouth Brentview, DC 80313', 'hashley@chen.biz', '936-795-2251', 'Jeffery Bowen', '327-694-5517', '$hM8dNJfYj'),
(101274248375, 'Teresa', 'Dudley', '1992-10-10', '440 Randy Course\r\nEast Christineburgh, TN 56913', 'tamarabullock@petersen-randolph.com', '564-256-8210', 'Samantha Haney', '923-798-4266', 'P1F4Iqr#(k'),
(101287963559, 'Joshua', 'Foley', '1983-05-31', '90347 Justin Ports Suite 109\r\nPort Zacharyshire, HI 04693', 'nmiller@hotmail.com', '939-114-2277', 'Gary Dennis', '555-069-3036', '7+NGtLQa#6'),
(101343589362, 'Frank', 'Montoya', '1970-01-09', '72705 Melissa Glens Apt. 913\r\nRobertport, ND 94953', 'laura44@hotmail.com', '559-220-7778', 'Christine Salinas', '146-630-1879', 'H%4R^ach%v'),
(101362951329, 'Susan', 'Tyler', '1982-03-28', '83601 Carmen Rapids\r\nPhillipston, ME 57051', 'stephaniemyers@hotmail.com', '104-471-4339', 'Carla Maldonado', '278-796-3168', '7roKK4Az(6'),
(101507683214, 'Evan', 'Hicks', '1987-03-17', '80362 Erica Spring Apt. 173\r\nSouth Jacobton, NV 40578', 'piercemichael@hotmail.com', '741-193-8430', 'Deborah Jones', '880-088-6546', 'k++49SzoWF'),
(101541617763, 'Frank', 'Harris', '2004-04-28', '533 Megan Square\r\nAllisonfurt, MO 17924', 'adam86@gmail.com', '282-037-8956', 'Amy Patton', '500-652-7635', 'PQ8mG9ss*d'),
(101587103141, 'Lori', 'Orozco', '1998-07-26', '9300 Kelly Valleys Apt. 248\r\nBenjaminville, GA 57429', 'tmorgan@hotmail.com', '325-707-5105', 'Natasha Johnson', '195-681-3540', 'O1clToHj^_'),
(101605614829, 'Adrian', 'Jones', '2010-11-12', '7830 Johnson Run\r\nPort James, TN 85955', 'smithrebecca@hotmail.com', '498-943-0365', 'Elizabeth Hoover', '847-929-3946', '#8DnsYfSce'),
(101640925687, 'Curtis', 'Mitchell', '1981-03-16', '151 Miller Parkways\r\nSouth Zacharystad, WY 53378', 'csanchez@hebert-nelson.org', '518-983-8404', 'Troy Herman', '781-451-0319', '+i1h5JAgB3'),
(101669740055, 'Sherri', 'Nelson', '2010-05-05', '7483 Brooke Underpass\r\nJamesfurt, DE 04961', 'denise76@yahoo.com', '299-516-7503', 'Bob Martinez', '409-026-1543', '6d7bpSEqp+'),
(101688483950, 'Brandon', 'Torres', '1990-08-19', '125 Stephanie Plains Apt. 855\r\nJohnmouth, NY 38156', 'stephenwaller@arias-herrera.com', '722-287-4698', 'Michael Mccoy', '984-997-8103', ')3M_1Cszt0'),
(101732235138, 'Hannah', 'Cabrera', '1982-08-21', '96020 Brown Crossroad Suite 263\r\nMirandafurt, UT 65936', 'melinda11@yahoo.com', '445-039-1980', 'Elizabeth Clark', '953-310-2419', '^FCRlFJgO2'),
(101794475323, 'Jeremy', 'Rose', '1993-06-25', '40383 Gonzales Spur\r\nShaunmouth, AZ 84999', 'pjohnson@mendez.com', '392-308-4544', 'Renee Harper', '134-757-9874', 'I6nJBFnE%j'),
(101851110101, 'Thomas', 'Riley', '2006-02-13', '4933 White Garden\r\nPeckport, AL 97201', 'justinhubbard@gmail.com', '228-263-1439', 'Sarah Perry', '566-029-0925', 'Njb*p3Evm+'),
(101900551237, 'Michael', 'Bullock', '1974-07-26', '1412 Kathryn Grove Apt. 316\r\nKellyport, WA 98851', 'whitexavier@yahoo.com', '769-894-3144', 'Joseph Hernandez', '692-904-6713', '@J5pW%9i9_'),
(101943991616, 'Jim', 'Lambert', '2017-12-06', '390 Kevin Haven Apt. 892\r\nLake Reneehaven, WY 98190', 'ericwest@townsend.net', '286-578-4364', 'Paul Sullivan', '401-940-6066', 'K*YzkwJz#5'),
(101959076233, 'Erin', 'Riggs', '2005-05-11', '339 Allison Mountains\r\nNorth Carla, VT 49213', 'blopez@gmail.com', '685-399-4416', 'Juan Oliver', '353-251-7369', 'W@1&YPbxLY'),
(101997950268, 'Gina', 'Scott', '2008-02-24', 'USS Campbell\r\nFPO AP 39784', 'pamela99@yahoo.com', '959-371-2100', 'Anthony Mcintosh', '190-377-5050', 'e68KCHwk_o'),
(102026757435, 'Barbara', 'Miller', '1996-07-23', '1448 Mckinney Ville Suite 860\r\nKristenland, VA 22101', 'snewman@stewart.com', '603-969-8925', 'Rebecca Trevino', '875-922-3085', '5t6y4S8z$n'),
(102049947659, 'Cassie', 'Malone', '1995-03-02', '07198 Wood Stream Suite 497\r\nMarktown, OH 55176', 'tvalenzuela@martinez.info', '751-352-0866', 'Stacey Barber', '641-552-1750', 'S3kG1LlM@h'),
(102068356481, 'Barbara', 'Barton', '1994-01-05', '39703 Price Views\r\nComptonmouth, MD 91384', 'melissajones@gmail.com', '534-448-1658', 'Andrew Campbell', '271-674-3638', 'jBLz#no2^0'),
(102127449585, 'Jenny', 'Bonilla', '2020-11-17', '58461 Kim Motorway\r\nLake Luke, CO 15518', 'igomez@oneal.org', '778-002-4305', 'Troy Bradford', '888-232-2089', '8YM0f6FzV_'),
(102133052877, 'Michael', 'Cole', '1975-01-19', '2414 Pamela Ranch\r\nGarrettville, DC 88730', 'bradfordalex@gmail.com', '299-044-6999', 'Steven Carter', '446-612-4710', 'K8NMtR6c_c'),
(102151660742, 'Jessica', 'Martinez', '2010-07-31', '75636 Michael Mountains\r\nLake Lisa, LA 36551', 'donaldbriggs@gmail.com', '227-689-4206', 'Debra Morgan', '382-588-2609', 'j)7VLa9JFf'),
(102155718530, 'Danielle', 'Cameron', '1989-02-21', '95362 Barton Spurs\r\nReevesbury, NJ 38427', 'danielbutler@yahoo.com', '465-494-3786', 'Michael Gilbert', '360-212-5614', '@DCtB%CK51'),
(102264929235, 'Manuel', 'Howard', '2000-01-16', '488 Williams Dam\r\nLake Debbie, GA 88528', 'brooksmelissa@hotmail.com', '737-770-9313', 'Dana Hopkins', '874-474-3760', '1(sYs!ii_u'),
(102265980137, 'Drew', 'Hodge', '1971-05-25', '59075 Justin Cliffs Suite 564\r\nNorth Melaniebury, IA 71367', 'andrewjackson@sparks.com', '220-337-0374', 'Linda Smith', '692-864-1375', 'a_mm6Uv2$7'),
(102281731106, 'Carl', 'Rivera', '1982-12-30', '38927 Khan Hollow\r\nDeanborough, AZ 64267', 'ygonzalez@gmail.com', '987-600-3495', 'Blake Hernandez', '673-355-5927', '@3TTMvpAcc'),
(102301957814, 'Alexis', 'Rodriguez', '1994-08-24', '138 Cook Fork\r\nJenniferfurt, WV 01756', 'jasonlopez@ware-patrick.com', '690-571-1856', 'Jessica Jones', '504-479-9489', '*9zPs5S(Ns'),
(102311984509, 'Nicholas', 'Yang', '1999-11-04', 'USS Phillips\r\nFPO AA 86970', 'jessicadavis@gmail.com', '110-846-8274', 'Jose Hunter', '684-905-9424', '^fH)6YSpX5'),
(102338307828, 'Brandy', 'Hanson', '2008-04-10', '490 Gutierrez Square\r\nSouth Brianport, AK 24450', 'curtis68@rodriguez.com', '541-539-5956', 'William Robertson', '216-643-4660', '#Q6T34u6o1'),
(102346324724, 'Cody', 'Brandt', '1979-11-14', '15620 Audrey Junctions Suite 700\r\nWest Greg, UT 69904', 'stephen81@macias.com', '147-759-0445', 'Amy Hamilton', '412-959-4143', '8fTABB)k+S'),
(102371197185, 'Timothy', 'Todd', '2017-06-06', '5400 Wright Tunnel\r\nNew Ronaldmouth, LA 00690', 'uklein@yahoo.com', '111-967-3687', 'Kristie Wong', '462-970-3966', '#4(7Ai(w1c'),
(102479513193, 'Katie', 'Smith', '1970-04-26', '62405 Chavez Crescent\r\nHawkinshaven, HI 74371', 'stonestephanie@yahoo.com', '794-125-8451', 'Monica Montes', '966-204-7203', 'Rr1Nl!4+q@'),
(102489082230, 'James', 'Brooks', '2002-06-03', '6213 Carla Drive\r\nCameronton, MD 24655', 'melanie60@yahoo.com', '357-533-2130', 'Stephanie Oliver', '472-063-6672', '2**Iucoh_R'),
(102504659292, 'Eddie', 'Diaz', '2011-02-12', '839 Li Land Apt. 507\r\nMooreview, CA 60522', 'gwilliams@yahoo.com', '270-947-7054', 'Teresa Cox', '322-013-1674', 'Xn+r6PeaC7'),
(102508006922, 'Teresa', 'Mcintyre', '2014-08-13', '57966 Allen Creek Apt. 949\r\nNew Vincent, VT 80394', 'amber15@porter-mills.biz', '888-420-2590', 'David Harris', '714-744-9729', '&1UIDe)52)'),
(102530399728, 'Anita', 'Lopez', '1971-10-02', '13110 Thompson Trace\r\nBurnsfort, IN 34542', 'davisjonathan@yahoo.com', '588-533-5423', 'Evelyn Leblanc', '987-749-7145', 'Q8w4Gk!ce&'),
(102539654186, 'Bryan', 'Alvarez', '2016-10-01', 'Unit 6263 Box 0470\r\nDPO AE 47219', 'taylor25@gmail.com', '350-611-6473', 'Christopher Keller', '800-662-2143', '6+4&Vb8QE$'),
(102543817401, 'Diana', 'Herman', '1995-07-28', '7679 Rebecca Run\r\nWest Jessica, WV 03369', 'justin75@miller.info', '563-121-7539', 'Michelle Hebert', '659-054-1665', '*IHRTgbbt5'),
(102672803798, 'Michael', 'Young', '1991-04-21', '81789 Sims Lake Suite 431\r\nLake Benjamin, PA 19690', 'znicholson@martin.com', '853-006-1761', 'Lori Allen', '259-009-5671', ')WCVUsvDz0'),
(102688870608, 'Sue', 'Hernandez', '1973-10-09', '3469 Sharon Views\r\nRobertville, NE 66563', 'brittany87@griffin.biz', '387-983-1635', 'Michelle Peterson', '835-231-2699', 'BN1ZAPuwl@'),
(102705295939, 'Michael', 'Johnson', '1988-08-19', '27445 Tammy View Suite 987\r\nLake Laura, IA 77177', 'shaun88@munoz.org', '402-132-9663', 'Rebecca Cox', '722-538-7732', 'u4UmHx80!9'),
(102744583659, 'Anthony', 'Arellano', '1975-05-10', '47558 Samantha Place Suite 367\r\nAdamsview, OR 50558', 'matthew57@may-wilson.org', '970-210-7031', 'Cody Santiago', '787-410-1951', 'w88FBj2VM$'),
(102779605955, 'Jaclyn', 'Perez', '1997-04-03', '2975 Forbes Fall Apt. 905\r\nCooperland, SD 81328', 'lhoover@yahoo.com', '644-922-1193', 'Steven Bowman', '524-525-3786', '%*4JyBygt%'),
(102804041859, 'Michael', 'Huff', '2004-05-15', '0196 Maria Viaduct\r\nPhilipberg, NY 82746', 'elijah75@gmail.com', '871-654-0160', 'Dawn Thompson', '290-272-6202', 'n7Lq$iQZ^7'),
(102806449361, 'Jeffrey', 'Wolfe', '2008-12-16', '8292 Sarah Avenue Suite 396\r\nNorth Kimchester, GA 98905', 'morganangela@gmail.com', '719-735-7221', 'Maria Miles', '401-294-6063', '^d#2NXMk2h'),
(102847978934, 'Christie', 'Martin', '1970-08-25', '444 Marie Lodge Apt. 076\r\nNew Rebecca, MA 60676', 'charleswalker@fitzgerald.com', '263-235-1269', 'Hector Glenn', '564-503-6028', '^_8QN8tbdi'),
(102853431017, 'Rose', 'Banks', '1975-12-27', '453 Tina Trafficway\r\nSilvachester, IL 19381', 'sandra23@gmail.com', '627-902-3911', 'Michael Harper', '396-182-7902', '*6#SqpyGHp'),
(103037373055, 'Alicia', 'Day', '2006-05-06', '9155 Christina Common Apt. 321\r\nBillyton, MO 78279', 'dominguezjoseph@gmail.com', '923-315-1067', 'Alyssa Arnold', '208-990-0318', 'P+n7GGym3J'),
(103184938921, 'James', 'Harris', '1986-09-13', '1325 Kennedy Row Suite 908\r\nLake Tammieside, ND 63952', 'zacharywilliams@stein.com', '697-975-9745', 'Linda Fields', '278-406-9071', 'S&2k@3CgnZ'),
(103206584471, 'Donald', 'Lopez', '2018-09-15', '3405 Shaw Avenue\r\nLake Cynthiamouth, TN 28475', 'michaelrhodes@mooney-morris.com', '709-506-3185', 'Lisa Arnold', '211-240-8643', 'O#+stGVuI4'),
(103214491225, 'Nicole', 'Perez', '2003-09-28', '9020 Daniel Orchard\r\nHowellfurt, MT 02078', 'dustindean@gmail.com', '962-321-6498', 'Kevin Duarte', '211-134-4557', 'x+R!6Ph@xb'),
(103241290726, 'Lucas', 'Harris', '2006-05-10', '189 Anthony Fall\r\nSusanton, IA 52349', 'yvette73@hotmail.com', '221-843-5194', 'Doris Houston', '126-983-8950', 'v9vDXYua$+'),
(103269866486, 'Steven', 'Garcia', '2020-11-16', '79344 Neal Springs\r\nNew Paulbury, CT 23286', 'davidbenton@smith-hebert.com', '825-803-3319', 'Linda Brooks', '527-321-5299', 'o8rYk0yP$9'),
(103582843758, 'Timothy', 'Sandoval', '1991-10-02', '769 Kathleen Lock Suite 988\r\nWellsberg, ND 56448', 'larry71@allen.info', '316-478-4963', 'Nathaniel Potter', '390-817-2529', 'EKIFVWZw*8'),
(103585992036, 'Adam', 'Sherman', '2017-10-31', '8487 Hayley Inlet Apt. 852\r\nNealchester, AR 52755', 'lisa88@ward.com', '527-663-7459', 'Nicholas Zamora', '851-092-6965', 'Cxs9Yjnf+t'),
(103589699105, 'Cristian', 'Sutton', '1972-04-25', '30615 Landry Route Suite 289\r\nCummingsburgh, VA 15087', 'tfields@hotmail.com', '929-270-3893', 'Thomas Vaughan', '578-112-3042', 'K9uNnDeb#1'),
(103616832694, 'Theresa', 'Hess', '1996-07-29', '0223 Kaitlyn Common\r\nBrianside, LA 99481', 'candiceromero@hotmail.com', '742-318-1115', 'Scott Patterson', '506-564-6186', '+!@6WN6n81'),
(103626410485, 'Michael', 'Dillon', '1970-01-02', '0417 Philip Shoals\r\nPort Patrickfurt, NM 96201', 'agarrison@hotmail.com', '512-549-2005', 'Blake Baker', '922-367-3841', 'k4_a4BMd1U'),
(103665564845, 'Taylor', 'Burgess', '2014-07-11', '6207 Mahoney Ports Apt. 934\r\nWest Brendan, LA 82668', 'aanderson@green.com', '923-551-2002', 'David Dickerson', '558-681-7592', 'w4RHo$h($A'),
(103707107539, 'William', 'Garcia', '1991-02-19', '673 Johnston Shore Apt. 433\r\nNorth Davidfort, HI 93018', 'mariemiller@davis-powers.info', '408-047-0587', 'Sharon King', '186-219-5578', 'BZ#)1WIhc+'),
(103725678446, 'Katherine', 'Hutchinson', '2017-05-20', '7228 Harris Locks Suite 946\r\nMontesbury, VT 54804', 'msimpson@jones-brown.org', '577-781-4701', 'Richard Key', '443-398-7338', 'Uxa#7BZfu&'),
(103755321414, 'Carla', 'Gonzalez', '1982-05-22', '97369 Valdez Plains Apt. 460\r\nNew Davidfurt, NV 64672', 'kenneth92@hotmail.com', '464-809-5431', 'Joshua Frost', '102-740-6736', 'JX9SNj*!W*'),
(103815763109, 'Lisa', 'Sullivan', '1981-02-19', '84392 Hopkins Plaza\r\nLangview, CA 03066', 'hendrickssean@yahoo.com', '475-003-1903', 'Beverly Pruitt', '140-568-5101', 'Qs437UZs!h'),
(103827196170, 'Anthony', 'Hubbard', '2017-01-29', '569 Jones Ports Suite 493\r\nWest Jocelynborough, CO 87879', 'dkane@hotmail.com', '991-001-4845', 'Heather Thomas', '447-067-4774', '#N4RLpZx_p'),
(103843825610, 'Patricia', 'Garcia', '2009-04-03', '18078 Kelly Hills\r\nNorth Heather, NJ 40808', 'rfloyd@bennett-johnson.com', '577-204-3493', 'Eric White', '835-358-0524', 'Uu8b4Lcm_L'),
(103849735426, 'Robert', 'Mcmahon', '2009-10-29', '5567 Richmond Rapids\r\nSmithstad, IN 46162', 'teresa37@hotmail.com', '628-531-2720', 'Leah Johnson', '837-502-8841', 'j!xC0TNo!O'),
(103855103969, 'Kevin', 'Mcmahon', '1972-11-08', 'PSC 8272, Box 3113\r\nAPO AE 46677', 'bsanders@hotmail.com', '386-779-0209', 'Sheila Brown', '725-801-7868', 'c&7ddScwLR'),
(103937542462, 'Thomas', 'Guerrero', '2005-04-06', '8126 Elizabeth Knoll Apt. 986\r\nEast Isabelmouth, CA 51911', 'gregoryrocha@yahoo.com', '406-513-9516', 'Barbara Schneider', '991-901-9632', 'Hdc949Aba$'),
(103952304334, 'Jacob', 'Duran', '1984-02-02', '40112 Alan Mews\r\nTravisland, VA 54604', 'srodriguez@webb-garcia.com', '251-053-7042', 'Jill Haney', '834-722-3825', '&LS)cKMq^8'),
(103975886723, 'Aaron', 'Howard', '2010-12-15', '9685 Stefanie Road\r\nAliciaburgh, ME 14958', 'allenbrian@hotmail.com', '573-734-4575', 'Virginia Dunlap', '393-480-5936', 'r55)Qn6S*m'),
(104061576928, 'Alexis', 'Burnett', '2013-05-10', '7950 James Roads Suite 941\r\nRobertsontown, LA 11075', 'rebecca19@rodriguez-williams.com', '554-535-3912', 'Jeffrey Perez', '367-817-9997', '0&2PAk2scn'),
(104083000295, 'Jo', 'Anderson', '1971-02-05', '5499 Yolanda Shoal Suite 719\r\nThorntonbury, HI 46886', 'paula40@yahoo.com', '254-221-7792', 'Cynthia Martin', '917-160-4377', '@E1GqU!80L'),
(104108060080, 'Molly', 'Manning', '1987-12-09', '78327 Bender Estate\r\nNorth Michaelchester, OH 20518', 'millervirginia@hotmail.com', '481-543-4267', 'Malik Monroe', '184-745-8304', '4_3VDwQcPi'),
(104152056425, 'Frances', 'Wilcox', '1987-06-28', '093 Jason Center\r\nKevinfurt, NE 38152', 'jordanbilly@davis-munoz.com', '646-104-9243', 'Michael Robinson', '402-119-6612', ')V8(4XOzpw'),
(104155456637, 'Angela', 'Alvarez', '1987-10-10', 'PSC 5279, Box 6329\r\nAPO AE 25355', 'clarkmelissa@yahoo.com', '253-543-5254', 'Stephen Moore', '433-237-4825', '9AlR7MvIr('),
(104168521304, 'Kevin', 'Grant', '2016-11-08', '7296 Zamora Stravenue\r\nNorth Ashleymouth, CT 28129', 'kristinamcdonald@yahoo.com', '706-457-5169', 'Curtis Cruz', '966-520-2089', 'Jsp5S$bu*i'),
(104172516858, 'Ronald', 'Ellis', '2000-04-27', '9940 Brittany Fields\r\nStephaniemouth, MT 99731', 'calvin16@moore.org', '396-840-4117', 'Erica Burton', '656-468-1931', '%4T@eXjr)v'),
(104193286710, 'Kevin', 'Flynn', '2017-09-03', 'Unit 5438 Box 1267\r\nDPO AE 27586', 'christophernelson@williams.net', '726-180-4532', 'Rachel Miller', '862-662-2819', 'E1oUYNyM)c'),
(104265192996, 'Michael', 'Burton', '1971-04-13', '8018 Perez Rest\r\nWongland, NH 84557', 'mramirez@gmail.com', '650-665-4557', 'Sonya Savage', '867-574-3710', '^_N7x^Ukue'),
(104339275231, 'Amanda', 'Johnson', '2019-10-30', '74720 Barber Fields\r\nRichardfurt, NC 20860', 'thomasmitchell@washington-wood.com', '771-959-3937', 'David Caldwell', '571-599-8658', 'm@9Kp!TloJ'),
(104342752200, 'Russell', 'Sharp', '1994-12-27', '35995 Deborah Course\r\nChanchester, WI 35652', 'maynardmary@hotmail.com', '927-048-9550', 'Evelyn Hall', '291-977-1908', ')_Wn*Tyuz0'),
(104344951553, 'Shawn', 'Torres', '2019-11-21', '92873 Smith Rapid Apt. 413\r\nLake Aprilchester, OH 57723', 'murphyvanessa@brewer.info', '590-365-7999', 'Jeff Hunter', '494-897-1142', '+5xjU0Ic4i'),
(104350234894, 'Sydney', 'Sampson', '2011-10-04', '892 Norman Landing\r\nNorth Amy, DE 98147', 'carlsonjeremy@duncan.com', '269-403-1754', 'Sherry Cooley', '908-751-2620', 'OG*Uvhyo!5'),
(104358122510, 'Mary', 'Hernandez', '2014-04-03', '84370 Lang Mount\r\nBurchhaven, WA 72516', 'fredsmith@braun.com', '182-696-3713', 'Alexis Martin', '751-443-3357', 'K!0k%VBhQk'),
(104422086935, 'Joshua', 'Gonzalez', '2013-02-12', 'Unit 4977 Box 6536\r\nDPO AP 70443', 'nclark@marshall-rodriguez.com', '611-081-8616', 'Edwin Payne', '195-678-9689', 's*6NyQSkaH'),
(104436578307, 'Hannah', 'Mcdonald', '1998-09-10', 'Unit 5119 Box 9725\r\nDPO AA 74499', 'jessica88@hotmail.com', '233-687-2566', 'Sarah Burns', '748-046-9579', '#FbWmuXz13'),
(104457259684, 'Kristi', 'White', '2007-08-07', '0202 Vincent Light Suite 259\r\nRayville, KS 31325', 'alanstewart@bell-gomez.info', '250-148-3972', 'Micheal Bird', '942-574-5251', 'UP$5T*hS))'),
(104492784164, 'Angel', 'Brown', '1972-11-19', '79097 Lawson Pines\r\nSouth Deborah, KS 51292', 'ulong@roberson-owens.com', '347-853-7653', 'Willie Torres', '869-215-5700', 'PT#22)Sm_c'),
(104648206198, 'Brian', 'Jacobs', '1973-03-16', '2371 Daniel Streets\r\nChavezmouth, PA 30190', 'margaret42@young.com', '565-947-7943', 'Jasmine Morton', '207-906-1615', '^+w0svKr0h'),
(104651239761, 'Kevin', 'Rubio', '1998-09-26', '05008 Tiffany Heights\r\nNew Haley, IN 54516', 'sarahmurphy@yahoo.com', '458-266-0926', 'Gregory Greene', '416-353-1103', '%kLow06OT5'),
(104670113340, 'Patrick', 'Turner', '1984-11-17', 'Unit 0641 Box 4205\r\nDPO AA 35186', 'michael52@pearson-miller.net', '853-829-4663', 'James Smith', '554-272-2459', '*CBo$dFD7r'),
(104707755227, 'Pamela', 'Williams', '2002-10-08', '4771 Gonzalez Corners Suite 513\r\nRaymondland, AL 79844', 'emmagarcia@greer.com', '975-846-0512', 'Brittney Alexander', '119-057-7229', 'Sr4Xgi!X_C'),
(104750721231, 'Jodi', 'Jones', '1978-12-12', '646 Miller Mountain Suite 252\r\nEast Teresahaven, NM 51922', 'sheila67@harris.com', '813-183-0358', 'Laura Phillips', '761-199-4471', '#1!+IGo^)c'),
(104753848563, 'Regina', 'Price', '2005-04-07', '0988 Rivas Shoal\r\nNorth Tammyburgh, DE 54617', 'christinerivera@hernandez.com', '537-240-2540', 'Kevin Bautista', '541-242-7233', 'mIW%6PUutE'),
(104756354622, 'Joel', 'Burns', '2019-04-23', '84869 Craig Valley\r\nNorth Davidbury, NH 76175', 'davisapril@hotmail.com', '966-398-5974', 'Nancy Perez', '167-288-1310', 'u7hgYDVy)s'),
(104759677856, 'Robert', 'Tucker', '1986-03-02', 'PSC 6323, Box 3561\r\nAPO AA 03934', 'flittle@burgess.biz', '343-353-3098', 'Sean Craig', '577-427-8485', 'Eh6*9Ug9$@'),
(104761507565, 'Renee', 'Buckley', '1975-09-16', '9704 Sanchez Underpass Apt. 495\r\nNew Thomasbury, NH 26642', 'shannon19@yahoo.com', '132-505-5165', 'Linda Douglas', '178-353-3256', '&ff$uX&Lb4'),
(104812214621, 'Natalie', 'Black', '2015-08-01', '97126 Anthony Meadow Suite 210\r\nAlexisfurt, MD 79261', 'michaelleonard@hotmail.com', '883-731-3196', 'Amanda Kelley', '466-033-0885', '2*7lNG7kgz'),
(104827115543, 'Dylan', 'Robbins', '1979-08-26', '7543 Krause Village\r\nWolfberg, WI 01888', 'irichardson@pace.com', '258-293-2588', 'Sandra Garcia', '109-442-6859', 'b!8qBzcXHP'),
(104924439984, 'Andrew', 'Parker', '1999-05-31', '5387 Kathryn Rest\r\nLake Janeshire, PA 76018', 'ashleyturner@carter.com', '553-958-1525', 'Tracy Bowman', '342-047-3309', '2y+ZTa_c$h'),
(104938501332, 'Gary', 'Cochran', '2012-08-01', '60427 Ayala Crest Suite 839\r\nCobbview, SC 66053', 'ryantaylor@yahoo.com', '229-612-6073', 'Pam Smith', '162-428-8675', '(8XCzmY!Wc'),
(104959565780, 'Michael', 'Reed', '1998-10-25', '40883 Timothy Ports\r\nBlackshire, GA 93747', 'eriddle@hotmail.com', '255-246-3752', 'Christina Larson', '652-929-0580', 'ZPd@67Ncp@'),
(104963543583, 'Dale', 'Reed', '2008-12-11', '68072 Cruz Meadows Apt. 508\r\nEast Nicole, IA 15242', 'skinnermegan@perez.com', '927-485-9493', 'Donald Todd', '154-910-4480', '6+&4dfI!lg'),
(104990061871, 'Scott', 'Daugherty', '1993-01-31', '4391 Lori Plains\r\nEvansstad, DC 04979', 'michaelsoto@carson.info', '717-834-4143', 'Karen Gross', '379-274-1558', '$eOYK$n@l6'),
(105002733166, 'Kristen', 'Ruiz', '2014-05-14', '93483 Sheppard Freeway Apt. 193\r\nRiverafurt, NC 75021', 'fernandocox@cook.com', '594-282-6150', 'Shane Young', '868-199-4482', '!0)7#5Pzbn'),
(105287814663, 'Thomas', 'Nash', '2017-09-22', '13770 Erika Turnpike Apt. 124\r\nCarrollfort, KS 33660', 'aarontorres@hotmail.com', '668-001-3235', 'Shawn Brown', '220-598-9821', '@k3IOXj!U8'),
(105317022653, 'Kathryn', 'May', '2008-10-17', '1644 Claire Square Apt. 283\r\nBurnsview, MO 98832', 'rbrewer@yahoo.com', '469-781-8334', 'Lisa Lucero', '195-151-3048', ')Z_OB*Vkb4'),
(105413164653, 'James', 'Vega', '2003-10-14', '060 Russell Viaduct\r\nFernandeztown, HI 91831', 'trevorlopez@cruz.info', '707-161-6544', 'Jennifer Anderson', '883-764-7826', 'QX%07Egs2G'),
(105453394405, 'Emily', 'Bowen', '1970-08-22', '3493 Nichols Highway Apt. 875\r\nYeseniaport, NC 09229', 'bellkristin@mathews-alexander.biz', '392-336-4490', 'Stephen Alexander', '718-510-7500', '^$4D^JKtT6'),
(105459183729, 'Zachary', 'Bates', '2003-11-29', '28365 Moore Summit Suite 637\r\nEast Daryl, NJ 02625', 'williamsthomas@yahoo.com', '730-091-3856', 'William Williams', '608-574-9680', '*dIr@ME02Y'),
(105480773708, 'Timothy', 'Lopez', '1987-01-21', '7904 Mejia Walks Apt. 396\r\nLisafurt, MI 84808', 'orozcojeffrey@brown-lewis.com', '266-959-6152', 'Meagan Terry', '671-665-6230', '@0&6JnxXGc'),
(105502423503, 'Shawn', 'Andrews', '2007-08-25', '1874 Brandon Shores Suite 149\r\nNicolechester, SC 49372', 'tyler89@leblanc-bryant.biz', '878-967-5915', 'Alexandria Stevens', '554-736-4817', '$eubT7Oy!4'),
(105555644583, 'Lori', 'Smith', '1974-06-25', '38142 Thomas Run Suite 558\r\nPort Jamestown, TX 81618', 'keithsandra@gmail.com', '949-894-8226', 'Jessica Miller', '894-935-5185', '#BJf^a7B7L'),
(105562597182, 'Jeremy', 'Curry', '1977-07-17', '6647 Ruiz Fall\r\nChristopherchester, NH 98820', 'ivega@anderson-stanley.com', '846-348-5662', 'Logan Smith', '257-256-3146', 'b8tLbfmR%h'),
(105572822093, 'Anthony', 'Brown', '1974-07-17', '498 Thompson Field\r\nPort Courtney, TN 57805', 'oryan@yahoo.com', '332-179-5844', 'Amanda Lawson', '457-376-0292', 'J7MtLsGG$U'),
(105604001233, 'Guy', 'Hoffman', '1994-04-11', 'Unit 9233 Box 3247\r\nDPO AP 45938', 'richardcarlson@yahoo.com', '655-005-2863', 'Jacob Johnson', '673-733-0222', 'rV3$HKUj#!'),
(105604252564, 'David', 'Hoffman', '2004-12-26', 'USCGC Meyer\r\nFPO AE 84046', 'jenniferkelly@gmail.com', '974-688-5773', 'Jenny Knight', '852-015-4836', 'BSK3fYJl$#'),
(105618578623, 'Richard', 'Mccall', '1985-08-23', '1095 Collins Trace Suite 625\r\nBillyview, ME 72354', 'hendrixstacy@gmail.com', '268-272-7686', 'Steven Webb', '222-629-6661', 'n*zL1LmQ3B'),
(105644818902, 'Christopher', 'Mata', '1983-04-16', '1606 Heather Corner\r\nWest Anthony, WY 23362', 'alicia68@elliott-montgomery.biz', '459-296-6303', 'Sherri Reid', '518-895-2925', 'pgd_y7LmAL'),
(105676980165, 'William', 'Kelley', '1990-05-06', '564 Thomas Fort\r\nSarastad, ME 61870', 'kirk64@gmail.com', '270-308-8465', 'Joan Wilkins', '734-587-9477', 'O%Pm1WQAta'),
(105771421067, 'Samuel', 'Rodriguez', '2000-10-28', 'USCGC Mayer\r\nFPO AA 75293', 'stuartcarrie@blake.com', '533-698-9028', 'Linda Nichols', '789-121-8810', 'Wq4UklG8_!'),
(105779677512, 'Teresa', 'Cox', '1992-04-22', '1991 Roberson Branch\r\nJeremyside, OR 30656', 'heidi00@gmail.com', '269-567-5968', 'Alexander Fry', '782-539-6545', '2895M)jn1^'),
(105805171677, 'Gabriel', 'Fisher', '2016-12-23', '8598 Margaret Rest\r\nLake Victoriafort, LA 13439', 'seanjacobs@donovan-west.com', '936-329-4095', 'Ronald Hall', '596-291-1119', '*94KV_iNDF'),
(105856785688, 'Amanda', 'Gillespie', '2008-01-07', 'PSC 5277, Box 4769\r\nAPO AA 96460', 'figueroaanthony@pierce.com', '327-217-2374', 'Matthew Hamilton', '390-810-6453', 'rpI3Sf@p)4'),
(105891673717, 'Maria', 'Butler', '1984-06-29', '19540 Michael Pike\r\nPort Sherry, OR 66488', 'dramsey@gmail.com', '955-153-4905', 'Ann Esparza', '801-849-6363', 'k0kmVU_T%b'),
(105923213608, 'Ann', 'Nguyen', '2009-05-09', '95608 Stephanie Groves Apt. 318\r\nWest Damon, MN 06792', 'vaughanmelinda@peterson.org', '732-335-2475', 'Trevor Cuevas', '805-862-3440', 'w)B1EOo3YD'),
(106028204177, 'Kevin', 'Acevedo', '1989-04-15', '452 Natalie Cove Apt. 400\r\nPort Richardport, NH 79192', 'marthaknight@kennedy.info', '963-585-4753', 'Alicia Clark', '755-565-7817', ')hHgIA12@8'),
(106127691551, 'Donna', 'Ayers', '2017-09-06', '753 Johnson Harbors Suite 371\r\nSouth Ericmouth, IN 98683', 'pearsonkyle@giles.net', '768-249-2963', 'Nathan Lamb', '796-897-6473', '%)H0BB+pbA'),
(106134927760, 'Matthew', 'Spence', '2000-01-06', '7606 Turner Valley Suite 346\r\nBenjaminberg, DE 13691', 'frankwalters@morales-robbins.net', '351-487-9549', 'Anthony Shaw', '161-046-3586', 'X*1P5hxs*C'),
(106144124859, 'Andrew', 'Kelley', '1985-03-02', '2312 Ellison View\r\nEast Mark, IL 31092', 'diana47@carter.com', '752-870-1681', 'Amber Crosby', '689-913-0707', '(!7Ft$Jn^M'),
(106156492047, 'Katherine', 'Baker', '1997-03-16', '59735 May Ridge Suite 144\r\nColonhaven, SC 57795', 'marshallsharon@morales.com', '740-114-1896', 'Anthony Mejia', '194-949-7331', '_1H5vRgp(r'),
(106159178622, 'Brian', 'Henry', '1986-01-29', '025 Richardson Viaduct\r\nSouth Sandrahaven, AL 40244', 'veronicaclark@yahoo.com', '922-400-7736', 'Jon Williams', '943-555-6527', '@7TFP#fy*8'),
(106198328052, 'Gregory', 'Robles', '2001-05-25', '51466 Carter Manors\r\nEast Ericstad, IA 05600', 'bparker@hotmail.com', '364-537-4875', 'Jessica Sheppard', '470-205-5678', '%8RNI2rb@)'),
(106305742058, 'Jennifer', 'Vazquez', '1986-11-25', '541 Spencer Villages Suite 035\r\nNew Karl, WI 68056', 'martinnicole@gmail.com', '653-513-6540', 'Kristi Hines', '716-372-9598', '(p%9Tw#Br9'),
(106339211340, 'Shannon', 'Maynard', '1997-09-16', '31243 Barajas Street Suite 672\r\nEast Kyle, DC 26091', 'andersonjames@walker.info', '992-842-5458', 'Dean Rios', '450-645-1787', '^4iYlcm)%o'),
(106425207240, 'Garrett', 'Jones', '1971-09-29', '53709 Lori Land Suite 449\r\nWest Julie, NY 13052', 'sandy21@bennett.com', '802-903-2796', 'Amy Flores', '809-103-1456', 'F#2+ixDo_!'),
(106474778748, 'Brittany', 'Shepherd', '1992-03-25', '487 Pamela Skyway Apt. 911\r\nEast Jillburgh, NC 38801', 'bsanchez@yahoo.com', '461-074-8957', 'Anna Ortiz', '801-184-1222', '^EmNmN!FF7'),
(106481206591, 'Jacob', 'Walker', '1998-06-07', '46808 Melissa Circles\r\nNew Kimmouth, OH 54991', 'john20@hines.com', '752-974-9261', 'William Mckenzie', '869-388-5579', 'u5#^6ihp^L'),
(106564719540, 'Wendy', 'Perry', '2008-06-04', '729 Washington Brook\r\nStephaniebury, ME 04922', 'harmonrobert@dawson-thomas.com', '362-410-2535', 'Charles Hill', '561-481-0773', ')IM94w9a07'),
(106593766146, 'Michael', 'Peterson', '1987-06-23', '17780 Julian Ville Apt. 164\r\nBrownshire, MS 62268', 'kathryn47@reynolds.info', '597-466-3859', 'Michael Miller', '822-187-8659', '^O2CdClb*8'),
(106612764542, 'Frank', 'Watson', '1974-05-24', '9173 Jackson Lights\r\nWilliamsview, AR 15241', 'raymondrussell@hobbs.com', '178-360-1274', 'Christian Henry', '560-841-2867', 'L*9NFh_WcC'),
(106631688033, 'Glenn', 'Campbell', '2012-05-31', '970 Jessica Tunnel Apt. 922\r\nGabriellastad, FL 05821', 'leebrian@gmail.com', '436-604-7828', 'Robert Pearson', '116-284-4843', '(0!icKlZdq'),
(106636265078, 'Elijah', 'Merritt', '1983-05-28', 'Unit 6746 Box 5465\r\nDPO AE 03124', 'erincortez@roberts-becker.info', '259-964-3096', 'Michael Arnold', '234-552-2458', 'JfBGHClx)3'),
(106650026430, 'Sarah', 'Harding', '2018-03-21', '000 Watts Manor\r\nEast Andrea, NV 40480', 'qgonzalez@valentine.org', '866-106-3991', 'Sarah Thompson', '529-078-9000', '&ySxWrsz_2'),
(106661685713, 'Anthony', 'Martinez', '1991-01-20', '1798 Gabriella Row Apt. 954\r\nJohnfurt, MI 94299', 'shane57@sims-walker.com', '539-231-8772', 'James Callahan', '537-062-2007', '5oCPkA1t_o'),
(106663925979, 'Theresa', 'Strickland', '1984-06-18', '849 Dustin Canyon Suite 613\r\nPort Juliaborough, ME 26464', 'charlesstone@gmail.com', '787-677-5445', 'Karina Perkins', '654-781-6185', '3Nd#1Ets!7'),
(106679495531, 'Robert', 'Jackson', '1984-01-15', '3191 Carter Bridge Suite 651\r\nSouth Steven, OH 62510', 'jennysnow@walsh.com', '724-280-0074', 'Cynthia Barron', '172-363-9417', '1+2F66Zyww'),
(106680346148, 'Hannah', 'Romero', '1998-03-27', '589 Laura Brook\r\nWest Kristopher, NJ 65437', 'brookeadams@cobb.info', '203-025-1009', 'Alicia Reyes', '361-492-2059', '&vZn6CqV1e'),
(106684643113, 'Maurice', 'Fletcher', '1991-11-15', '5647 Linda Extensions Suite 634\r\nNew Rhondaburgh, VA 03994', 'robert70@gmail.com', '342-347-1241', 'Meghan Crawford', '744-544-9975', '2c*51YWwPt'),
(106770347939, 'Margaret', 'Nguyen', '1993-12-09', 'Unit 9495 Box 8796\r\nDPO AE 26655', 'natasha93@brown.com', '994-005-3977', 'Andrew Schwartz', '494-769-8697', '(iD52YrJlt'),
(106798537399, 'Allison', 'Bowman', '1982-12-20', 'Unit 0928 Box 9356\r\nDPO AE 67227', 'mpalmer@kelly.com', '356-284-6440', 'Frank Hutchinson', '267-063-6889', 'f5u9PaXpq^'),
(106836203450, 'Michael', 'Ritter', '2019-10-29', '4406 Lisa Avenue\r\nLake Stephanie, MT 51441', 'kjohnson@fischer.org', '884-438-9766', 'Melissa Ortiz', '910-239-4150', '&!0Zpe(aa2'),
(106854556258, 'Brianna', 'Fowler', '2006-09-17', 'PSC 3421, Box 6028\r\nAPO AP 90716', 'qroberts@hotmail.com', '957-894-2255', 'Stephen Obrien', '116-111-5015', 'UB1B@7ArW@'),
(106894501832, 'Austin', 'Reyes', '2012-09-14', '3414 Rebecca Lake Suite 291\r\nWest Jenniferberg, SC 94916', 'jonathangarcia@jones.biz', '433-315-2211', 'Melanie Flores', '588-224-1586', '#4RXlrwZ&h'),
(106904110982, 'Allison', 'Brown', '1981-01-07', '6372 Simpson Manor\r\nWongland, NJ 22130', 'alyssawelch@yahoo.com', '920-244-0585', 'Glenn Watson', '755-099-8402', '_(8w8Rw)AR'),
(106939485323, 'Tyler', 'Bowers', '1974-11-17', '1154 Carter Flats\r\nBrownmouth, NY 03361', 'amiller@gmail.com', '872-115-3669', 'Julie White', '150-015-1718', '(Un%xDto3o'),
(106998926533, 'Laura', 'Wolf', '1981-03-31', '0466 Holland Estates Apt. 091\r\nNew Jessica, WA 37047', 'james62@hotmail.com', '107-610-6483', 'Melissa Walker', '749-983-7573', '!RQaE&g&0%'),
(107017896074, 'Harold', 'James', '2008-07-19', '973 Nguyen Island\r\nDuaneside, NY 27481', 'blankenshipthomas@ramos.com', '376-428-1223', 'John Webb', '820-787-2561', '$^TMHm#l$7'),
(107033318353, 'Kyle', 'Garcia', '1990-06-03', '638 Cherry Parkway\r\nPaulaton, GA 08024', 'james46@gmail.com', '197-763-1403', 'Michelle Ryan', '154-918-0416', '!0%H(E9v0s'),
(107066795835, 'Jose', 'Long', '1989-05-19', '809 Michael Heights Apt. 058\r\nLake Matthew, HI 50549', 'glennwhite@park-brown.com', '920-538-6636', 'Rebecca Brown', '590-401-9705', '7jWUkTga#^'),
(107071669062, 'Aaron', 'Thomas', '1995-07-07', '41149 Larson Ferry Suite 577\r\nPort Ethanhaven, NV 59385', 'howardashley@yahoo.com', '562-633-8419', 'Jimmy Peters', '594-855-5625', 'sO8_KgGk*R'),
(107155957210, 'Christopher', 'Chaney', '1997-01-05', '97667 Steven Extension Apt. 836\r\nSmithland, WI 25409', 'terrymahoney@beard.com', '670-274-6388', 'Chelsea Garcia', '399-450-4158', 'hw6@5)B@3$'),
(107173339159, 'Allison', 'Casey', '2006-08-20', 'USCGC Robinson\r\nFPO AE 92946', 'trevorlewis@daniel.biz', '373-729-1261', 'Amber Grant', '501-747-4478', 'y3X2D2z8l^'),
(107178550727, 'Leslie', 'Johnson', '2008-12-16', '28148 Barton Mill\r\nMariaview, MD 90147', 'bradleyshane@hotmail.com', '598-026-9210', 'Bonnie Ellis', '617-349-8791', '%tfWW0PhLy'),
(107212864077, 'Robert', 'Burns', '2001-03-16', '39543 Amy Trafficway\r\nWaltersburgh, AR 84675', 'dgomez@fisher-rowland.com', '959-653-1696', 'Rebecca Taylor', '828-332-5071', '$2CaMzgk12'),
(107293810428, 'Michael', 'Garcia', '1995-03-08', '9692 Karen Course Apt. 732\r\nJacobburgh, CT 46379', 'figueroamelissa@gmail.com', '548-537-7826', 'Jason Richmond', '887-345-7257', 'yAy+Ot%a(1'),
(107295997863, 'Richard', 'Park', '1978-07-12', '3874 Daniel Alley\r\nTimothyville, OR 48168', 'thompsonkayla@thomas-gonzalez.com', '626-000-1975', 'Justin Howell', '583-700-2670', '94NvShBZ$v'),
(107303246643, 'Christine', 'Park', '2008-11-02', 'PSC 2281, Box 8478\r\nAPO AE 83416', 'christystone@bryan.net', '214-359-8347', 'Patricia Wilkerson', '596-332-1394', 'n4N8)aa8$d'),
(107333607444, 'Ashley', 'Gonzales', '1989-07-14', '21335 Daniel Ramp Apt. 251\r\nNorth Chrisville, WI 60024', 'thompsonmaria@hall.com', '964-365-4722', 'Crystal Larson', '890-730-0664', '_6P4m14FbB'),
(107350930573, 'Gabriel', 'Hahn', '2014-07-10', '19834 Flores Roads\r\nNew Shannonview, KS 11193', 'michelle26@anderson.com', '760-300-5867', 'Lori Walker', '176-756-8329', '9PBDs!fq%z'),
(107353169427, 'Andrea', 'Lynch', '1995-04-28', 'PSC 2226, Box 8097\r\nAPO AA 65844', 'msantiago@reed-rogers.biz', '847-641-5836', 'Ashley Nelson', '336-511-8451', 'Mo6Q2yCcs('),
(107379215847, 'Richard', 'Myers', '2000-06-29', '70340 Mcdonald Station Suite 872\r\nNew Mackenziestad, VA 45160', 'nicholas65@hotmail.com', '942-355-4555', 'Nathan Taylor', '161-698-8207', 'Cxac0Oqyh$'),
(107416527743, 'Alexander', 'Vega', '1985-10-02', 'Unit 5461 Box 9815\r\nDPO AE 37633', 'pscott@yahoo.com', '481-633-3772', 'Samantha Tran', '722-751-3604', '%k9K37xJ%M'),
(107459768171, 'Rebecca', 'Wilson', '1991-11-07', '495 Boyle Mission\r\nSouth Chase, NY 57995', 'claytonjones@gmail.com', '966-534-0948', 'Billy Moore', '168-084-8694', '$6KYKLOogL'),
(107468446020, 'Emily', 'Reed', '2008-11-02', '1073 Anita Mountain Suite 464\r\nNew Thomas, VA 96959', 'kellyrichards@lam.org', '560-724-0850', 'Mary Wilson', '116-100-5466', '@9cTudW#m5'),
(107530812688, 'Brandon', 'Sherman', '1983-09-17', '8134 John Parks\r\nMartinezland, SD 07981', 'aprilharrison@arnold-hull.biz', '186-717-0687', 'Julia Logan', '178-514-2796', 'mpx6WAgy%*'),
(107558298576, 'Melissa', 'Taylor', '1973-11-14', '82201 Michelle Club Suite 007\r\nColemanburgh, SD 67089', 'beth29@campbell.com', '594-081-1044', 'Carol Webster', '446-395-5977', 'E4jv%uCk_)'),
(107567355602, 'Tammie', 'Jackson', '1972-12-07', '473 Melanie Fields\r\nSamuelberg, ND 09258', 'elizabethhernandez@gmail.com', '736-071-8519', 'William Bishop', '326-308-3437', '#0LqAym0Rf'),
(107589222524, 'Whitney', 'Wells', '1991-04-26', '94752 Kevin Plaza Apt. 044\r\nWilliamton, GA 97749', 'sierra99@yahoo.com', '704-151-3334', 'Brian Ray', '105-385-6205', 'n)p5$RUySE'),
(107608260806, 'David', 'Combs', '2001-01-14', '070 Lisa Gateway Suite 934\r\nCombsstad, ND 67178', 'russoalexis@mccoy-dean.com', '686-433-8467', 'Lisa Farrell', '720-912-2840', '+9QLk5&l5('),
(107620269686, 'Kevin', 'Luna', '2004-02-24', '13960 Shannon Plain\r\nBradleymouth, NY 64192', 'diane30@scott.com', '305-896-1201', 'Samuel Torres', '777-503-0060', '_nFY%Ocy2m'),
(107645362897, 'Chad', 'Alvarez', '1979-01-22', '57706 Davidson Mission Apt. 335\r\nBentleyland, OR 14263', 'devongriffith@lee-taylor.com', '739-488-6095', 'Christopher Keller', '879-541-8969', '%*)44Bw@1&'),
(107812554013, 'Marc', 'Taylor', '1980-10-25', '624 Clarke Cliff\r\nSouth Ericport, IN 99546', 'cestrada@stephens.com', '482-163-6250', 'Joseph Bates', '344-978-2559', 'c)G5HDwrCR'),
(107877420817, 'Melissa', 'Joseph', '1986-10-20', '9268 Miller Trace Suite 441\r\nLake Julie, MN 01256', 'djones@white-walker.com', '983-707-0610', 'Jon Contreras', '214-722-4272', '$03ZGFVbvs'),
(107883897717, 'Michael', 'Bird', '2016-12-19', '054 Kelly Bridge Apt. 980\r\nFergusonbury, DC 30044', 'anthonygoodwin@gmail.com', '660-860-6857', 'Clinton Clark', '959-452-2858', '$nEMS@wnX1'),
(107913529932, 'Renee', 'Winters', '1983-02-06', '286 Heather Forges\r\nSouth Stephenport, KS 64183', 'tracypatterson@rhodes.com', '748-843-6949', 'Richard Pierce', '404-983-4920', 'd8Q9GzAb#z'),
(107930071890, 'Bryan', 'Lawrence', '2000-05-19', '5708 Lauren Lodge\r\nWatsonside, NM 49867', 'robinsonkatie@hotmail.com', '654-481-4131', 'Destiny Stokes', '510-232-3995', '_0CLu_f*nB'),
(107952547007, 'Christopher', 'Moyer', '1991-05-23', '2863 Alejandra Dam Apt. 778\r\nPort Jenniferville, MT 92320', 'caldwellfelicia@gmail.com', '988-074-5029', 'Kayla Nunez', '573-644-5836', 'b&iz6QAuw1'),
(107999983940, 'David', 'Chapman', '2013-05-08', 'USNS Reed\r\nFPO AA 53528', 'maria16@anderson-henry.com', '145-865-2274', 'Emily Chambers', '374-507-1492', '$UV9gO7w+0'),
(108120341606, 'Alexander', 'Willis', '2000-12-24', '4014 Lloyd Extension Apt. 282\r\nRobertsborough, MA 77775', 'sandra94@hotmail.com', '284-785-2039', 'Megan Farrell', '661-483-7182', 'M!S@DHk0(6'),
(108126203518, 'Debra', 'Roberts', '2019-06-19', '30227 Amy Club\r\nWest Christopher, MO 90493', 'samuel19@gmail.com', '570-181-5307', 'Jay Blake', '984-113-5412', '#dFT9FlgK2'),
(108174061421, 'Ann', 'Mckay', '1987-10-09', '9138 Hudson Wall Apt. 462\r\nWest Jasmineside, AR 94195', 'vharris@gmail.com', '841-051-7869', 'Jeffrey Nguyen', '822-455-9479', '@wiQPafx&6'),
(108205896606, 'Tonya', 'Hill', '1974-06-11', '80487 Salas Ports\r\nNorth Fredport, GA 93417', 'vporter@hotmail.com', '474-457-0380', 'Gregory Anderson', '656-607-9925', '^7GD5k1vzM'),
(108221865872, 'Daniel', 'Perry', '1983-06-02', 'USNS Carrillo\r\nFPO AP 79224', 'qboyd@flowers.info', '987-584-4186', 'Colleen Park', '214-972-8320', 'X0PxJ&EW&r'),
(108226946653, 'Samantha', 'Adams', '1998-09-19', '4369 Jennifer Via Suite 998\r\nDouglasshire, CO 86608', 'mhardy@white.com', '343-715-8980', 'Alan Wilkinson', '584-293-9247', 'ivY^b3Vba)'),
(108271923843, 'Gail', 'Sanchez', '2019-04-12', '86878 Shelley Key Suite 627\r\nSusanhaven, GA 41073', 'margaretrobertson@yahoo.com', '720-655-1347', 'Paula Walsh', '574-703-5744', 'xMm1%kOi$l'),
(108289481209, 'Megan', 'Young', '1993-01-17', '0865 Martin Knolls\r\nColemanhaven, AL 85454', 'lynchcalvin@yahoo.com', '429-523-3362', 'Mark Roberts', '741-044-9632', '&$2CK+piwa'),
(108301158048, 'Amy', 'Fowler', '1970-03-22', '07624 Amanda Union Suite 948\r\nMoralesport, VA 18240', 'lynnballard@hotmail.com', '487-294-8102', 'Misty Dominguez', '556-647-7445', 'dFmi9HMa@X'),
(108302686943, 'James', 'Benson', '2005-04-22', '8437 Moore Spring\r\nPort Danashire, UT 76052', 'wendyandrade@hotmail.com', '331-679-8701', 'Dwayne Mason', '912-991-9590', '$0+CA8bowB'),
(108353550485, 'Kenneth', 'Medina', '1972-08-02', '758 Christian Ferry\r\nWest Dylan, CA 45277', 'christinerobinson@gmail.com', '152-455-5280', 'John Long', '798-671-9562', '!*iW6E)q#8'),
(108371414903, 'Tara', 'Sutton', '2001-03-12', '9867 Michael Flat Apt. 957\r\nLoweburgh, CO 90678', 'cardenasheather@hotmail.com', '477-765-3496', 'Norma Rogers', '489-026-2255', '(3KIh_xe#9'),
(108395356521, 'Cassandra', 'Hansen', '1986-09-14', 'USCGC Freeman\r\nFPO AE 13165', 'johnsonkara@diaz.net', '882-936-5551', 'George Jones', '759-629-0519', 'Cyc6BeCf%9'),
(108471021719, 'Andrew', 'Brown', '1974-12-15', '3030 King Junctions\r\nDiazborough, KY 16397', 'holmestaylor@haynes-murphy.com', '701-411-4746', 'Theresa West', '944-720-1921', 'E+O1Cq0a2*'),
(108555261390, 'Natasha', 'Smith', '1971-06-16', '43284 White Union\r\nJonesville, RI 93014', 'lkelly@yahoo.com', '545-241-3954', 'Robin Schmidt', '820-888-2636', 'x8A6WHgT$Z'),
(108571800866, 'Antonio', 'Burgess', '1999-10-07', '3320 Bell Crest Apt. 674\r\nFrazierside, WY 95298', 'rrichardson@carrillo.com', '299-190-3077', 'Melanie Hogan', '394-600-4704', '+8L7fjVZUo'),
(108574716006, 'John', 'Brewer', '2011-03-17', '802 Allison Lane\r\nSouth Justin, MO 84740', 'robertrocha@hotmail.com', '776-497-4180', 'Cathy Hudson', '420-682-3260', 'G07ZAGMf@o'),
(108630392917, 'David', 'Mayer', '2011-01-09', '3211 Alyssa Falls Suite 707\r\nJeremyhaven, MS 07387', 'twarren@gmail.com', '878-571-1543', 'Edward Montgomery', '348-827-8092', 'G+9@6FkaBK'),
(108666824040, 'Ashley', 'Butler', '1997-12-17', '6745 Christina Trafficway Suite 299\r\nWest Richard, AL 23842', 'johnsonthomas@gmail.com', '218-455-6852', 'Monica Hernandez', '861-382-2461', 'OFkar1Cnq^'),
(108713996003, 'Ashley', 'Foley', '1985-10-28', '06312 Klein Prairie Apt. 229\r\nDylanview, WI 80469', 'cynthiaalexander@schmidt.net', '921-474-5217', 'Christopher Booker', '427-462-3753', '!fit0Wtz@z'),
(108725308145, 'Jaclyn', 'Williams', '2013-01-01', '5344 Jennifer Points\r\nLorishire, MD 52073', 'whitneysilva@smith.net', '388-020-1982', 'Joy Brown', '843-801-4110', 'di2HItbK_8'),
(108746434771, 'David', 'Obrien', '1987-04-11', '568 Lisa Meadow\r\nRamosfurt, LA 89680', 'johnsonchristopher@byrd.com', '919-763-5734', 'Erica Lopez', '594-177-7226', 'v@!q4Yz1J7'),
(108748539955, 'Jenna', 'Perez', '2002-09-02', '91984 Myers Manors Suite 560\r\nNew Loriland, GA 48701', 'jenniferhatfield@dickson-walton.com', '545-947-9081', 'Karen Rivera', '427-715-0066', 'I4F(lsn@&0'),
(108751676216, 'Jacqueline', 'Maddox', '1978-04-15', '41151 Brian Dale Suite 015\r\nRuizshire, IA 03550', 'mhodge@carter-parker.com', '216-363-8907', 'Lee Herring', '251-805-9169', 'oB@85CIuB&'),
(108785040570, 'Mark', 'Spears', '2006-11-17', '0171 Wright Falls Apt. 163\r\nMitchellport, DC 97365', 'acostajennifer@garcia.info', '533-688-4058', 'Thomas Brown', '145-876-3808', 'wO2!Hcxi8$'),
(108789327402, 'Mary', 'Cruz', '1990-01-03', '141 Davis Union\r\nChristinafurt, MT 13609', 'cartersarah@turner-snyder.com', '337-227-4814', 'Jesse Chapman', '961-937-0209', '$4oIszdRCg'),
(108876202067, 'James', 'Johnson', '1977-02-27', '78022 Travis Ports\r\nNorth Richardborough, ID 71528', 'salinasbrenda@mercado.com', '434-088-7313', 'Jodi Romero', '631-031-6310', '&CQimfXj(8'),
(108878871495, 'Colton', 'Washington', '2019-12-02', '0342 Tucker Roads\r\nFisherville, MO 16019', 'laurenjohnson@gmail.com', '762-779-7918', 'Karen Schneider', '374-091-5356', '^k4L6Lv)!5'),
(108879933272, 'John', 'Smith', '1974-11-19', '7025 Davidson Points Suite 286\r\nHeatherchester, NY 90610', 'wrightlaura@bullock-edwards.biz', '627-990-9513', 'Jessica Terrell', '632-789-7753', 'a8HJdd6B%+'),
(108881423722, 'Cynthia', 'Molina', '1980-05-28', '5120 Jeffrey Estate Apt. 724\r\nLouisstad, NJ 51623', 'jeffrey38@hotmail.com', '224-730-4716', 'Joyce Bishop', '930-993-3367', '89!6PDlGc^'),
(108890352675, 'Brittany', 'Bonilla', '2003-03-16', 'PSC 9140, Box 6160\r\nAPO AP 28003', 'klambert@greene-brooks.com', '691-827-4406', 'Alan Hale', '876-407-1102', '1^wv6FEe_s'),
(108898078240, 'Michael', 'Alexander', '2010-04-17', '659 Michael Burgs\r\nPort Marie, VT 06297', 'qlee@gmail.com', '681-524-1375', 'Lindsay Wood', '639-753-9483', '*n8CIynfEQ'),
(108911309232, 'Krystal', 'Lee', '1996-11-08', '827 Gamble Isle Apt. 281\r\nWest Coreytown, NC 24056', 'williamschwartz@jones-owen.biz', '387-962-7278', 'Amy Jones', '647-293-8484', '+26LG#LiN0'),
(109008495921, 'Christopher', 'Dixon', '1982-03-15', 'USCGC Payne\r\nFPO AE 52076', 'andre47@kennedy-cooper.biz', '506-230-0278', 'Brent Meadows', '857-518-3702', '(B63XKDwl_'),
(109051231164, 'Gary', 'Wells', '1979-10-06', '09470 Nash Pass\r\nCunninghamside, WA 98307', 'brendan54@rubio.org', '448-767-9382', 'Sarah Coleman', '474-552-1638', ')E3MGbO*+7');
INSERT INTO `Patients` (`PatientID`, `NameFirst`, `NameLast`, `DOB`, `Address`, `Email`, `Phone`, `EmergencyName`, `EmergencyPhone`, `Password`) VALUES
(109052626155, 'Karen', 'Gay', '2009-07-14', '7795 Henry Plains\r\nLorimouth, ND 60545', 'nicholasferguson@espinoza-moore.com', '294-033-6228', 'Molly Fleming', '925-930-1349', '&4#rj#Rw$r'),
(109134086528, 'Richard', 'Massey', '1990-12-24', '135 Cooley Drive\r\nJimfurt, WI 96799', 'nsmith@yahoo.com', '576-255-5279', 'Leslie Trujillo', '877-427-4188', 'wZHTJaWO^0'),
(109167411063, 'Hailey', 'Dalton', '1978-01-28', '27781 Miller Lakes\r\nJustinberg, KY 04282', 'lisa88@long.com', '867-482-3484', 'Patrick Payne', '964-261-9472', '4_xjS5Hy@U'),
(109169990046, 'Lindsay', 'Roberts', '1993-04-07', '16752 Jessica Canyon\r\nNew Adamview, WI 72329', 'jamesreed@wood.com', '724-461-7479', 'Regina Serrano', '817-123-2693', ')(+qQceo_2'),
(109220911907, 'Michael', 'Taylor', '2011-05-19', '226 Barnes Ports\r\nWest John, MD 24337', 'kimberlyraymond@rodriguez-price.info', '690-080-8877', 'Tim Johns', '581-147-2106', '*13Eqy(d@f'),
(109260953334, 'Zachary', 'Jackson', '2006-08-06', '02609 Smith Rapids\r\nWilliamsberg, TX 09272', 'rubenrodriguez@coleman.com', '172-468-1255', 'Rachel Johnson', '479-767-8349', 'l4DKMWZf$d'),
(109297650097, 'Sarah', 'Rose', '2004-12-15', '385 Michael Road Suite 179\r\nFullerview, MD 82913', 'patrickrivera@gmail.com', '807-354-5991', 'George Allen', '961-167-4783', '5_Q787AhLl'),
(109326295179, 'Jessica', 'Li', '1991-09-19', '54567 Ballard Station\r\nWest Brenda, WV 14110', 'richardstrickland@hotmail.com', '743-412-9834', 'Jason Orozco', '984-114-6119', 'QzHZ8X5fT)'),
(109372419234, 'Jason', 'Carter', '1995-12-10', '61658 Johnathan Road\r\nRubioside, PA 62269', 'uchang@hotmail.com', '986-576-8271', 'Kathryn Pham', '582-620-0903', 'bq3PwBTi@r'),
(109394477169, 'Johnathan', 'Watson', '2009-09-15', '99355 Brianna Shores\r\nSouth Anthony, CO 78446', 'anthonysandra@gomez-roberts.com', '455-137-5377', 'Nicole Fernandez', '188-108-4221', '49+&pT+b^p'),
(109406829460, 'Daniel', 'Thomas', '2009-01-07', '36525 Victoria Pass\r\nEast Justin, MT 01660', 'kenneth78@yahoo.com', '266-442-2978', 'Barbara Larson', '667-709-3018', '3iYfcfZG%G'),
(109540315560, 'Darren', 'Glass', '1986-05-27', '850 Oliver Terrace\r\nJoseborough, KS 12703', 'fostermichele@hotmail.com', '622-184-3507', 'Michaela Buck', '114-577-2067', 'K$5PpbOH%6'),
(109548499113, 'Holly', 'Reid', '1980-11-08', '438 Jessica Overpass\r\nPort Caitlynburgh, WV 86822', 'fleminggina@yahoo.com', '480-000-6430', 'Emily Morrow', '279-238-4654', '9g*1H6*k^y'),
(109553576664, 'Roger', 'Edwards', '2006-08-14', '010 Ingram Plains\r\nLake Michaelfort, TN 15292', 'jessica94@yahoo.com', '735-479-7781', 'Sara Black', '600-583-4009', '%7pu@hJ!+d'),
(109694007627, 'Robert', 'Bernard', '1980-09-09', '72163 Shannon Centers\r\nSanchezview, DC 91030', 'hnguyen@yahoo.com', '464-033-3410', 'Jennifer Black', '330-645-9462', '#cg89B)ky!'),
(109736647384, 'Kristopher', 'Smith', '1988-10-30', '43507 Greene Flats\r\nNorth Jamiemouth, NC 82048', 'mollyromero@herring-garner.org', '375-288-9264', 'Danielle Yates', '820-293-3980', '*4UOA7ka&y'),
(109742837686, 'Laura', 'Espinoza', '2008-06-23', '38358 Tyler Run Suite 986\r\nKevinchester, MS 19143', 'vmiller@gmail.com', '670-511-3257', 'Kelsey Odonnell', '178-961-1560', '37(0BITc(_'),
(109752397048, 'Elizabeth', 'Mcintosh', '2018-08-28', '8947 Melissa Mountains Apt. 565\r\nAdriennefort, WV 97031', 'mgoodman@riley.com', '182-089-2251', 'Anthony Rodriguez', '132-235-6346', 'Uw1**9ZwOw'),
(109840501282, 'Laura', 'Stephens', '1985-02-05', '30121 Fuentes Estates\r\nRogerfort, CO 54914', 'katherine78@gmail.com', '372-679-0454', 'Robert Collins', '192-389-5728', 'o7iJq*JR+v'),
(109847871606, 'Christy', 'Bruce', '1972-06-15', '7044 James Alley Apt. 250\r\nHernandeztown, OR 86294', 'belinda09@yahoo.com', '629-033-9029', 'Rachel Saunders', '404-376-0225', 'n)6hmY*h7T'),
(109869556695, 'Andrea', 'Peters', '1983-02-22', '082 Cruz Courts Apt. 101\r\nNew Morgan, NJ 71959', 'sandramills@newman.info', '556-812-3585', 'Teresa Smith', '299-382-5916', 'm6Wqmzjl+N'),
(109876828272, 'Annette', 'Taylor', '2005-03-29', 'PSC 3661, Box 4305\r\nAPO AA 57153', 'ewebster@parsons.com', '397-084-8518', 'Howard Glover', '217-021-0152', 'f5RfTOT!%+'),
(109938779470, 'Anna', 'Taylor', '2012-04-26', '33148 Sharp Crossroad\r\nLake Karl, ND 46723', 'jonathonwright@adams.com', '626-895-6705', 'Michael Donovan', '504-560-4682', '5(QTxxaE^B'),
(109952466243, 'Donna', 'Moore', '1986-10-02', '7403 Simmons Pass\r\nChristopherhaven, OR 93243', 'melissaolson@elliott.com', '983-098-2880', 'Kathy Ward', '422-489-5309', '_QC8qK5kz7'),
(109953619507, 'David', 'Fox', '1998-06-10', '13688 Nathan Summit\r\nSouth Barbaratown, MD 53773', 'meyerdaniel@mason-saunders.com', '652-370-6457', 'Melanie Reynolds', '462-069-8623', '^^(d^U%n0M');

-- --------------------------------------------------------

--
-- Table structure for table `Perscriptions`
--

CREATE TABLE IF NOT EXISTS `Perscriptions` (
  `DrID` bigint(20) unsigned NOT NULL,
  `PatientID` bigint(20) unsigned NOT NULL,
  `TreatmentID` bigint(20) unsigned NOT NULL,
  `Date` date NOT NULL,
  `Quantity` varchar(20) DEFAULT NULL,
  PRIMARY KEY (`DrID`,`PatientID`,`TreatmentID`,`Date`),
  KEY `PatientID` (`PatientID`),
  KEY `TreatmentID` (`TreatmentID`)
) ENGINE=InnoDB DEFAULT CHARSET=latin1;

--
-- Dumping data for table `Perscriptions`
--

INSERT INTO `Perscriptions` (`DrID`, `PatientID`, `TreatmentID`, `Date`, `Quantity`) VALUES
(200048175728, 102804041859, 309030167429, '2017-10-20', '23 oz'),
(200062391053, 106593766146, 308140327875, '1974-04-01', '94 fl oz'),
(200113738460, 100448782390, 309759566026, '1982-02-02', '52 Tbsp'),
(200113738460, 100653102335, 304200213102, '1994-10-25', '76 Tbsp'),
(200121569221, 103589699105, 305409426487, '1992-06-24', '23 tsp'),
(200194822294, 103582843758, 308759541054, '1984-06-19', '53 mL'),
(200194822294, 105856785688, 306451319593, '2017-04-02', '71 Tbsp'),
(200236267692, 107645362897, 304703427918, '2016-11-14', '98 fl oz'),
(200236267692, 109134086528, 309897827246, '1990-05-01', '28 g'),
(200312096689, 102504659292, 302658292047, '2014-11-16', '25 Tbsp'),
(200312096689, 105459183729, 308107545266, '1973-03-06', '56 mg'),
(200414587526, 106474778748, 300411556322, '2019-06-15', '32 g'),
(200437975418, 104083000295, 305411470708, '1987-10-15', '28 tsp'),
(200439592169, 106904110982, 305245613753, '1979-10-25', '29 tsp'),
(200461594303, 106156492047, 309155606313, '1988-08-28', '51 mg'),
(200493879901, 108271923843, 303288242632, '2002-11-15', '15 fl oz'),
(200540261232, 109052626155, 309701734597, '2014-01-13', '78 g'),
(200598814813, 102151660742, 305312434708, '2008-11-22', '1 fl oz'),
(200618066225, 104963543583, 308759541054, '1973-11-28', '78 Tbsp'),
(200672082535, 108876202067, 306721936632, '1989-06-15', '95 mL'),
(200795661324, 104265192996, 305245613753, '2019-12-06', '68 tsp'),
(200795661324, 106904110982, 307664889990, '1986-06-09', '25 mg'),
(200795791039, 107295997863, 306220765112, '1982-04-26', '52 mL'),
(200799491337, 102806449361, 303630332719, '2018-12-10', '79 tsp'),
(200799491337, 104938501332, 303311012436, '1992-03-02', '33 fl oz'),
(200799491337, 108221865872, 309999629944, '1994-11-05', '90 tsp'),
(200799491337, 108746434771, 308619075184, '1993-01-23', '66 mg'),
(200799491337, 109553576664, 306721936632, '2009-08-12', '46 g'),
(200816665686, 106425207240, 301906499156, '1977-10-28', '74 fl oz'),
(200858290302, 106339211340, 305001156287, '2009-09-25', '51 Tbsp'),
(200862271914, 104924439984, 307328306707, '1973-08-06', '70 tsp'),
(200871150286, 109869556695, 306686146633, '1984-05-13', '61 tsp'),
(201051281396, 106663925979, 308545678813, '1980-08-09', '4 oz'),
(201051281396, 109847871606, 302765270156, '1983-07-18', '35 mg'),
(201089608695, 103589699105, 301294121945, '2021-01-14', '25 tsp'),
(201089608695, 108574716006, 309030167429, '2011-08-18', '64 fl oz'),
(201167967720, 105459183729, 307124916685, '1993-05-01', '92 Tbsp'),
(201290102285, 100374733036, 307742723771, '2018-06-23', '81 g'),
(201290102285, 108555261390, 302434995347, '1995-11-28', '32 mL'),
(201353627351, 103037373055, 301906499156, '2011-04-14', '66 fl oz'),
(201386769168, 102155718530, 307328306707, '1981-05-29', '6 g'),
(201437931616, 104358122510, 305409426487, '1985-09-17', '100 mg'),
(201491477705, 100743966614, 305001156287, '1971-12-26', '95 mg'),
(201560465212, 104358122510, 309864625220, '2004-09-17', '69 mL'),
(201560465212, 105604001233, 301519721234, '2006-09-29', '79 g'),
(201560465212, 106661685713, 300495008584, '1981-12-04', '10 tsp'),
(201571915238, 104342752200, 308619075184, '1984-05-30', '75 Tbsp'),
(201571915238, 107558298576, 303625899353, '2004-03-28', '22 mL'),
(201582466962, 107178550727, 300034342941, '1977-11-01', '33 mL'),
(201582466962, 109548499113, 300237135697, '1983-03-29', '84 fl oz'),
(201584185657, 101343589362, 305023906058, '2008-01-12', '30 Tbsp'),
(201584185657, 108876202067, 303560049848, '1982-11-11', '77 Tbsp'),
(201608073203, 100374733036, 301906499156, '1983-05-29', '56 Tbsp'),
(201608073203, 101259124260, 300890141304, '2012-12-01', '57 Tbsp'),
(201608073203, 106631688033, 307096234864, '1984-07-13', '87 oz'),
(201610103822, 108126203518, 301763639963, '2020-07-27', '25 oz'),
(201620552115, 103843825610, 305280736688, '1990-08-04', '85 oz'),
(201620552115, 106836203450, 305804931524, '1976-08-12', '51 Tbsp'),
(201620552115, 109372419234, 300135159475, '1984-01-01', '97 mL'),
(201797976318, 102508006922, 300984764254, '2000-02-14', '81 mL'),
(201797976318, 108785040570, 305804931524, '1991-02-12', '83 oz'),
(201811657507, 102853431017, 308545678813, '1988-03-17', '66 g'),
(201924417195, 106939485323, 307012134044, '1983-08-11', '45 fl oz'),
(201925843224, 104108060080, 309488321302, '1984-03-02', '21 tsp'),
(201925843224, 104422086935, 307124916685, '1987-03-31', '89 oz'),
(201979072762, 102705295939, 305970246115, '2021-04-01', '12 mL'),
(202108648821, 107155957210, 303002639739, '1977-05-02', '45 mg'),
(202108648821, 109840501282, 302166212631, '2011-02-09', '77 Tbsp'),
(202137338317, 106998926533, 302051637240, '2014-02-06', '69 tsp'),
(202150254902, 106631688033, 303625899353, '1971-04-21', '9 g'),
(202190805057, 109260953334, 303627412824, '1995-04-02', '39 fl oz'),
(202251014156, 100184650500, 306307579992, '1975-01-21', '8 tsp'),
(202273410559, 102779605955, 309757665296, '1974-07-28', '40 tsp'),
(202273410559, 108713996003, 300934622103, '2017-07-26', '99 Tbsp'),
(202302532789, 100582313556, 308514448797, '2021-03-11', '79 mg'),
(202302532789, 106836203450, 309987894787, '1979-02-17', '88 Tbsp'),
(202304345600, 103755321414, 301798932541, '1997-12-03', '6 g'),
(202304345600, 109260953334, 309488321302, '1982-06-13', '59 oz'),
(202326979659, 102311984509, 303774570700, '2013-06-23', '20 Tbsp'),
(202326979659, 102744583659, 303774570700, '2016-05-03', '24 Tbsp'),
(202326979659, 103827196170, 306641883024, '1973-10-08', '31 Tbsp'),
(202326979659, 105805171677, 306061732714, '2002-03-27', '8 fl oz'),
(202429281491, 101997950268, 302365223790, '2010-02-26', '20 mL'),
(202507840425, 104061576928, 301798932541, '2017-04-03', '77 fl oz'),
(202510192131, 102265980137, 308808181973, '1987-08-16', '23 oz'),
(202527547215, 101117040278, 300035437483, '1970-02-11', '46 mg'),
(202535834117, 102479513193, 303311012436, '1992-07-27', '70 tsp'),
(202595571199, 107033318353, 308367926710, '1992-03-12', '30 mg'),
(202656673134, 102543817401, 302069209993, '1989-05-26', '39 Tbsp'),
(202656673134, 105480773708, 301053090852, '2002-05-31', '68 tsp'),
(202805037175, 106425207240, 300034342941, '1991-02-28', '92 mg'),
(202907868568, 108876202067, 305066012705, '2006-04-02', '75 tsp'),
(202914954845, 106894501832, 308725345021, '1997-03-27', '28 tsp'),
(203039869698, 101117040278, 305001156287, '2000-08-06', '81 Tbsp'),
(203078348877, 100184650500, 307283446237, '2019-04-30', '92 mg'),
(203078348877, 104344951553, 305280736688, '1987-08-18', '22 mg'),
(203078348877, 105604252564, 305023906058, '2014-11-28', '16 mg'),
(203126374102, 109869556695, 305001156287, '2000-02-20', '79 Tbsp'),
(203165384662, 100411774673, 300934622103, '2016-09-29', '35 fl oz'),
(203165384662, 107567355602, 307946346545, '1984-02-14', '41 oz'),
(203216830492, 101587103141, 307321545271, '2014-05-02', '18 Tbsp'),
(203216830492, 102127449585, 302658292047, '2002-03-17', '88 g'),
(203216830492, 108911309232, 307427139721, '1977-02-12', '67 oz'),
(203249286917, 104083000295, 300315718290, '1981-09-22', '49 mg'),
(203249286917, 107303246643, 301716652888, '1980-01-11', '84 fl oz'),
(203257587710, 106144124859, 306930914569, '2002-04-30', '20 mL'),
(203312855213, 107017896074, 307917920303, '1975-03-18', '26 mg'),
(203371938031, 106474778748, 301811519731, '2015-09-24', '63 mL'),
(203515553198, 101541617763, 303981445090, '1992-12-26', '88 tsp'),
(203597621743, 102744583659, 300237135697, '2012-01-11', '86 tsp'),
(203597621743, 107567355602, 308832710972, '2006-11-09', '9 g'),
(203621808435, 109372419234, 306380071994, '1985-08-26', '58 tsp'),
(203632022918, 102151660742, 308838570037, '1994-10-12', '39 mg'),
(203632022918, 102479513193, 300410635997, '1992-06-18', '59 mL'),
(203669348281, 103626410485, 305466446545, '1996-06-10', '23 mg'),
(203726167832, 101851110101, 303625899353, '2009-08-31', '70 fl oz'),
(203840283174, 104358122510, 306760273495, '2000-12-20', '15 fl oz'),
(203840283174, 104648206198, 300510359985, '2002-11-20', '54 tsp'),
(203840283174, 108301158048, 303500883675, '1990-08-18', '35 mg'),
(203864907313, 100272295479, 303002639739, '1985-05-29', '89 mg'),
(203909210846, 103037373055, 305466446545, '2009-06-29', '12 g'),
(203909210846, 103975886723, 301858910890, '1972-06-12', '45 mg'),
(203922965091, 104959565780, 306959704373, '2004-02-08', '77 oz'),
(203933145490, 102265980137, 309688433032, '2009-01-14', '36 mg'),
(203971856348, 100261759926, 307827911107, '1982-05-17', '27 mg'),
(204005231915, 101507683214, 307394865349, '2002-06-25', '30 g'),
(204005231915, 108574716006, 307155188519, '2009-06-07', '32 mL'),
(204072697226, 100411774673, 306280344519, '2006-08-15', '36 oz'),
(204072697226, 102155718530, 303013447718, '1994-03-21', '37 mL'),
(204072697226, 102311984509, 300890141304, '2010-12-25', '55 fl oz'),
(204072697226, 106798537399, 309900325385, '1974-04-30', '41 mg'),
(204088833419, 106904110982, 308460751352, '2001-05-16', '58 oz'),
(204124635196, 100608285313, 308671880611, '2012-11-18', '82 mL'),
(204133291017, 100529134923, 302935436343, '2006-07-05', '13 mg'),
(204133291017, 101587103141, 300905800642, '2016-02-20', '60 mL'),
(204133291017, 105923213608, 303316718688, '2015-08-27', '38 oz'),
(204213943232, 102705295939, 301858910890, '2001-01-18', '42 oz'),
(204234236218, 103827196170, 305359237632, '2002-08-07', '35 g'),
(204234236218, 104152056425, 301763639963, '2017-04-21', '64 tsp'),
(204242024361, 106798537399, 302794057881, '2017-03-04', '38 oz'),
(204346569358, 101541617763, 300161938935, '1976-08-19', '24 oz'),
(204346569358, 104108060080, 303746081797, '1979-10-28', '70 mg'),
(204393710728, 103975886723, 300161938935, '2020-03-04', '63 mg'),
(204493334210, 103725678446, 308905276707, '2004-01-17', '68 g'),
(204555632448, 102311984509, 307313492355, '1999-06-21', '22 Tbsp'),
(204623575580, 108302686943, 301784196384, '2016-08-19', '64 mL'),
(204623575580, 109840501282, 309861707900, '1990-03-19', '58 fl oz'),
(204649762590, 103815763109, 304474265839, '1989-04-18', '93 oz'),
(204649762590, 104155456637, 307466225271, '1985-12-26', '4 fl oz'),
(204649762590, 107066795835, 309405378945, '1971-08-16', '40 oz'),
(204741227335, 102133052877, 300510359985, '1979-07-05', '50 oz'),
(204741227335, 104358122510, 308107545266, '1974-09-02', '8 mg'),
(204754306636, 104083000295, 303812912222, '1970-12-03', '35 g'),
(204807016580, 108785040570, 300822152580, '2016-08-01', '22 mL'),
(204969158229, 104339275231, 308514448797, '1994-02-08', '25 mg'),
(204969158229, 105805171677, 305466217374, '1979-02-05', '59 Tbsp'),
(204969158229, 107178550727, 304538919624, '1976-02-08', '49 mL'),
(205034635030, 109169990046, 300135159475, '2010-11-03', '51 fl oz'),
(205038779971, 105480773708, 304358414904, '2012-02-21', '63 mg'),
(205163395635, 104750721231, 303761160154, '1995-01-12', '40 mL'),
(205262642031, 108881423722, 301294121945, '2003-02-17', '72 g'),
(205310458534, 107353169427, 307953831006, '2011-07-06', '73 tsp'),
(205361096276, 109553576664, 305023906058, '2012-04-14', '43 tsp'),
(205377961406, 109297650097, 306721936632, '2008-11-05', '64 tsp'),
(205555920632, 105555644583, 309688433032, '2002-12-02', '57 mg'),
(205578415085, 106127691551, 301916645409, '1972-10-03', '37 g'),
(205580429572, 102504659292, 309035169562, '2013-08-13', '53 mL'),
(205580429572, 103815763109, 305644922045, '1972-02-01', '51 fl oz'),
(205580429572, 104422086935, 303773969020, '1978-01-13', '17 g'),
(205812979083, 100274093029, 300027844268, '1974-01-06', '60 tsp'),
(205812979083, 108571800866, 307461779918, '1975-05-16', '3 g'),
(205842129156, 104750721231, 308848810948, '1992-10-06', '96 tsp'),
(205842129156, 106684643113, 307766443916, '2008-10-25', '24 mg'),
(205851855296, 105562597182, 307271255494, '1975-02-14', '2 fl oz'),
(205899437694, 101259124260, 301798932541, '1996-10-14', '8 fl oz'),
(206089464012, 104938501332, 308863524196, '1998-11-24', '1 tsp'),
(206094933086, 104492784164, 307313492355, '2015-04-20', '76 mg'),
(206099088126, 100207244961, 302051637240, '2016-01-28', '41 mg'),
(206131920546, 106593766146, 309623415178, '1971-04-22', '32 oz'),
(206138660474, 106198328052, 301797974409, '2011-11-30', '74 mg'),
(206294935452, 108666824040, 303446224158, '2003-05-17', '99 tsp'),
(206294935452, 109548499113, 302365223790, '1995-08-26', '83 g'),
(206294935452, 109742837686, 308142457508, '1988-05-29', '19 oz'),
(206403275362, 102705295939, 300410635997, '1981-07-17', '65 oz'),
(206435793917, 101605614829, 306959704373, '2015-08-01', '52 mL'),
(206439299720, 108911309232, 305804931524, '2017-06-09', '83 Tbsp'),
(206446770932, 107017896074, 301019837806, '1982-02-19', '8 mg'),
(206602622664, 100529134923, 306716746621, '1994-01-18', '37 fl oz'),
(206637790200, 106631688033, 303745459188, '1998-11-23', '40 tsp'),
(206637790200, 107017896074, 308107545266, '1998-06-20', '95 mL'),
(206649916479, 106339211340, 303773969020, '2012-07-05', '67 tsp'),
(206649916479, 109540315560, 305359237632, '1991-07-02', '32 g'),
(206662701863, 100769989517, 307427139721, '1982-03-30', '41 mL'),
(206662701863, 102705295939, 303019211966, '1996-12-31', '92 tsp'),
(206662701863, 104648206198, 300315718290, '2004-12-02', '9 fl oz'),
(206688197687, 102539654186, 307321545271, '1987-11-24', '77 Tbsp'),
(206688197687, 104457259684, 306728032298, '2017-09-23', '12 mL'),
(206688197687, 104761507565, 300984764254, '2008-11-03', '95 oz'),
(206871709356, 103616832694, 309765792962, '1999-07-16', '32 fl oz'),
(206897027897, 100272295479, 307817183646, '2002-12-25', '79 tsp'),
(206960038617, 109297650097, 307271255494, '1981-10-24', '33 mg'),
(206982530350, 106474778748, 300224649265, '2009-11-23', '44 mg'),
(207022436010, 100510351116, 300411556322, '1980-01-04', '30 Tbsp'),
(207070919805, 106144124859, 302935634749, '1975-02-12', '26 tsp'),
(207073772233, 102264929235, 300987193002, '1988-05-19', '83 mg'),
(207073772233, 102530399728, 303746081797, '2020-07-14', '99 mL'),
(207097044167, 100207244961, 302365223790, '2017-12-22', '67 mg'),
(207097044167, 102705295939, 306760273495, '1996-08-11', '67 fl oz'),
(207270838547, 102338307828, 301786676747, '1982-09-29', '63 Tbsp'),
(207270838547, 106028204177, 307271255494, '1998-02-22', '68 mg'),
(207270838547, 108120341606, 301916645409, '2005-09-27', '84 mg'),
(207304198441, 105502423503, 306451319593, '1983-04-16', '88 fl oz'),
(207304198441, 108353550485, 304167756897, '1971-07-02', '74 fl oz'),
(207358696134, 105923213608, 306686146633, '2013-02-27', '30 oz'),
(207409231214, 102530399728, 302935436343, '1990-02-16', '65 mL'),
(207409231214, 104750721231, 301089920385, '2004-04-13', '37 fl oz'),
(207413080663, 100274093029, 309829627328, '2020-03-04', '10 oz'),
(207456624073, 102068356481, 309688433032, '1971-07-02', '17 mg'),
(207456624073, 105923213608, 303774570700, '2012-06-16', '11 fl oz'),
(207456624073, 108876202067, 304475708143, '2012-03-06', '58 g'),
(207456624073, 109220911907, 300035437483, '1990-10-26', '22 mL'),
(207498826481, 107033318353, 309119164847, '2012-12-27', '53 mL'),
(207556925043, 101900551237, 302365223790, '1994-03-25', '57 g'),
(207556925043, 108226946653, 309688433032, '2003-12-23', '13 mg'),
(207628620005, 100256866211, 309030167429, '2011-06-24', '98 oz'),
(207628620005, 100448782390, 303500883675, '2016-05-07', '71 Tbsp'),
(207674815964, 102311984509, 303606414354, '1985-12-31', '50 g'),
(207674815964, 106564719540, 305150695484, '2008-06-29', '14 tsp'),
(207777292747, 109876828272, 304616761232, '2009-04-10', '66 fl oz'),
(207797971494, 106481206591, 302935634749, '1981-07-05', '7 Tbsp'),
(207797971494, 107066795835, 303774536483, '1976-04-08', '15 mL'),
(207972759686, 104172516858, 301558561869, '2001-12-06', '42 fl oz'),
(208062005088, 104457259684, 300161938935, '1997-08-05', '2 mg'),
(208103280198, 101688483950, 306791878124, '1994-05-11', '67 fl oz'),
(208103280198, 102847978934, 303881173661, '2017-03-27', '13 Tbsp'),
(208103280198, 109540315560, 301797974409, '1976-06-30', '4 mg'),
(208151712001, 102543817401, 303627412824, '1992-02-27', '82 fl oz'),
(208162338265, 100610580250, 300706129983, '1994-02-03', '76 mg'),
(208162338265, 102489082230, 305659471635, '1971-02-08', '28 fl oz'),
(208162338265, 103206584471, 308514448797, '1982-08-19', '30 mg'),
(208211772065, 109052626155, 309829627328, '1990-05-05', '55 mg'),
(208248910618, 105805171677, 302692944490, '2001-06-08', '57 tsp'),
(208248910618, 106134927760, 304474265839, '1979-09-05', '80 g'),
(208248910618, 107333607444, 302590153159, '2015-04-21', '64 Tbsp'),
(208256577133, 103206584471, 306703902909, '1972-08-13', '97 Tbsp'),
(208334123605, 100653102335, 301053090852, '2006-03-31', '40 oz'),
(208334123605, 101137740307, 307953831006, '1984-06-20', '41 oz'),
(208355565947, 105572822093, 304238931270, '2012-04-27', '41 mL'),
(208362564078, 102508006922, 303288242632, '1984-09-15', '31 Tbsp'),
(208375454666, 109326295179, 306760273495, '2020-12-28', '10 fl oz'),
(208433386843, 100519028090, 303884468237, '2012-08-28', '7 oz'),
(208482109361, 101688483950, 304110042566, '1997-12-14', '63 g'),
(208572413363, 102155718530, 303881173661, '1987-10-11', '89 Tbsp'),
(208606129785, 109553576664, 307736535992, '2018-10-10', '96 mL'),
(208606129785, 109938779470, 300411556322, '1972-11-22', '87 mg'),
(208646482862, 103815763109, 308556296368, '1995-09-05', '41 Tbsp'),
(208646482862, 108120341606, 300336066101, '2017-02-09', '19 g'),
(208646482862, 108120341606, 309759566026, '1981-10-19', '60 mg'),
(208646482862, 109540315560, 306280344519, '1975-02-18', '39 oz'),
(208707992296, 106305742058, 307235559202, '2000-01-19', '39 Tbsp'),
(208719944609, 104265192996, 309898114799, '2009-11-22', '48 mg'),
(208754962855, 105644818902, 303630332719, '1977-02-01', '30 oz'),
(208754962855, 108302686943, 307817183646, '2006-11-03', '46 oz'),
(208943548002, 107930071890, 309861707900, '2017-05-24', '100 Tbsp'),
(208951249245, 105572822093, 307717032134, '1980-09-23', '29 fl oz'),
(208951249245, 105856785688, 301798932541, '1987-12-08', '3 tsp'),
(208976011285, 101541617763, 308211262372, '1970-02-03', '87 mg'),
(209016590369, 103241290726, 303625899353, '1997-07-16', '62 oz'),
(209051278036, 105779677512, 305466446545, '1983-08-15', '18 Tbsp'),
(209104394196, 109540315560, 308451920106, '1987-10-21', '100 Tbsp'),
(209176277543, 108221865872, 306343665002, '2004-05-07', '5 oz'),
(209242672179, 105453394405, 309265931605, '2005-04-27', '88 g'),
(209242672179, 108174061421, 307957075993, '1973-03-22', '63 mL'),
(209318300160, 100608285313, 307323972349, '2004-11-30', '76 oz'),
(209318300160, 103206584471, 303881173661, '1975-02-24', '91 tsp'),
(209447440878, 106661685713, 303745459188, '2020-12-14', '84 mg'),
(209517531627, 104990061871, 309897827246, '1973-07-19', '21 mL'),
(209517531627, 107952547007, 307464628683, '1991-06-16', '96 tsp'),
(209517531627, 108205896606, 304110042566, '1981-03-24', '63 fl oz'),
(209574995838, 100256866211, 303337088083, '2000-12-05', '91 fl oz'),
(209574995838, 103855103969, 308556296368, '1998-03-26', '23 Tbsp'),
(209625238758, 100052712201, 309864625220, '1994-08-15', '84 g'),
(209669556377, 109052626155, 300528159143, '1974-03-29', '35 Tbsp'),
(209680756548, 100653102335, 302014744355, '1978-09-19', '13 Tbsp'),
(209680756548, 104651239761, 304616761232, '1998-01-20', '73 Tbsp'),
(209725494486, 109220911907, 305086633228, '1991-06-20', '10 fl oz'),
(209907717927, 104670113340, 309151694354, '2012-03-27', '79 fl oz'),
(209907717927, 105502423503, 309861707900, '1972-06-29', '100 fl oz'),
(209923303153, 102338307828, 303500883675, '1982-02-09', '49 fl oz'),
(209929851072, 102265980137, 301784196384, '1996-05-21', '98 mL');

-- --------------------------------------------------------

--
-- Table structure for table `Pharmacies`
--

CREATE TABLE IF NOT EXISTS `Pharmacies` (
  `PharmacyID` bigint(20) unsigned NOT NULL,
  `PharmacyName` varchar(45) NOT NULL,
  `Address` varchar(200) DEFAULT NULL,
  `Email` varchar(45) NOT NULL,
  `PhoneNumber` varchar(12) NOT NULL,
  PRIMARY KEY (`PharmacyID`)
) ENGINE=InnoDB DEFAULT CHARSET=latin1;

--
-- Dumping data for table `Pharmacies`
--

INSERT INTO `Pharmacies` (`PharmacyID`, `PharmacyName`, `Address`, `Email`, `PhoneNumber`) VALUES
(800097428348, 'Grimes Inc', '004 Turner Fort Apt. 506\r\nPort Jeremyborough, AK 90373', 'johnsonronald@yahoo.com', '241-041-8881'),
(800097888050, 'Booker-Cameron', '375 Graham Mall Apt. 466\r\nNew Teresafurt, FL 45525', 'kathleengomez@hotmail.com', '780-287-6986'),
(800154771925, 'Peterson Group', '799 Heather Falls\r\nNorth Rickyview, NM 66678', 'sonyawilliams@yahoo.com', '685-401-2725'),
(800172444696, 'Howell-Bentley', '043 Nicholas Freeway Apt. 917\r\nWest Kimberly, HI 77568', 'jimmypeters@hicks.com', '478-508-1923'),
(800223464877, 'Cochran, Wood and Gonzalez', '9683 Jimmy View\r\nLake Kimborough, NC 05677', 'morgankelly@duncan.org', '481-781-6824'),
(800329166475, 'Williams, Hernandez and Bryant', '870 Kelly Valley Suite 444\r\nHendersonport, TX 71281', 'amberwood@hotmail.com', '285-615-8785'),
(800334683849, 'Montgomery, Kaiser and Ford', '473 Jennifer Oval\r\nNew Charles, IL 94034', 'fcarroll@yahoo.com', '270-579-9616'),
(800345135207, 'Garcia-Rodriguez', '98047 Gregory Mission Apt. 205\r\nSouth Todd, AL 69927', 'mmcintyre@keith-chen.org', '266-494-2735'),
(800355320714, 'Smith, Carlson and Johnson', '643 Jeremy Ranch\r\nMarkstad, OH 86003', 'alexanderhunter@davidson-williams.info', '209-832-7402'),
(800414483963, 'Mcconnell-Chaney', '2411 Johnson Loaf\r\nHornhaven, MT 85328', 'billysmith@yahoo.com', '624-916-6628'),
(800469372607, 'Stafford LLC', '8099 Chung Expressway Apt. 682\r\nBenjaminside, UT 41884', 'cbaxter@andrews-mejia.com', '488-377-6771'),
(800514995216, 'Turner LLC', 'USNS Flores\r\nFPO AA 96128', 'benjamindavis@yahoo.com', '824-951-6548'),
(800520459201, 'Vaughn, Reed and Roberts', '668 Anderson Forge Apt. 702\r\nNew Kevin, DC 74603', 'melissa29@johnson.org', '155-509-5096'),
(800534969303, 'Carr-Bell', '5522 Jason Ranch\r\nPort Cheyenne, NY 37097', 'kimberlywhite@avila.com', '621-108-9989'),
(800545765485, 'Nelson, Fowler and Curtis', '2528 Knight Port\r\nNorth Mathewmouth, KY 94623', 'ahernandez@bell-mullins.com', '128-861-3438'),
(800587335115, 'Brown-Price', '61941 Matthew Cliffs\r\nLake Nicholas, MN 12201', 'tammy08@foster.com', '367-410-8580'),
(800645344409, 'Watts Inc', '438 Walters Lane Suite 821\r\nNorth Marthamouth, TN 14316', 'harrisleslie@yahoo.com', '352-459-1433'),
(800648680372, 'Schwartz-Jensen', '2793 William Burgs Suite 908\r\nLake Leahmouth, DC 44494', 'michaelirwin@jenkins.biz', '550-491-7795'),
(800652790204, 'Smith, Mathis and Lopez', '001 Jillian Canyon Apt. 673\r\nLake Samanthaborough, NV 38611', 'ssmith@yahoo.com', '221-023-9549'),
(800679024634, 'Garza and Sons', '351 Cindy Cape Suite 089\r\nNorth Amybury, TX 39941', 'lisa66@yahoo.com', '291-642-5227'),
(800700284651, 'Rivera-Gonzalez', '043 Nixon Forks Apt. 493\r\nJacksonview, PA 34218', 'khuynh@cooper-wiley.org', '631-818-3417'),
(800806015513, 'Watkins-Gamble', '77345 Phillips Tunnel\r\nDebraton, CA 63172', 'mooregregory@gmail.com', '647-644-4756'),
(800828585238, 'Osborne, Mitchell and Matthews', '7933 Lawson Port Suite 096\r\nNew Cynthiachester, AL 66293', 'michelle34@gmail.com', '864-814-1543'),
(800913146069, 'English Inc', '752 Chavez Row\r\nJoycefort, RI 91756', 'smithryan@andrade.com', '492-095-1561'),
(800922591096, 'Frazier, Taylor and Daniels', '703 Cardenas Forks Apt. 243\r\nDoyleburgh, AL 35075', 'vrobinson@jackson.com', '790-010-5094'),
(800924544401, 'Hoover, Greene and Hebert', '404 Patricia Groves\r\nBenjaminmouth, AK 75480', 'cantrelljoshua@dudley.com', '838-363-5453'),
(801017255975, 'Rogers, Mason and Carter', '7649 Cruz Points\r\nDonaldshire, CT 87672', 'christopher65@gmail.com', '579-255-1981'),
(801019940389, 'Nguyen PLC', '3970 Derrick Springs\r\nAndrewville, MO 82863', 'carrolljerry@hotmail.com', '109-164-8093'),
(801047285346, 'Cannon Ltd', 'USNS Matthews\r\nFPO AP 33642', 'kenneth33@young-sparks.com', '229-853-1185'),
(801052748191, 'Pacheco, Suarez and King', '88504 Johnston Lock\r\nHolmeston, MA 73363', 'carlawalker@hotmail.com', '599-861-7764'),
(801053787004, 'Bailey LLC', '553 Amy Turnpike\r\nJohnathanmouth, AL 80213', 'erikbrown@smith.com', '268-293-3953'),
(801130578814, 'Ward Inc', '06600 Doyle Crossroad Apt. 108\r\nPort Davidbury, IA 47926', 'jameswatts@yahoo.com', '454-379-9881'),
(801149518165, 'Walters-Baker', '519 Sheila Ranch Suite 777\r\nEast Mariaville, NC 82059', 'michaelthomas@thompson-jackson.info', '201-535-7026'),
(801168016212, 'Fletcher, Cabrera and Williams', '194 Katie Drive\r\nLake Joseph, DE 53213', 'bakerjohn@gmail.com', '830-272-9700'),
(801176748899, 'Becker, Fisher and Valencia', '8863 Walter Lodge Apt. 002\r\nEast Meredithview, RI 88302', 'fpowell@griffith.com', '293-823-7159'),
(801217126981, 'Parsons-Johnston', '9899 Frederick Brooks Suite 677\r\nSouth Julie, LA 01121', 'karen19@yahoo.com', '420-482-6802'),
(801251027180, 'Morse, Wise and Grant', '874 Kimberly Fort Suite 104\r\nNew Beth, IN 58951', 'johnsonjulie@bailey.com', '273-161-7033'),
(801274344252, 'Lee, Bates and Hunter', 'USCGC Hill\r\nFPO AP 65887', 'kimberly52@barrera.com', '192-528-7825'),
(801280454796, 'Johnson, Williams and Ball', '646 Arthur Square\r\nJohnsonberg, NJ 28045', 'dtrujillo@carroll-mckenzie.com', '491-014-3833'),
(801350546420, 'Farley and Sons', '224 White Walk\r\nJohntown, OK 28464', 'emiller@jones.com', '112-123-7492'),
(801350978645, 'Gomez, Mckenzie and Miller', '638 Parker Via\r\nAcostaton, PA 66410', 'richardlisa@mercado-snow.net', '638-554-8192'),
(801400033294, 'Weeks-Johnson', '67664 Derrick Meadows Apt. 589\r\nSouth Colton, WV 53130', 'kmcdaniel@murphy.biz', '596-221-1753'),
(801484352828, 'Griffin-Vang', '826 Stephanie Mall\r\nAdamsburgh, OK 84923', 'herreraryan@hotmail.com', '395-259-7373'),
(801557814796, 'Ware-Andrews', '2361 William Fork Suite 632\r\nFischerport, IL 98094', 'tracy60@gmail.com', '435-219-3922'),
(801565165219, 'Howard LLC', '69066 Samantha Ferry Apt. 771\r\nEast Jaimeport, NV 42089', 'jennifer35@harper-mitchell.com', '819-626-0231'),
(801577892206, 'Love PLC', '6725 Benjamin Land Suite 481\r\nChristopherport, CT 34666', 'adavis@smith.com', '386-199-3504'),
(801598491816, 'Holloway-Carter', '177 King Lodge\r\nSouth John, ME 30225', 'charleswilson@yahoo.com', '574-880-4729'),
(801608206376, 'Barber and Sons', '54267 David Shore\r\nReedport, DE 01297', 'jessica20@small-welch.org', '244-926-8716'),
(801673946785, 'Ford LLC', '203 Lori Ridge\r\nSouth Jerryshire, PA 18369', 'kayla91@ramirez.info', '605-621-5240'),
(801683860572, 'Holloway Inc', '3031 Michael Knolls\r\nMelaniefurt, NH 91740', 'shawn35@rose.info', '767-486-3546'),
(801722005216, 'Walker Ltd', '301 Patrick Fords Suite 306\r\nLake Kevin, MS 82749', 'millerwilliam@gmail.com', '587-208-8307'),
(801762684739, 'Matthews, Craig and Andrews', '3183 Crystal Locks\r\nLake Becky, GA 48665', 'stephanie11@russell.com', '257-230-6652'),
(801829895225, 'Johnson, Flowers and Brown', 'Unit 4205 Box 1868\r\nDPO AA 14801', 'conleysarah@gill.net', '930-350-2267'),
(801875785270, 'Perez LLC', '560 Butler Centers\r\nMadisonstad, KS 39650', 'andersongabriel@hotmail.com', '471-961-1370'),
(801922129688, 'Shepard Group', '9470 Schwartz Ford\r\nLake Jeremymouth, AZ 49275', 'jasonlewis@gray-herrera.com', '248-296-8346'),
(801939391302, 'Becker, Lane and Wilson', '7998 Jeffrey Union\r\nNew Jessica, WV 61999', 'mrose@yahoo.com', '353-558-4370'),
(801980790360, 'Vaughn, Kelly and Thomas', '8567 Roy Junction Apt. 581\r\nKeithshire, NC 57443', 'ymarsh@yahoo.com', '495-118-8062'),
(802043257281, 'Taylor, Robbins and Mcdaniel', 'PSC 7407, Box 1798\r\nAPO AA 09852', 'cmcdonald@jackson-howell.com', '812-525-9431'),
(802126932104, 'Burton-Elliott', '3581 Jackson Curve\r\nPatelhaven, IL 72293', 'charlesfranco@hotmail.com', '994-782-1023'),
(802156510843, 'Reed-Perez', '20164 Eric Center Apt. 936\r\nLake Justin, IN 58861', 'jeanetteflynn@yahoo.com', '630-776-1435'),
(802165248917, 'Smith, Parks and Lutz', '847 Nguyen Skyway Apt. 991\r\nNorth Stevenfort, MN 30783', 'lisafreeman@hotmail.com', '587-966-8279'),
(802201484000, 'Holland LLC', 'PSC 7506, Box 0047\r\nAPO AP 14201', 'whitejoshua@yahoo.com', '867-431-4173'),
(802202117214, 'Sherman Group', '654 Smith Run\r\nNew Joyville, OR 40730', 'rowlandbrent@pope.com', '868-273-1558'),
(802220374891, 'Chambers Ltd', '506 Kayla Islands\r\nAustinview, IA 50076', 'afrancis@yahoo.com', '195-113-2170'),
(802242315714, 'Martinez PLC', 'PSC 1298, Box 0386\r\nAPO AP 56174', 'alexanderduran@wright.com', '555-170-2132'),
(802243455922, 'Salazar Inc', '034 Rose Circle\r\nWendychester, MI 36106', 'shannon34@hotmail.com', '496-950-6953'),
(802310014320, 'Beasley LLC', '744 Brandy Lake\r\nPaulberg, WA 00720', 'anielsen@phillips.info', '456-396-5657'),
(802370312521, 'Lewis and Sons', '113 Stephanie Orchard Suite 643\r\nSouth Cheyenne, KY 43718', 'umarshall@ho-thomas.com', '363-992-9233'),
(802373878506, 'Reed, White and Black', '6440 Lisa Landing Suite 324\r\nWest Sara, NH 69422', 'lori24@kline.biz', '652-024-6377'),
(802379692700, 'Johnson and Sons', '6620 Ross Squares\r\nEast Kimberly, DE 38200', 'ecarr@hotmail.com', '741-418-6372'),
(802392604358, 'Wilson, Odom and Leon', '94239 Mclaughlin Shore\r\nLake Kristin, SC 69711', 'gbailey@washington.com', '513-360-9503'),
(802402169808, 'Fleming Group', '78385 Taylor Hill Suite 542\r\nTanyahaven, NM 81594', 'brandi67@yahoo.com', '316-481-8962'),
(802417773444, 'Thomas, Santos and Wilcox', '3148 Young Landing Suite 841\r\nNew Brianna, NJ 21247', 'eluna@gmail.com', '882-920-4585'),
(802429094891, 'Morales Inc', '20764 Smith Fords Apt. 694\r\nWest Justin, AK 13594', 'ibarrajohn@yahoo.com', '882-773-5680'),
(802463577415, 'Bruce, George and Young', '6933 Jimenez Villages\r\nValdezmouth, AZ 06985', 'carterashlee@hotmail.com', '639-002-0246'),
(802492715854, 'Coleman, Pham and Spencer', '8795 Sanchez Key\r\nEast Daniel, UT 38740', 'johnsonbrian@yahoo.com', '246-924-8062'),
(802550857889, 'Graham, Richardson and Harmon', '379 Jessica Villages Apt. 876\r\nHessfurt, ID 16939', 'tlee@yahoo.com', '876-360-1272'),
(802579792536, 'Anderson PLC', '762 Julia Lane\r\nLake Staciefurt, OR 61583', 'aaron24@dean-williams.info', '288-136-3272'),
(802585954304, 'Ball PLC', '3541 Emily Prairie Apt. 887\r\nJonathanburgh, RI 65266', 'tuckerteresa@hotmail.com', '996-635-5906'),
(802587322188, 'Mooney, Carroll and Norris', 'PSC 0773, Box 0858\r\nAPO AA 69058', 'anthony86@yahoo.com', '858-642-2359'),
(802608195871, 'Allen-Merritt', '3281 Chavez Ramp\r\nNew Amandaborough, OR 34773', 'molly96@hotmail.com', '437-404-9465'),
(802614846603, 'Stone, Hogan and White', '408 Blake Village\r\nHarrismouth, IL 05329', 'katelyn36@gmail.com', '343-340-2319'),
(802664983062, 'Cooper, Moore and Zamora', '8867 Kenneth Land\r\nSouth Anthonyland, CA 04485', 'raymondthompson@buchanan-hanson.org', '595-637-6412'),
(802675840735, 'Duncan Group', '8294 Johnson Lights\r\nEast Coryton, ID 64537', 'denise42@gmail.com', '705-879-0899'),
(802697952943, 'Tran, Riley and Wright', '874 Liu Village Suite 299\r\nEast Dorothyberg, GA 60746', 'carla88@hotmail.com', '623-172-6107'),
(802723332191, 'Flores-Mcguire', '116 Joseph Crossing Suite 927\r\nMorrisland, NC 85221', 'briansmith@clark.info', '211-373-2244'),
(802742038240, 'Black, Sanders and Johnston', '651 Kim Branch\r\nSouth Brandon, IL 27507', 'matthew15@stevenson-lane.com', '872-282-4054'),
(802746325292, 'Thomas LLC', '264 John Crest\r\nNorth Brenda, OH 52987', 'holmesmark@yates-west.net', '233-705-2804'),
(802757454299, 'Campbell-Norman', '0282 Lopez Forest Apt. 829\r\nBrianmouth, NE 81295', 'sherriparker@hernandez-simmons.com', '237-333-6202'),
(802812029885, 'Rivera, Cruz and Moore', '184 Patricia Lock\r\nSouth Alexis, TN 98669', 'ajenkins@moore.com', '208-507-5015'),
(802856330986, 'Nichols Inc', '3686 Carpenter Crossroad\r\nWest Davidshire, DE 01084', 'owilson@white.org', '673-164-3029'),
(802924827970, 'Peters Inc', '58856 Deborah Circles\r\nMasonport, GA 30144', 'lpeterson@gmail.com', '894-959-4230'),
(802994227075, 'Walters, Duffy and Hernandez', '21729 Michael Overpass\r\nNew Lorifurt, OR 40529', 'martinwu@gmail.com', '670-212-8473'),
(803039948783, 'Ingram, Wood and Walsh', '011 Griffin Mountain Apt. 962\r\nBarbaratown, OR 39099', 'kenneth21@yahoo.com', '154-835-8349'),
(803080088711, 'Lawson, Sanders and Harding', '8544 Cohen Orchard\r\nBrendahaven, CT 67167', 'shari49@anthony.com', '575-502-7102'),
(803161429400, 'Murphy, Green and Jackson', '31760 Jones Garden\r\nNew Susanstad, IL 07071', 'ryanmorris@hotmail.com', '516-532-5087'),
(803167803880, 'Blevins, Gates and Eaton', '2448 Neal Valleys Suite 533\r\nWest Michaelton, NV 75034', 'dianawelch@yahoo.com', '346-317-5025'),
(803227457129, 'Hall-Garza', '6236 Williams Burg\r\nNew Ashleyview, AZ 63830', 'ocox@patrick.com', '937-331-5406'),
(803263464829, 'Lee, Harris and Stein', '1188 Patrick Camp\r\nNew Rachel, ID 25877', 'crystalstone@yahoo.com', '470-666-9267'),
(803270947561, 'Garcia-Harris', '057 Nelson Ridges\r\nSouth Kennethton, WA 31340', 'sanchezdakota@james-tanner.com', '161-474-2656'),
(803292268965, 'Aguilar PLC', '88594 Johnson Roads\r\nCraigstad, IA 62328', 'corymiller@miller.com', '527-990-8034'),
(803293232111, 'Davis-Anderson', '511 Kerr Shore\r\nRobertberg, NV 59186', 'elliottbarbara@chandler-salinas.net', '619-319-0937'),
(803301116862, 'Mayo Inc', '881 Velez Common\r\nCharlesborough, CO 92836', 'lbrown@hotmail.com', '331-644-5899'),
(803432090507, 'Fischer Inc', '568 Diane Curve Apt. 449\r\nCrystalfort, MT 49177', 'amandasmith@benitez.com', '305-465-5434'),
(803488716542, 'Castro-Kennedy', '942 Lisa Valleys\r\nSouth Kimberly, FL 40299', 'steven21@barajas.net', '771-197-4117'),
(803513456129, 'Ross-Jones', '59981 Kevin Lane\r\nKennethberg, IL 23162', 'tonyadelgado@jones.com', '785-903-2503'),
(803544562695, 'Garza-Schultz', '02334 Vanessa Bridge\r\nPort Kristabury, ME 85377', 'katrinamartin@gallagher-mcclure.com', '584-112-4065'),
(803558823485, 'Graves, Craig and House', '62278 Estrada Oval\r\nWest Paulaside, MT 05316', 'drussell@jones.com', '392-454-4947'),
(803629301193, 'Brown-Ware', '6607 Kristen Ports\r\nDavidburgh, AK 99228', 'alex65@brown.com', '700-017-9900'),
(803629423717, 'Webster-Hill', '093 Marissa Parkway Apt. 743\r\nEricksonshire, WA 33605', 'jeffrey70@gmail.com', '518-720-3960'),
(803660372390, 'Perry-Barber', '064 Brooke Bridge\r\nHeathfort, AK 49761', 'awhitaker@cruz.org', '321-953-8076'),
(803679386126, 'Adams, Kirby and Compton', '46566 Lisa Shore\r\nSmithmouth, VT 73510', 'allison68@yahoo.com', '710-460-0951'),
(803686915579, 'Garcia-Cline', '44851 Garner Estate\r\nHancockburgh, WA 42028', 'stevebrady@gmail.com', '626-019-0192'),
(803695670830, 'Wright-Lopez', '7245 Kaitlyn Green Suite 160\r\nThomasburgh, LA 01992', 'caitlingriffin@gmail.com', '289-049-3768'),
(803724893259, 'Parker-Williams', '484 Jeffrey Brook\r\nRonaldside, MT 24877', 'rodriguezeric@carter.com', '980-635-2800'),
(803869760015, 'Smith Ltd', '465 Alexandria Corner\r\nEast Valerie, RI 82330', 'xhall@dickson.net', '737-077-8536'),
(803889490949, 'Harrison-Clarke', '77586 Mason Viaduct\r\nNew Brianville, MO 73311', 'dianeclark@gmail.com', '859-242-3101'),
(803894178278, 'Reyes Ltd', '21471 Gonzales Street Suite 590\r\nWest Cherylview, SC 06588', 'tim68@kent.net', '351-795-4297'),
(803897613093, 'Patrick and Sons', '621 Gomez Place Apt. 549\r\nMckeehaven, IA 26050', 'aandrews@livingston-hood.com', '236-582-6102'),
(803942845289, 'Gates, Smith and Mathis', '453 David Coves Suite 223\r\nShortberg, NE 80351', 'tlawson@brown.org', '643-944-5559'),
(803961554227, 'Snyder Inc', '5464 Eric Mews Apt. 641\r\nSouth Jake, MN 11694', 'fordjuan@johns.com', '610-108-3391'),
(804040122277, 'Adams, Stark and Singh', '928 Victoria Motorway Suite 103\r\nChristopherton, AR 30112', 'rwelch@leonard-brewer.com', '135-785-7639'),
(804075734678, 'Thompson, Davenport and Jones', '419 Victor Island\r\nBrandyville, WV 51034', 'brittney93@esparza-ochoa.com', '114-858-5025'),
(804084759472, 'Collier LLC', 'Unit 6247 Box 9900\r\nDPO AA 96997', 'gordonjames@gmail.com', '168-476-4668'),
(804156580531, 'Adams-Roberts', '802 Zamora Estate Suite 420\r\nEast Tracy, NY 10960', 'lanekeith@hotmail.com', '889-325-6476'),
(804186174799, 'Coleman Group', '782 Samantha Mount\r\nNew Victoria, MN 43576', 'cthompson@gmail.com', '215-877-3466'),
(804260310845, 'Moore, Greene and Cantu', '8915 James Heights Apt. 195\r\nPort Abigail, ND 47472', 'rrose@garcia-robinson.com', '122-266-2841'),
(804270615626, 'Mack, Flynn and Williams', '478 Justin Mews\r\nSouth Evelynhaven, ND 06163', 'sharonparsons@solis.biz', '329-454-9059'),
(804272777708, 'Vincent-Gibson', '18594 Sanchez Plains\r\nNicoleville, WA 42372', 'cabreramichael@stephens-conley.org', '498-339-1975'),
(804283713101, 'Curry, Raymond and Cox', 'USNS Rogers\r\nFPO AA 63817', 'williamsjohn@gmail.com', '425-222-1052'),
(804284862790, 'Valentine, Harris and Schneider', '51106 Richardson Dam Apt. 712\r\nJenniferchester, MA 94993', 'jamesrocha@pierce-ellis.com', '548-318-3799'),
(804339548380, 'Jones, Moreno and Cook', '1053 Sara Key\r\nLinstad, HI 35564', 'tbrown@pierce.com', '573-315-0779'),
(804369995210, 'Holt and Sons', '115 Washington Union\r\nLake Pamelashire, NJ 33662', 'cynthia03@hotmail.com', '806-451-8987'),
(804489914610, 'Lamb-Wood', 'PSC 8702, Box 5293\r\nAPO AE 22510', 'jennifer35@anderson.com', '662-937-7924'),
(804517529842, 'Johnson-Brooks', '118 Young Forge Apt. 576\r\nWest Fernando, OR 51636', 'iross@garcia.org', '199-038-3234'),
(804519885267, 'Mcgrath Group', '6455 Rodriguez Inlet Apt. 123\r\nPort Jennifer, MN 15985', 'swansonsergio@gmail.com', '513-585-9480'),
(804570568752, 'Todd LLC', '2686 Debra Squares\r\nDianeberg, OH 86646', 'slawrence@carter.org', '354-419-7532'),
(804599502349, 'Levine-Perez', '55750 Fuller Islands\r\nNew Alexis, ID 87087', 'lisaduncan@yahoo.com', '881-560-9654'),
(804656411816, 'Hayden, Lowe and Francis', '56552 Mitchell Plain Suite 570\r\nPort Christopher, HI 49180', 'mary09@booker.biz', '977-271-1004'),
(804672397306, 'Pacheco, Brown and Alexander', '57738 Mason Circle Suite 497\r\nNew Davidport, CA 10069', 'fordgrant@hotmail.com', '911-420-6302'),
(804711660883, 'Johnson-Garza', '94119 Chelsea Ridges\r\nLindahaven, ND 04344', 'mmalone@rowland-dunn.com', '453-234-6478'),
(804853364918, 'Taylor, Robinson and Chambers', '705 Wilkins Overpass Apt. 373\r\nRobertfurt, WY 01381', 'ronaldstanley@grant-fuentes.com', '658-317-5491'),
(804866841282, 'Morris Group', '3922 Douglas Passage Suite 196\r\nSouth Alecside, DE 00931', 'tjohnson@fitzpatrick.com', '584-238-9437'),
(804867458139, 'Stephens, Sims and Wilson', '6359 Benitez Summit\r\nWest Tinaland, ND 63654', 'melissa85@rice.com', '591-041-0167'),
(804900213679, 'Rogers-Norman', '084 Anderson Centers Apt. 747\r\nLake Michelleport, CA 36153', 'ericcolon@yahoo.com', '985-345-8457'),
(804934688829, 'Adams PLC', '75767 Joyce Highway\r\nHernandezton, WY 88411', 'tommysilva@roth.com', '360-575-7750'),
(804984570834, 'Arroyo Inc', '8338 Jacqueline Expressway\r\nJosephstad, NJ 35675', 'tracy58@yahoo.com', '612-137-0335'),
(804990883276, 'Peterson-Mcmahon', '690 Sabrina Via Apt. 984\r\nSouth Melanie, SD 31166', 'jodi88@duncan.com', '322-223-2598'),
(805084928326, 'Lawrence-Rodriguez', '358 Carpenter Stream\r\nPort Kathrynland, VT 78694', 'elee@yahoo.com', '552-710-2973'),
(805145450895, 'Fry-Lopez', '7743 Carlos Gateway\r\nLake Eddie, SD 78640', 'anthonypierce@yahoo.com', '702-597-2276'),
(805195020280, 'Taylor, Perez and Wood', '597 Aaron Ridge Apt. 752\r\nPhillipsfurt, MD 06182', 'andrea25@smith.com', '614-696-7960'),
(805239909317, 'Conner, Jones and Mitchell', '4576 Thomas Plaza Apt. 670\r\nNorth Tracy, NM 03408', 'stoutdeborah@gmail.com', '873-023-8175'),
(805288189780, 'Morales, Berry and Hill', '0708 Mcgee Dale\r\nNorth Anthonyport, WA 17679', 'derrick36@hotmail.com', '868-982-4086'),
(805303998044, 'Snow, Hodges and Tate', '46676 Michael Plain Apt. 287\r\nMargaretfort, CA 52236', 'edwardobrien@gmail.com', '232-836-3611'),
(805386587723, 'Robertson-Peterson', '9067 Mckinney Lakes Suite 581\r\nMichaelshire, DE 38394', 'lopeztheresa@yahoo.com', '267-840-8262'),
(805390829257, 'Miller-Williams', 'USNS Foster\r\nFPO AP 18021', 'harristhomas@hotmail.com', '611-160-7246'),
(805418024031, 'Willis-Benton', '02529 Shannon Forest\r\nMichaelshire, AK 47984', 'eric80@hotmail.com', '185-008-9452'),
(805486214504, 'Garcia-Thomas', '88246 Sara Way\r\nMyersfort, SD 82382', 'tbarton@adams.com', '330-545-5958'),
(805522862135, 'Dixon Group', '9838 Aaron Ville\r\nBriannamouth, KS 32760', 'chelsea65@hotmail.com', '679-844-4648'),
(805524704606, 'Miller, Barnes and Butler', 'USS Daniels\r\nFPO AP 40227', 'ttaylor@hall-sanders.com', '535-121-9437'),
(805618112847, 'Obrien, Mathews and Jones', '64835 Breanna Light Suite 973\r\nSouth Rubenport, NV 30488', 'jennifer85@kane.com', '534-335-7786'),
(805619725902, 'Mills, Sosa and Robinson', '37586 Harris Neck Suite 191\r\nEast Kelly, NM 11682', 'jamesvaughan@hotmail.com', '347-349-8251'),
(805754439427, 'Hayes and Sons', 'Unit 9454 Box 2736\r\nDPO AA 76907', 'carldavis@hotmail.com', '668-403-4338'),
(805756916556, 'Williams, Carroll and Richard', '897 Charles Mission\r\nMccarthyside, UT 56835', 'brianmiller@hotmail.com', '896-207-2950'),
(805824920227, 'Sanders-Schneider', 'USS Harrington\r\nFPO AE 03026', 'kimberlyblake@silva-martin.com', '105-533-4539'),
(805825961127, 'Spears-Jones', '465 Brandon Corner Suite 635\r\nAndrewborough, NC 73986', 'kimberly84@velazquez.com', '706-253-6276'),
(805828028330, 'Pineda, Alvarado and Avila', '8805 Phillips Course\r\nLake Sandrachester, MI 03180', 'mtownsend@smith.org', '554-599-0089'),
(805841656425, 'Cruz LLC', '65467 Joseph Fields\r\nDyerborough, VA 07107', 'christine69@hudson-soto.com', '989-958-3655'),
(805868364579, 'Dodson, Tapia and Thornton', '970 Oneal Lodge Suite 782\r\nKaitlynchester, IN 58082', 'jacqueline19@anderson-white.com', '662-839-5432'),
(805871639120, 'Ferguson, Cox and Rhodes', '51531 Clarke Avenue Apt. 181\r\nWest Kimberly, MI 46846', 'janiceortiz@gmail.com', '856-770-0207'),
(805933933619, 'Collins-Garcia', '40154 Shari Ways Apt. 745\r\nNorth Davidtown, OH 97593', 'xdavenport@yahoo.com', '453-092-9049'),
(805990562897, 'Bailey-Perez', '627 Jennifer Overpass\r\nPort Tylerbury, ND 23350', 'amanda27@gmail.com', '430-876-4007'),
(806042452031, 'Walker Inc', '959 Kimberly Mills Suite 412\r\nPort Brianna, AR 77153', 'jonesheather@espinoza.com', '556-319-4032'),
(806053658537, 'Miller, Mcdaniel and Jones', '948 Cody Stravenue Suite 820\r\nNelsonmouth, WV 27633', 'anthony33@hall-vargas.com', '310-849-3018'),
(806066131623, 'Torres, Peterson and Blankenship', '636 Rodriguez Skyway Suite 062\r\nEast Jamesland, IN 84408', 'castillomelissa@gmail.com', '985-388-8481'),
(806212513329, 'Camacho, Myers and Thomas', '9860 Stephanie Light Apt. 483\r\nGrimesside, CT 60866', 'sanchezjake@hotmail.com', '823-363-3912'),
(806239180324, 'Hampton-Stephens', '780 Jennifer Cove Apt. 891\r\nGloverhaven, GA 44526', 'robert80@wang.org', '685-850-9110'),
(806258475534, 'Daniel Ltd', '822 Patrick Isle Suite 840\r\nMorenoberg, MN 07099', 'mitchell09@velazquez.com', '891-813-9730'),
(806280666716, 'Holden-Holloway', '5953 Renee Haven\r\nLake Andrew, SC 43555', 'jeffreyreilly@gmail.com', '320-010-1544'),
(806284930417, 'Tucker Inc', '69518 Martin Place Suite 405\r\nNew Janice, RI 61835', 'carpentermicheal@gmail.com', '216-036-8055'),
(806292680828, 'Thompson-Smith', '542 Amanda Ports Suite 520\r\nAnthonyfort, WV 76808', 'kroy@gmail.com', '659-121-2556'),
(806316139690, 'Brown Inc', '44850 Collins Valley\r\nLake Joseview, DC 22675', 'jodi58@gibson.net', '282-370-3547'),
(806340706919, 'Richardson Inc', '746 Kenneth Forge\r\nMckeeport, MO 81602', 'uthompson@miller.biz', '361-515-6254'),
(806362336362, 'Juarez-Ramsey', '139 Allison Freeway\r\nSolisside, AL 89151', 'emma15@anderson.info', '789-369-5541'),
(806376519803, 'Chavez, Cross and Yang', '555 Russo Wells\r\nPort Johnview, CO 20424', 'amy55@parsons.com', '921-149-7290'),
(806394967078, 'Guzman Group', '595 Sarah Route\r\nPort Casey, DC 42994', 'kingloretta@clements-wright.com', '751-435-9949'),
(806417050178, 'Miller and Sons', '32947 Tyler Isle Suite 404\r\nSouth Jameston, DC 38929', 'davidmartinez@hotmail.com', '179-715-8598'),
(806417318302, 'Barnes LLC', '3437 Vanessa Parkway Suite 099\r\nEast Andrew, MI 82179', 'christinachase@gmail.com', '223-708-5060'),
(806420011620, 'Joyce PLC', '33693 Hill Pine Apt. 183\r\nNorth Deanna, NY 74630', 'richardzimmerman@trevino-powell.com', '578-658-8125'),
(806420174829, 'Brown LLC', '741 Coleman Mission\r\nShelbyfurt, KS 56235', 'cynthia79@adams-moore.com', '159-395-9734'),
(806435978890, 'Schwartz, Ware and King', '553 Thomas Bypass\r\nBlakeport, NC 48525', 'brusso@gmail.com', '386-629-3149'),
(806485807623, 'Richardson-Lowe', '464 Jones Plaza\r\nAnitaland, AZ 29888', 'allison79@robinson.info', '775-813-5270'),
(806496478825, 'Middleton Group', '911 Justin Shoals\r\nEast Jamesburgh, AL 73475', 'zrodriguez@watson.com', '890-929-8437'),
(806632853269, 'Maddox, Jenkins and Miles', '08024 Joe Tunnel Suite 020\r\nSouth Melissabury, VT 97469', 'bellis@gmail.com', '947-806-8071'),
(806674972745, 'Lopez Group', '2296 Adam Lake\r\nSouth Jonathan, AR 88109', 'cameron52@hotmail.com', '526-159-6759'),
(806709035428, 'Perez, Larson and Gaines', '31385 Johnson Station\r\nNew Madison, MI 88981', 'eddie35@yahoo.com', '511-354-2434'),
(806799936767, 'James-Weaver', '549 Matthew Forge Suite 410\r\nAlisonside, CA 52676', 'levinemary@yahoo.com', '844-166-0954'),
(806813290805, 'Strickland-Sanford', '2607 Waters Walk\r\nSouth Christinafort, KS 34912', 'adkinsshawn@hotmail.com', '175-481-7365'),
(806813792954, 'Dudley Group', '161 Denise Path Suite 369\r\nMonicaberg, MA 84158', 'stephanie51@hotmail.com', '366-791-2115'),
(806847346572, 'Johnson, Williams and George', '295 Dawson Station\r\nNew Kathleenborough, KY 77729', 'uadams@walker-franco.net', '435-017-6918'),
(806905064495, 'Herring, Zuniga and Stuart', '5444 Charles Landing\r\nHernandezfurt, MI 50172', 'scottarnold@edwards.info', '288-957-5842'),
(806929416977, 'Walker-Clark', '5733 Sean Locks\r\nRomerobury, CT 98048', 'blake58@harper.com', '435-346-9474'),
(806975205410, 'Hunter-Daniels', '680 Martinez Oval\r\nPort Rachelstad, CA 62221', 'diazsarah@hotmail.com', '826-072-1652'),
(807020979483, 'Martinez, Haas and Austin', '32134 Bowman Drive Apt. 404\r\nRobinsonside, MS 78614', 'housemichelle@crawford.org', '349-637-1019'),
(807033120513, 'Simmons Ltd', '35568 Deanna Parkways Apt. 521\r\nNicoleberg, LA 42575', 'traciemurphy@hotmail.com', '308-856-7340'),
(807069767949, 'Arnold and Sons', '89012 Mullins Trail Suite 702\r\nNew Todd, KY 02285', 'vsloan@hotmail.com', '534-320-6165'),
(807097137935, 'Conley PLC', '64622 Patterson Forge Apt. 649\r\nLake Heatherborough, PA 97923', 'james84@rojas.org', '213-367-7224'),
(807102555269, 'Stafford, Mccoy and Cook', '00304 Gallagher Corners\r\nNorth Allison, DC 41329', 'rebekah00@yahoo.com', '908-115-3670'),
(807111771210, 'Lane Ltd', '81926 Jeffrey Locks\r\nNorth Deniseport, MS 29587', 'colenicole@yahoo.com', '162-271-8720'),
(807129456947, 'Williams PLC', '8634 Kelly Forge\r\nMayoborough, CT 20074', 'figueroajonathan@brown.com', '560-120-8164'),
(807186775178, 'Perry, Smith and Lewis', '8705 Nancy Pines\r\nLuisland, KY 71030', 'averyjoshua@yahoo.com', '210-597-1127'),
(807217596493, 'Johnson, Townsend and Bender', '3358 Albert Mountain Apt. 826\r\nNorth Jeanettefort, VA 58248', 'yolanda02@hotmail.com', '109-500-5522'),
(807418409130, 'Martinez, Ramos and Garcia', '36183 Justin Trafficway Apt. 982\r\nSouth Kristafurt, AK 17113', 'ubarnes@jackson-richard.com', '325-921-2023'),
(807476999219, 'Spencer, Gonzales and Sellers', '059 Virginia Rue Apt. 883\r\nDonnashire, MO 62728', 'richard25@perez.com', '923-292-5957'),
(807483772231, 'Patel-Lee', '02976 Jenna Mills\r\nRobertfurt, AK 98834', 'richard15@yahoo.com', '991-144-0046'),
(807513742746, 'Jones Inc', '42195 Archer Shores Apt. 593\r\nPort Nicholas, ND 52438', 'kevinbraun@hotmail.com', '536-248-5897'),
(807519211212, 'Miller, Smith and Williams', 'Unit 7310 Box 1997\r\nDPO AA 32780', 'kristina02@dougherty.org', '741-576-6593'),
(807539511228, 'Murray-Freeman', '3087 Emily Common\r\nDavisshire, SC 55797', 'allisonwatts@perry.info', '265-096-1887'),
(807561687463, 'Miller Group', 'USNV Anderson\r\nFPO AE 14056', 'yeverett@mccann.com', '719-304-6501'),
(807566850327, 'Wilson Ltd', '326 Judith Drive\r\nWest Shaunchester, IL 66548', 'martinezjessica@garcia.com', '688-486-9281'),
(807573845114, 'Smith-Rodriguez', 'PSC 3556, Box 6322\r\nAPO AA 29677', 'christophersawyer@allen-rivas.com', '877-364-4283'),
(807585924418, 'Williams, Meyer and Thompson', '208 Gary Plains\r\nPopefort, NV 80303', 'janiceelliott@king.com', '269-936-0960'),
(807625365931, 'Anderson-Evans', '32070 Peters Stream Apt. 843\r\nEdwardview, IA 97618', 'greenbrianna@gmail.com', '212-621-9149'),
(807643759783, 'Curry, Lewis and Castillo', '242 Brown Springs Suite 031\r\nNew Jeff, OH 83594', 'elliottjay@yahoo.com', '972-230-2700'),
(807644052365, 'Mitchell, Cross and Holmes', '630 Rodney Radial\r\nTheodoremouth, DE 13545', 'malloryjohnson@yahoo.com', '954-592-7691'),
(807652651482, 'Snyder-Ponce', '357 Gabriela Estate Suite 729\r\nPort Aaronfort, NH 19640', 'stephenbowman@yahoo.com', '416-060-4267'),
(807653894910, 'Herrera, Fuller and Hess', '6360 Tiffany Trail\r\nNorth Stephen, WV 22708', 'joannesmith@grant.com', '584-194-9004'),
(807659234845, 'Lane, Lopez and Green', '8111 Peter Station Apt. 030\r\nRobertstad, MN 13817', 'johngray@bryant.biz', '105-726-3576'),
(807710245507, 'Livingston-Houston', '9282 Fernandez Springs Suite 464\r\nNorth Ginaburgh, UT 09712', 'srodriguez@hotmail.com', '382-715-6582'),
(807768144956, 'Gibson Inc', '4413 Kenneth Curve\r\nAlexachester, KS 92461', 'eturner@yahoo.com', '205-033-1445'),
(807790760837, 'Miller, Smith and Conley', '65143 Susan Lane Apt. 359\r\nMorrisborough, OR 99913', 'gilmorechristopher@gmail.com', '283-659-7338'),
(807847168598, 'Moore Ltd', '400 Marsh Tunnel\r\nEast Victoriaview, MI 89401', 'scottdaniel@hotmail.com', '684-018-8822'),
(807884266477, 'Gonzales Ltd', '0220 Joshua Pass\r\nNorth Melanieshire, VA 17283', 'yortiz@yahoo.com', '307-555-2617'),
(807886353043, 'Johnson Ltd', '78372 Sampson Island\r\nPort Davidhaven, CA 27156', 'thomas95@navarro.info', '929-486-9796'),
(807912235386, 'Green Inc', 'Unit 6181 Box 6370\r\nDPO AE 13478', 'hannahsmith@ward.net', '302-944-5078'),
(807912701646, 'Richardson PLC', '7937 Richard Vista Apt. 059\r\nNorth Pamelachester, TX 17120', 'parsonseric@gmail.com', '210-109-2411'),
(807926743011, 'Schaefer-Riley', '91400 Crystal Run Suite 453\r\nShieldsstad, MI 55581', 'vtaylor@rivera-holland.net', '504-042-2172'),
(807960351386, 'Newton, Montgomery and Hart', '741 Dennis Villages Apt. 805\r\nPort Robin, AL 07169', 'roger74@wise-reyes.com', '185-707-3109'),
(808106534783, 'Mosley, Freeman and Todd', 'USNV Cochran\r\nFPO AA 88650', 'andrew18@hernandez.com', '305-843-7946'),
(808124074660, 'Foster-Sharp', '8317 Sarah Burgs Suite 371\r\nCummingsland, OH 32676', 'despinoza@curry.com', '118-496-6579'),
(808162178048, 'King, Larsen and Hernandez', '896 Bailey Shoal Suite 780\r\nWest Arthurport, OK 61822', 'masonamber@pierce-jackson.com', '639-450-1698'),
(808169155774, 'Hunter-Hill', '165 Corey Mission Apt. 788\r\nNew Christine, NV 62374', 'tammy94@hull.com', '808-459-9148'),
(808178337453, 'Scott Ltd', '9604 Monica Brook Suite 974\r\nSouth Lisa, SD 36922', 'lewisluis@mckee.info', '783-549-6985'),
(808239883008, 'Lee and Sons', '055 Robinson Extension\r\nJamesfort, WV 34843', 'emmarichardson@hotmail.com', '364-684-5306'),
(808254728883, 'Jones LLC', '816 Fernandez Run Suite 439\r\nWest James, MS 47195', 'tjackson@green.com', '186-328-0857'),
(808324099314, 'Rowe LLC', '157 William Trail\r\nWest Scottmouth, VT 94744', 'ricky01@hotmail.com', '946-287-3907'),
(808372053881, 'Vincent-Bailey', '53046 Morgan View Apt. 514\r\nNorth Bradley, ID 77975', 'delacruzamber@gmail.com', '260-920-0616'),
(808421398587, 'Hoffman Ltd', 'USNS Whitaker\r\nFPO AE 24569', 'cynthiagarcia@yahoo.com', '860-129-6287'),
(808447372672, 'Moore Group', 'USS Taylor\r\nFPO AE 41174', 'nicolecoleman@diaz.org', '354-647-3560'),
(808481917151, 'Banks PLC', '325 Michelle Valleys\r\nWest Annaview, IL 10355', 'huntervanessa@hudson.com', '383-601-1001'),
(808489720165, 'King-Bennett', '23207 Nathaniel Avenue Apt. 750\r\nLanebury, VA 42714', 'mariajohnson@anderson-johnson.net', '524-537-3316'),
(808497728159, 'Benjamin, Short and Hall', '09414 Mcmillan Corners\r\nNorth William, OR 33939', 'harveybilly@hotmail.com', '431-135-2534'),
(808512019753, 'Williams, Tapia and Wall', '11972 Stanley View Suite 761\r\nPort Jeremyborough, KY 32394', 'mgomez@gmail.com', '532-045-4777'),
(808553561590, 'Hall-Fernandez', '6652 Richard Expressway Suite 179\r\nNorth Sheilaville, AL 42861', 'shepherdconnie@hotmail.com', '621-534-8290'),
(808643569712, 'Barnes-Benson', '3371 Brandon Crest\r\nSpencerview, HI 36306', 'edwin75@yahoo.com', '474-638-0861'),
(808660310264, 'Allen PLC', '58499 Brandon Underpass\r\nNorth Michaelborough, CO 94290', 'richardmonica@gmail.com', '858-188-1898'),
(808740981460, 'Harmon and Sons', '66082 Robin Harbor\r\nJohnsonberg, GA 83514', 'xwilliams@humphrey.biz', '885-973-9215'),
(808755123391, 'Mejia-Crawford', '8086 Williams Rapids\r\nBlacktown, VT 29233', 'hamiltonmonica@newton-dawson.com', '841-191-7407'),
(808779766450, 'Kaufman, Collins and Gomez', '63284 Grimes Club\r\nNew Williamhaven, WI 29866', 'asullivan@gmail.com', '331-776-3009'),
(808804648323, 'Ramirez, Jones and Arnold', '2520 Justin Via Suite 013\r\nPort Teresa, MD 37212', 'christine85@ruiz.net', '913-711-2952'),
(808812810928, 'Armstrong-Scott', '63325 Jennifer Viaduct\r\nNorth Kelsey, WI 50756', 'mwright@larsen.info', '800-225-2878'),
(808813876337, 'Alexander Ltd', '9633 Nelson Vista Suite 582\r\nNorth Blake, OK 62765', 'marydominguez@yahoo.com', '527-481-3836'),
(808837270391, 'Richardson Inc', '8120 Watkins Landing Suite 660\r\nEast Scottton, RI 26465', 'lopezjennifer@yahoo.com', '982-489-9490'),
(808906397969, 'Brown Ltd', '205 West Views Apt. 858\r\nNorth Michelle, NE 28516', 'zsantana@morgan-brown.com', '374-106-5197'),
(809016989351, 'Pratt-Sims', '0418 Lowery Overpass\r\nPort Amandaside, CA 92274', 'cathystone@rice.com', '305-941-1856'),
(809030855905, 'Chapman-Massey', '012 Ross Crossing\r\nChristopherborough, ID 88701', 'monica09@singleton.info', '234-152-9415'),
(809092414702, 'Mckenzie-Knight', '406 Emily Parkways Apt. 474\r\nNicoletown, AL 91835', 'cpotter@yahoo.com', '835-488-3783'),
(809169748712, 'Reynolds LLC', '547 Jose Port\r\nWest Theresa, NV 64555', 'frazierkathleen@hotmail.com', '364-070-8927'),
(809200590535, 'Keller, Hendrix and Rivas', '59725 Judy Circles\r\nPort Christopher, CA 25961', 'john52@gmail.com', '673-444-4534'),
(809201387470, 'Frederick-Brown', '419 Lauren Tunnel\r\nLake Samantha, DC 70283', 'ericmurphy@hotmail.com', '907-951-4736'),
(809228771129, 'Mcconnell and Sons', '4558 Dustin Turnpike Apt. 994\r\nMorganside, DC 59308', 'williamsnyder@tucker.com', '848-417-9215'),
(809239128886, 'Davis, Wilson and Allen', '4026 Brown Terrace Apt. 001\r\nJohnsonshire, VT 81107', 'elizabeth53@rubio.net', '945-369-5158'),
(809251909455, 'Yates PLC', '521 Mccoy Flats Suite 712\r\nPort Paul, OR 21902', 'chase08@wells-martinez.biz', '223-384-6255'),
(809362268061, 'Grant Group', '6836 Elizabeth Neck\r\nBrownview, OK 01826', 'heather78@gmail.com', '201-836-4426'),
(809386458759, 'Davis Group', '890 Bradley Bridge Apt. 987\r\nWest Andrewmouth, OK 00585', 'mary06@yahoo.com', '316-153-6139'),
(809462247262, 'Cooper LLC', 'Unit 9631 Box 4588\r\nDPO AE 19318', 'elizabethelliott@bell.com', '226-085-0629'),
(809473606236, 'Munoz, Lewis and Reyes', '29485 Paul Forge Apt. 999\r\nMillerview, AZ 20115', 'patelsteven@gmail.com', '837-645-0752'),
(809553449563, 'Giles-Fry', '64585 Smith Dale Suite 604\r\nEast Barbara, NH 86377', 'dphelps@yahoo.com', '957-681-8278'),
(809578783828, 'Lawson Inc', '21455 Horton Manor\r\nAndreamouth, VA 88516', 'geraldgrimes@parks.info', '657-794-0058'),
(809607813197, 'Potts LLC', '615 Kim Unions Apt. 064\r\nJordanside, ID 19520', 'taylordanielle@pham-henderson.org', '364-061-4351'),
(809689958979, 'Miller, Roberts and Bennett', '2764 Black Ports Apt. 312\r\nLaurenberg, IL 44757', 'coreysanchez@gmail.com', '391-189-3912'),
(809725672895, 'Hunt PLC', 'Unit 8537 Box 2633\r\nDPO AA 90763', 'mstone@wyatt.biz', '217-012-7000'),
(809730674675, 'Williams LLC', '407 David Islands\r\nWilliammouth, ID 25094', 'cannonjacob@mendoza.biz', '878-919-4589'),
(809762138652, 'Frank, Simpson and Cole', '5180 Brown Throughway Apt. 267\r\nCampbellport, VA 08010', 'gregory81@hotmail.com', '287-978-1514'),
(809778278342, 'Perkins-Cook', 'Unit 8565 Box 5609\r\nDPO AP 83076', 'rebeccawalker@yahoo.com', '558-852-4722'),
(809782922729, 'Potter-Rose', '098 Morgan Parkways\r\nMartinmouth, IA 43631', 'moodymason@yahoo.com', '870-802-7629'),
(809785993398, 'Johnson-Carter', '65580 Karla View Suite 291\r\nPhillipsberg, HI 41344', 'stephanie42@garrett.net', '234-080-2368'),
(809798612058, 'Ellison-Jimenez', '035 Jeffrey Throughway Suite 861\r\nSouth Anna, NC 09088', 'katherine70@yahoo.com', '499-642-1298'),
(809915625002, 'Rodriguez-Ray', '79164 David Spurs Suite 028\r\nEast Jeffrey, OK 38074', 'jongonzalez@edwards.com', '960-169-4606'),
(809982321309, 'Anderson, Delgado and Mendez', '60734 Rasmussen Plaza Suite 711\r\nPort Edward, NE 03936', 'sgalloway@gomez.com', '248-022-1170');

-- --------------------------------------------------------

--
-- Table structure for table `PharmacyBills`
--

CREATE TABLE IF NOT EXISTS `PharmacyBills` (
  `PharmacyBillID` bigint(20) unsigned NOT NULL AUTO_INCREMENT,
  `PatientID` bigint(20) unsigned DEFAULT NULL,
  `PharmacyID` bigint(20) unsigned DEFAULT NULL,
  `Date` date NOT NULL,
  `TotalCost` int(11) NOT NULL,
  `AmtPatientPaid` int(11) NOT NULL,
  `AmtInsurancePaid` int(11) NOT NULL,
  PRIMARY KEY (`PharmacyBillID`),
  KEY `PatientID` (`PatientID`),
  KEY `PharmacyID` (`PharmacyID`)
) ENGINE=InnoDB  DEFAULT CHARSET=latin1 AUTO_INCREMENT=119962468536 ;

--
-- Dumping data for table `PharmacyBills`
--

INSERT INTO `PharmacyBills` (`PharmacyBillID`, `PatientID`, `PharmacyID`, `Date`, `TotalCost`, `AmtPatientPaid`, `AmtInsurancePaid`) VALUES
(110020987144, 101997950268, 809982321309, '2020-04-19', 35825, 2868, 32957),
(110164233184, 108879933272, 803513456129, '2000-07-06', 42520, 13024, 29496),
(110340576522, 102026757435, 807643759783, '2013-12-05', 31804, 17950, 13854),
(110418720482, 103269866486, 803488716542, '2018-04-13', 31773, 4770, 27003),
(110430907553, 107812554013, 801875785270, '2001-05-21', 35011, 21676, 13335),
(110435044153, 100261759926, 802757454299, '1973-03-02', 48815, 95, 48720),
(110450983883, 102744583659, 805868364579, '1987-05-07', 19232, 13881, 5351),
(110629629996, 106127691551, 801829895225, '2019-12-23', 19105, 5864, 13241),
(110674122489, 105604001233, 802156510843, '1972-03-16', 4012, 687, 3325),
(110696679716, 105459183729, 802585954304, '2019-01-12', 30886, 7606, 23280),
(110696721442, 101343589362, 804489914610, '1980-11-30', 27115, 1138, 25977),
(110746532578, 109134086528, 806066131623, '2001-02-27', 16223, 3186, 13037),
(110759452975, 109736647384, 807768144956, '1986-05-23', 36449, 17990, 18459),
(110786882175, 109869556695, 807652651482, '1992-04-17', 44976, 18703, 26273),
(110811320844, 105618578623, 809730674675, '2015-02-22', 27263, 6656, 20607),
(110823229464, 107883897717, 805754439427, '1999-05-28', 39606, 3959, 35647),
(110827220236, 107620269686, 801922129688, '1989-08-15', 36354, 32750, 3604),
(110848198377, 101362951329, 804867458139, '1981-04-09', 26335, 6523, 19812),
(110857344754, 106650026430, 804260310845, '1986-06-30', 15659, 12631, 3028),
(110885807419, 108571800866, 802746325292, '1986-08-07', 16730, 7300, 9430),
(110886329841, 106564719540, 807217596493, '2009-08-31', 19006, 4733, 14273),
(110964280523, 100448782390, 802220374891, '2010-09-23', 3271, 946, 2325),
(110966501501, 100274093029, 807653894910, '1970-07-07', 7549, 1865, 5684),
(110986982508, 105413164653, 803167803880, '2016-01-25', 12009, 1636, 10373),
(110990323032, 107212864077, 803889490949, '1996-08-13', 3374, 311, 3063),
(111075425362, 106159178622, 801565165219, '1987-01-06', 44816, 13760, 31056),
(111083273668, 101959076233, 807625365931, '1995-12-25', 26882, 1702, 25180),
(111090553859, 108555261390, 804272777708, '1984-12-23', 22577, 7857, 14720),
(111113848687, 100097879930, 800334683849, '1974-12-18', 23645, 2779, 20866),
(111140871910, 102281731106, 808481917151, '1984-11-03', 44035, 2436, 41599),
(111142832764, 104061576928, 800700284651, '2013-04-10', 25205, 9272, 15933),
(111145559412, 107459768171, 802746325292, '2007-05-23', 18369, 6458, 11911),
(111197607742, 100582313556, 806905064495, '2010-04-27', 6884, 3275, 3609),
(111213262318, 108878871495, 802697952943, '1973-11-20', 48778, 4218, 44560),
(111228887264, 105604001233, 802126932104, '2019-01-16', 39935, 26379, 13556),
(111300408317, 104963543583, 803869760015, '1970-12-11', 7689, 5259, 2430),
(111324868879, 106684643113, 808804648323, '1988-09-19', 26918, 18846, 8072),
(111381969808, 100448782390, 805933933619, '2020-11-13', 1277, 275, 1002),
(111395543943, 100374733036, 800329166475, '2015-11-14', 42663, 8176, 34487),
(111415021422, 106836203450, 803897613093, '2015-11-28', 34415, 1770, 32645),
(111419537653, 108120341606, 800414483963, '2012-10-17', 33235, 12113, 21122),
(111424136547, 109051231164, 808124074660, '1998-08-25', 2310, 1401, 909),
(111439308712, 109938779470, 800097428348, '1977-10-06', 10733, 3428, 7305),
(111454459000, 108879933272, 802608195871, '1983-03-10', 1852, 642, 1210),
(111521787726, 101900551237, 806258475534, '1975-07-29', 1556, 728, 828),
(111638762506, 104155456637, 807573845114, '2007-03-31', 21427, 4489, 16938),
(111678338182, 104342752200, 801939391302, '1991-02-22', 5647, 50, 5597),
(111691784076, 107178550727, 803039948783, '1998-06-22', 36973, 8841, 28132),
(111706592456, 106339211340, 808779766450, '1983-04-08', 25488, 2981, 22507),
(111717743039, 106198328052, 804517529842, '2015-12-28', 32974, 2461, 30513),
(111728268184, 106631688033, 805486214504, '1993-11-29', 3453, 938, 2515),
(111795074864, 101587103141, 802201484000, '2002-09-28', 38671, 5849, 32822),
(111820032244, 109169990046, 803660372390, '1986-09-21', 9156, 3630, 5526),
(111835973146, 109840501282, 804270615626, '1973-06-08', 20282, 1634, 18648),
(111877924317, 101005874461, 801875785270, '2019-04-21', 846, 200, 646),
(111880682877, 109372419234, 802201484000, '1990-04-27', 2128, 1010, 1118),
(111920811336, 101507683214, 808239883008, '1981-07-23', 46418, 2941, 43477),
(111947147328, 104168521304, 806362336362, '1999-02-02', 10488, 5310, 5178),
(111958503640, 100648677342, 808660310264, '1974-10-11', 236, 55, 181),
(111967270160, 103589699105, 807573845114, '2016-11-29', 47926, 529, 47397),
(111983250580, 101943991616, 807513742746, '2020-10-04', 23185, 17175, 6010),
(112047867546, 100101938815, 807585924418, '1975-10-09', 40480, 26056, 14424),
(112205584006, 107350930573, 802585954304, '1983-04-03', 17992, 2591, 15401),
(112206718030, 108302686943, 805303998044, '2021-03-16', 1981, 402, 1579),
(112224624061, 100507714775, 806376519803, '1981-06-03', 12132, 3198, 8934),
(112235690728, 106593766146, 802220374891, '2011-01-20', 36324, 984, 35340),
(112236990280, 107173339159, 807585924418, '2009-08-05', 15727, 3192, 12535),
(112281700255, 100653102335, 800913146069, '2015-06-06', 27274, 9758, 17516),
(112322678510, 105562597182, 808906397969, '1974-03-28', 45365, 12304, 33061),
(112337920739, 102489082230, 806239180324, '2005-11-03', 20078, 888, 19190),
(112356427956, 106854556258, 803432090507, '1978-10-05', 37573, 1132, 36441),
(112378570690, 104339275231, 802812029885, '1993-07-03', 1020, 410, 610),
(112388266736, 106134927760, 809030855905, '1995-05-17', 7312, 1896, 5416),
(112400456591, 101732235138, 806212513329, '1984-06-18', 1516, 332, 1184),
(112451728251, 108746434771, 804711660883, '2016-03-14', 7301, 4310, 2991),
(112522319030, 100066109630, 809362268061, '1980-07-29', 36434, 21881, 14553),
(112538377866, 106631688033, 807186775178, '1984-04-20', 28786, 2844, 25942),
(112577268702, 106159178622, 801577892206, '1983-05-11', 6536, 1410, 5126),
(112607218518, 106028204177, 802742038240, '1979-01-29', 22549, 4118, 18431),
(112642734342, 102705295939, 804984570834, '1982-11-19', 30568, 9991, 20577),
(112673725410, 106156492047, 801484352828, '1991-01-07', 38413, 7520, 30893),
(112677406354, 100117405615, 801274344252, '1984-09-26', 7415, 1128, 6287),
(112685368039, 105676980165, 804990883276, '1995-12-07', 16939, 3541, 13398),
(112689610679, 107071669062, 804517529842, '1997-02-19', 10733, 382, 10351),
(112693234482, 103214491225, 807912235386, '1981-10-09', 43824, 4954, 38870),
(112708592856, 100097879930, 802757454299, '1976-04-06', 31932, 24326, 7606),
(112833665646, 108126203518, 805386587723, '2017-12-31', 19300, 4213, 15087),
(112846383994, 109876828272, 802463577415, '2014-12-22', 41029, 2237, 38792),
(112950045615, 103855103969, 809762138652, '1976-10-08', 9037, 5767, 3270),
(112969228906, 103952304334, 801829895225, '1981-09-21', 26688, 14, 26674),
(112984055218, 101137740307, 803432090507, '1998-08-13', 17642, 4319, 13323),
(113047222359, 102026757435, 807912701646, '2018-12-01', 32921, 20026, 12895),
(113077815475, 102504659292, 807653894910, '1981-08-21', 3606, 2486, 1120),
(113106854888, 104436578307, 805390829257, '1995-10-22', 9539, 471, 9068),
(113184192307, 102265980137, 807069767949, '1992-09-10', 39738, 1524, 38214),
(113373421941, 104061576928, 801017255975, '1978-10-22', 3885, 1521, 2364),
(113439141380, 103665564845, 800172444696, '2010-06-18', 44678, 531, 44147),
(113445480213, 105572822093, 803227457129, '2001-04-27', 39907, 5457, 34450),
(113465599763, 102127449585, 809578783828, '1980-05-26', 47211, 7740, 39471),
(113473067900, 102847978934, 805841656425, '1993-01-12', 25998, 8287, 17711),
(113502642821, 107530812688, 801052748191, '1974-03-19', 28653, 6725, 21928),
(113513916052, 107178550727, 804369995210, '2000-11-01', 23536, 7590, 15946),
(113556992312, 107353169427, 807886353043, '1996-09-11', 14725, 7164, 7561),
(113589835464, 104990061871, 801019940389, '1985-12-19', 44401, 9031, 35370),
(113715373598, 106650026430, 809239128886, '1980-06-19', 45457, 27751, 17706),
(113755170166, 100184650500, 807476999219, '2006-06-28', 5440, 511, 4929),
(113757959615, 100582313556, 805084928326, '1980-01-25', 10544, 3523, 7021),
(113807715823, 109260953334, 808755123391, '1990-12-27', 44901, 29225, 15676),
(113831099688, 107353169427, 806813290805, '2011-07-20', 34350, 10377, 23973),
(113838122647, 103269866486, 802587322188, '1991-03-23', 47430, 41693, 5737),
(113857293184, 108221865872, 802463577415, '1994-02-20', 31557, 7973, 23584),
(113896619663, 103849735426, 804656411816, '2012-06-06', 18364, 6621, 11743),
(113906324690, 100743966614, 802812029885, '1992-04-29', 31971, 21742, 10229),
(113993201996, 108353550485, 802812029885, '2010-08-07', 452, 88, 364),
(113997896928, 108571800866, 808489720165, '1987-10-22', 12593, 2467, 10126),
(114035529955, 107353169427, 802757454299, '1998-09-05', 38042, 19830, 18212),
(114046582428, 102489082230, 804339548380, '1994-04-15', 35992, 848, 35144),
(114057590830, 109167411063, 801829895225, '2014-04-19', 47101, 28251, 18850),
(114060585748, 100529134923, 801762684739, '1975-08-10', 41155, 5298, 35857),
(114066864048, 103725678446, 805418024031, '2011-01-13', 26419, 4958, 21461),
(114178984318, 104344951553, 801019940389, '1988-03-19', 39787, 10526, 29261),
(114188634356, 107952547007, 808421398587, '1991-01-03', 30458, 10663, 19795),
(114209433929, 109548499113, 805522862135, '2010-05-14', 28752, 2142, 26610),
(114224753557, 104172516858, 804599502349, '2001-12-09', 2431, 824, 1607),
(114242593533, 101794475323, 807020979483, '2000-04-16', 43568, 1607, 41961),
(114367669941, 108574716006, 806975205410, '1975-12-12', 27471, 379, 27092),
(114381681696, 108221865872, 808804648323, '2019-01-06', 29427, 20308, 9119),
(114397225802, 109326295179, 808812810928, '1977-11-17', 6187, 1071, 5116),
(114414663047, 105604001233, 805828028330, '2020-10-27', 20974, 5002, 15972),
(114438884115, 108898078240, 807097137935, '2008-11-05', 21500, 2264, 19236),
(114563472625, 102688870608, 805524704606, '2007-10-29', 798, 167, 631),
(114597161678, 105676980165, 805145450895, '1970-04-26', 36013, 21014, 14999),
(114618153744, 101259124260, 807102555269, '1986-12-06', 11730, 1843, 9887),
(114631762535, 106134927760, 802924827970, '1991-03-14', 12925, 439, 12486),
(114665347626, 107468446020, 802757454299, '2012-03-10', 6327, 2153, 4174),
(114757053392, 105502423503, 802202117214, '1977-08-25', 35897, 15972, 19925),
(114768008056, 102489082230, 800329166475, '2013-05-09', 39188, 27621, 11567),
(114775867731, 106798537399, 806066131623, '2008-09-28', 46073, 27354, 18719),
(114856035143, 100769989517, 802429094891, '2020-12-03', 45445, 9261, 36184),
(114859555307, 101259124260, 808106534783, '1975-03-04', 41465, 26102, 15363),
(114860950206, 101688483950, 808837270391, '2003-06-30', 48549, 8171, 40378),
(114867713982, 104651239761, 807097137935, '1983-04-27', 36424, 7908, 28516),
(114887373427, 108289481209, 804519885267, '1997-03-24', 47256, 23004, 24252),
(114906646853, 109952466243, 807653894910, '1986-06-07', 29616, 53, 29563),
(114960219762, 104108060080, 809578783828, '1987-02-11', 30950, 12040, 18910),
(114974668057, 108630392917, 807102555269, '2006-07-17', 6374, 481, 5893),
(115013437931, 102688870608, 804984570834, '1988-03-24', 24238, 8538, 15700),
(115032527959, 104753848563, 809201387470, '1987-10-06', 1789, 1213, 576),
(115055630257, 108785040570, 805824920227, '2012-06-05', 22254, 8393, 13861),
(115063744759, 106679495531, 800545765485, '2004-11-17', 48792, 15744, 33048),
(115083941592, 107295997863, 806417318302, '2011-08-26', 37942, 14508, 23434),
(115084984828, 108898078240, 804084759472, '2001-12-27', 9021, 1614, 7407),
(115085845404, 101343589362, 804283713101, '1978-10-08', 30867, 11650, 19217),
(115106629188, 104756354622, 806632853269, '1986-05-21', 13642, 2566, 11076),
(115109616617, 100256866211, 801149518165, '1986-02-21', 46535, 21956, 24579),
(115147941262, 101997950268, 804853364918, '1987-12-20', 6498, 716, 5782),
(115150000638, 108120341606, 809778278342, '2016-05-26', 3722, 1050, 2672),
(115175347023, 103707107539, 806053658537, '1999-07-11', 8524, 1174, 7350),
(115255628600, 106481206591, 801130578814, '1985-08-01', 12160, 1063, 11097),
(115313732018, 106481206591, 801053787004, '1981-02-24', 6791, 1353, 5438),
(115372651455, 100403178474, 801168016212, '1995-08-07', 43924, 30111, 13813),
(115374558256, 106798537399, 809362268061, '1989-11-15', 44684, 22235, 22449),
(115410465036, 107608260806, 807912701646, '1990-02-14', 41869, 3890, 37979),
(115430120242, 105856785688, 809030855905, '2003-07-01', 46055, 10884, 35171),
(115441875030, 100101938815, 803629423717, '1995-10-11', 13424, 5153, 8271),
(115483129986, 107645362897, 804900213679, '1974-03-22', 47177, 8241, 38936),
(115574288663, 100507714775, 803544562695, '1979-01-26', 8995, 2974, 6021),
(115587208755, 108785040570, 806417318302, '1980-12-14', 39432, 8312, 31120),
(115602447660, 102508006922, 802723332191, '2010-06-03', 27877, 5985, 21892),
(115676728490, 104265192996, 803889490949, '2019-01-23', 2228, 694, 1534),
(115705638817, 103937542462, 800828585238, '2012-08-15', 21127, 12780, 8347),
(115739920411, 108205896606, 807644052365, '2020-07-05', 37440, 4788, 32652),
(115755382033, 103975886723, 807653894910, '1970-06-02', 31982, 4974, 27008),
(115760974454, 101959076233, 801047285346, '1993-06-17', 14668, 4156, 10512),
(115800704704, 106680346148, 803894178278, '2012-07-03', 42274, 7344, 34930),
(115809227441, 100448782390, 808660310264, '1994-11-11', 15029, 2138, 12891),
(115827523422, 100261759926, 801052748191, '1978-12-22', 30654, 8395, 22259),
(115884637529, 105856785688, 807644052365, '1973-01-06', 17021, 5741, 11280),
(115904044880, 109372419234, 802463577415, '1986-02-08', 15770, 8114, 7656),
(115954067754, 104168521304, 800223464877, '2005-04-08', 23055, 18556, 4499),
(115966831248, 106156492047, 802392604358, '1975-04-03', 45269, 37634, 7635),
(115979407695, 108226946653, 805084928326, '1997-07-07', 35125, 7057, 28068),
(116034193537, 108205896606, 807644052365, '2003-10-25', 32909, 11568, 21341),
(116037457649, 100363357029, 808643569712, '1978-04-23', 17825, 4864, 12961),
(116054719804, 102779605955, 804711660883, '2011-06-16', 24007, 1901, 22106),
(116073785523, 100507714775, 802742038240, '2018-11-24', 26520, 10577, 15943),
(116093384436, 106631688033, 808162178048, '1983-12-13', 24366, 4777, 19589),
(116101535314, 106939485323, 809915625002, '1970-11-01', 21049, 4211, 16838),
(116106680998, 103241290726, 801608206376, '2019-10-28', 43736, 10694, 33042),
(116108491368, 105459183729, 802723332191, '1976-10-31', 36248, 16863, 19385),
(116159168657, 109742837686, 805824920227, '1974-02-08', 693, 486, 207),
(116201056916, 108371414903, 807539511228, '1983-09-08', 37608, 11031, 26577),
(116278142270, 106998926533, 805825961127, '1992-10-13', 32272, 5746, 26526),
(116381756811, 100352322666, 809462247262, '1974-04-08', 17844, 12464, 5380),
(116506423451, 102155718530, 804517529842, '2009-05-27', 12536, 2126, 10410),
(116520002413, 108471021719, 806239180324, '2005-09-25', 1329, 838, 491),
(116612438612, 107952547007, 809607813197, '1972-02-28', 15562, 1059, 14503),
(116622041029, 101274248375, 805841656425, '2000-01-29', 48917, 8072, 40845),
(116659266585, 106854556258, 803660372390, '1986-09-10', 13175, 285, 12890),
(116708845433, 106564719540, 801980790360, '2001-11-19', 19171, 9726, 9445),
(116712128841, 106904110982, 807186775178, '2014-03-18', 7053, 3289, 3764),
(116741088824, 105413164653, 807020979483, '1994-05-02', 3868, 1390, 2478),
(116751954545, 108205896606, 807483772231, '1971-09-19', 5511, 1028, 4483),
(116841966797, 101943991616, 808813876337, '1972-06-07', 26341, 21680, 4661),
(116928856411, 100510351116, 803293232111, '2008-09-29', 21602, 483, 21119),
(117033839425, 102508006922, 801217126981, '1998-10-01', 41919, 5086, 36833),
(117059991476, 104492784164, 809578783828, '1981-10-27', 16165, 347, 15818),
(117075332824, 102853431017, 804186174799, '1995-03-27', 19134, 9970, 9164),
(117105383685, 104344951553, 804519885267, '1984-04-19', 33089, 8596, 24493),
(117152839035, 104108060080, 806420174829, '1977-11-28', 42668, 1899, 40769),
(117167418126, 100097879930, 807912235386, '2013-01-23', 46099, 7612, 38487),
(117167482711, 101362951329, 807476999219, '2019-11-11', 4477, 392, 4085),
(117173114853, 101117040278, 806284930417, '2013-03-11', 32803, 3805, 28998),
(117208919101, 100101938815, 807069767949, '1995-11-26', 14803, 1787, 13016),
(117225513594, 100529134923, 805522862135, '2002-03-08', 38466, 8204, 30262),
(117275794069, 104753848563, 802587322188, '1989-12-28', 35031, 11041, 23990),
(117276960522, 102311984509, 805619725902, '2002-02-14', 34023, 966, 33057),
(117285775105, 106998926533, 806496478825, '1987-04-03', 41671, 35284, 6387),
(117415233356, 104670113340, 808178337453, '1978-02-14', 14263, 2653, 11610),
(117474681211, 101688483950, 809798612058, '2006-04-03', 49270, 14783, 34487),
(117499144094, 104924439984, 801565165219, '2008-07-08', 1017, 104, 913),
(117547685813, 106481206591, 802201484000, '2000-09-30', 18602, 2381, 16221),
(117590543927, 103184938921, 802310014320, '1989-08-01', 33153, 7191, 25962),
(117678342063, 109953619507, 809778278342, '1983-05-12', 23590, 622, 22968),
(117680608940, 108630392917, 808254728883, '1999-12-06', 35481, 8970, 26511),
(117682887834, 107293810428, 801168016212, '1980-06-21', 44975, 3932, 41043),
(117729464176, 103184938921, 804075734678, '2007-11-07', 13112, 1791, 11321),
(117747960523, 104155456637, 803301116862, '2010-07-30', 44292, 7019, 37273),
(117822747495, 104339275231, 809725672895, '1973-12-21', 43069, 10006, 33063),
(117879599349, 103585992036, 809169748712, '1983-06-09', 36635, 20126, 16509),
(117884725880, 106612764542, 809169748712, '1981-08-29', 40247, 15739, 24508),
(117889788920, 104753848563, 809778278342, '1984-08-19', 22868, 923, 21945),
(117915756726, 100608285313, 804040122277, '1970-11-18', 24901, 11065, 13836),
(118061699341, 106305742058, 807217596493, '1975-12-10', 25363, 14160, 11203),
(118067388132, 102853431017, 805824920227, '1972-11-23', 32790, 10603, 22187),
(118086855032, 108879933272, 805386587723, '2017-06-21', 47572, 22835, 24737),
(118086979193, 107930071890, 804186174799, '2004-12-30', 35186, 10710, 24476),
(118103353738, 109876828272, 802310014320, '2007-05-15', 34863, 5043, 29820),
(118177565837, 100610580250, 801577892206, '2001-09-13', 28250, 9286, 18964),
(118213528852, 101959076233, 803080088711, '1987-07-15', 23624, 15422, 8202),
(118253892664, 102688870608, 806847346572, '2021-01-08', 8110, 6786, 1324),
(118328765316, 100529134923, 805828028330, '2006-04-02', 27685, 9743, 17942),
(118341794334, 106854556258, 807573845114, '2002-10-22', 9717, 576, 9141),
(118354348161, 107295997863, 806340706919, '1993-08-22', 142, 42, 100),
(118387921570, 104827115543, 806280666716, '1982-05-28', 25490, 20125, 5365),
(118388108877, 106593766146, 807102555269, '1974-09-10', 42603, 11900, 30703),
(118462442171, 108879933272, 803167803880, '2003-10-25', 38045, 6410, 31635),
(118561983377, 106904110982, 807573845114, '2014-02-24', 27517, 19258, 8259),
(118600580145, 105618578623, 801350546420, '1999-07-04', 32516, 4914, 27602),
(118617286521, 104938501332, 806417318302, '1984-11-12', 22677, 1860, 20817),
(118617992679, 106144124859, 802242315714, '2016-12-28', 48119, 16886, 31233),
(118642979845, 102672803798, 801274344252, '2014-01-30', 40578, 9168, 31410),
(118652508086, 102281731106, 801565165219, '1972-05-28', 23672, 3639, 20033),
(118664949605, 105771421067, 804270615626, '2020-11-17', 30758, 12436, 18322),
(118714641896, 108666824040, 806496478825, '2004-01-29', 34382, 23831, 10551),
(118718814831, 105644818902, 800514995216, '2006-07-02', 15291, 1149, 14142),
(118742328477, 107033318353, 807186775178, '1988-12-01', 16080, 10772, 5308),
(118792244171, 100608285313, 802202117214, '2002-05-02', 47377, 7213, 40164),
(118824453602, 109752397048, 809798612058, '1981-10-19', 33040, 6631, 26409),
(118839549717, 108302686943, 808497728159, '2019-09-21', 18121, 13746, 4375),
(118951902326, 100529134923, 802492715854, '1995-01-20', 19607, 4182, 15425),
(118961961337, 103626410485, 800154771925, '2004-04-02', 38856, 13428, 25428),
(119001972588, 108301158048, 800345135207, '1996-12-26', 26700, 5214, 21486),
(119013390416, 108471021719, 808813876337, '2014-10-30', 14586, 428, 14158),
(119063797556, 102068356481, 804867458139, '2012-07-04', 34488, 13945, 20543),
(119063805475, 109840501282, 808906397969, '1978-08-27', 13824, 501, 13323),
(119078011041, 107459768171, 801053787004, '1981-02-05', 2957, 781, 2176),
(119080535168, 104963543583, 801251027180, '1986-01-29', 29453, 15401, 14052),
(119122917501, 100527003718, 804672397306, '2019-11-06', 132, 80, 52),
(119131602484, 102543817401, 806280666716, '2002-12-11', 9656, 6010, 3646),
(119199016840, 109736647384, 809689958979, '1972-03-03', 37638, 8830, 28808),
(119278235654, 100352322666, 802242315714, '2020-04-23', 24079, 7167, 16912),
(119300618359, 100256866211, 807710245507, '2004-11-01', 2821, 472, 2349),
(119374597221, 108471021719, 807020979483, '2016-06-22', 29408, 667, 28741),
(119379106785, 100403178474, 801176748899, '1974-01-05', 22574, 5474, 17100),
(119383905272, 101117040278, 808812810928, '1976-06-10', 34172, 4557, 29615),
(119411171017, 102479513193, 805418024031, '1992-05-28', 2755, 231, 2524),
(119503123067, 103755321414, 806417050178, '2015-05-02', 46662, 9700, 36962),
(119503303827, 107645362897, 805386587723, '1990-09-11', 27381, 4094, 23287),
(119555123014, 107913529932, 800223464877, '2016-04-05', 19243, 300, 18943),
(119593276315, 106481206591, 807644052365, '1971-12-12', 26126, 5915, 20211),
(119609551146, 101117040278, 804900213679, '1999-12-12', 37760, 7867, 29893),
(119621387398, 102672803798, 801939391302, '1997-03-24', 23365, 3104, 20261),
(119672241087, 100117405615, 809778278342, '1990-10-09', 27267, 4603, 22664),
(119704264468, 106127691551, 806417318302, '1990-06-26', 28611, 4971, 23640),
(119744661555, 106612764542, 800534969303, '2012-07-27', 24425, 937, 23488),
(119764397549, 107459768171, 803270947561, '2002-01-17', 1965, 1461, 504),
(119812071164, 102489082230, 808239883008, '1970-11-07', 23562, 1667, 21895),
(119841720392, 102672803798, 809782922729, '2005-01-05', 22128, 14376, 7752),
(119962468535, 109876828272, 801047285346, '1990-02-23', 29270, 18980, 10290);

-- --------------------------------------------------------

--
-- Table structure for table `PharmacySells`
--

CREATE TABLE IF NOT EXISTS `PharmacySells` (
  `TreatmentID` bigint(20) unsigned NOT NULL,
  `PharmacyID` bigint(20) unsigned NOT NULL,
  `Price` float unsigned NOT NULL,
  PRIMARY KEY (`TreatmentID`,`PharmacyID`),
  KEY `PharmacyID` (`PharmacyID`)
) ENGINE=InnoDB DEFAULT CHARSET=latin1;

--
-- Dumping data for table `PharmacySells`
--

INSERT INTO `PharmacySells` (`TreatmentID`, `PharmacyID`, `Price`) VALUES
(300034342941, 809200590535, 19.0061),
(300135159475, 803869760015, 18.241),
(300161938935, 805825961127, 39.8471),
(300161938935, 805933933619, 6.91803),
(300161938935, 807020979483, 36.8747),
(300172430582, 805756916556, 38.954),
(300184064819, 805756916556, 42.2879),
(300184064819, 808178337453, 6.91009),
(300237135697, 806212513329, 2.04136),
(300336066101, 800355320714, 31.6683),
(300370131818, 805084928326, 21.3061),
(300410635997, 806316139690, 6.12337),
(300410635997, 807790760837, 30.9118),
(300444680713, 806042452031, 40.3994),
(300568602170, 802156510843, 33.1475),
(300594344613, 800514995216, 25.7161),
(300594344613, 802579792536, 7.23878),
(300594344613, 803724893259, 16.1407),
(300594344613, 806674972745, 29.5213),
(300633146491, 804284862790, 5.81225),
(300706129983, 807561687463, 1.66183),
(300822152580, 800469372607, 5.44267),
(300822152580, 802856330986, 4.75049),
(300822152580, 806929416977, 27.2845),
(300837629203, 805990562897, 36.0371),
(300837629203, 807418409130, 15.4488),
(300890141304, 800587335115, 1.99633),
(300890141304, 801484352828, 41.8046),
(300905800642, 802242315714, 32.0242),
(300941298089, 803293232111, 22.138),
(300941298089, 806053658537, 27.2848),
(300941298089, 808660310264, 8.53874),
(300964801350, 800913146069, 30.3896),
(300987193002, 805288189780, 22.6115),
(301012734585, 800514995216, 9.64824),
(301019837806, 809689958979, 31.939),
(301053090852, 804270615626, 25.0364),
(301053090852, 806496478825, 19.1489),
(301173808829, 804656411816, 3.3431),
(301173808829, 806799936767, 17.5119),
(301173808829, 807644052365, 28.0469),
(301223950382, 804339548380, 42.545),
(301223950382, 808106534783, 4.62266),
(301294121945, 803961554227, 13.2755),
(301294121945, 805303998044, 10.2927),
(301334404352, 807476999219, 20.4879),
(301366113327, 809386458759, 40.3325),
(301371338759, 802463577415, 49.8411),
(301519721234, 804075734678, 13.3515),
(301519721234, 809778278342, 40.6962),
(301558561869, 802757454299, 24.047),
(301558561869, 808481917151, 49.2794),
(301591159829, 803039948783, 19.7355),
(301591159829, 803544562695, 49.508),
(301614515667, 804517529842, 12.7757),
(301614515667, 805825961127, 43.8604),
(301650064164, 807884266477, 17.1741),
(301716652888, 803544562695, 16.1727),
(301763639963, 809607813197, 7.7294),
(301786676747, 802697952943, 13.8962),
(301786676747, 804369995210, 42.7056),
(301786676747, 807102555269, 9.68927),
(301834618751, 801980790360, 49.7795),
(301858910890, 800329166475, 26.4311),
(301858910890, 800414483963, 43.2293),
(301858910890, 800648680372, 8.83513),
(301906499156, 801280454796, 30.6914),
(301906499156, 802675840735, 37.8193),
(301906499156, 808813876337, 34.6574),
(301916645409, 804711660883, 34.0809),
(301916645409, 807585924418, 26.287),
(301997557321, 807186775178, 44.3659),
(302014744355, 803161429400, 44.7577),
(302014744355, 809016989351, 16.6529),
(302029492098, 802310014320, 27.5276),
(302029492098, 807561687463, 13.794),
(302311683995, 804990883276, 29.6814),
(302438668033, 802608195871, 11.4099),
(302438668033, 806340706919, 18.1832),
(302617850822, 802587322188, 22.6957),
(302617850822, 808779766450, 19.8638),
(302684212834, 809201387470, 35.5032),
(302692944490, 807847168598, 8.77508),
(302765270156, 809725672895, 22.2113),
(302794057881, 803039948783, 49.5057),
(302830358973, 804283713101, 10.597),
(302837406687, 809982321309, 6.49195),
(302893332146, 800534969303, 33.4848),
(302893332146, 802812029885, 36.6461),
(302935436343, 800223464877, 26.2376),
(302935634749, 800534969303, 29.119),
(302988589873, 800700284651, 23.2699),
(303002639739, 800334683849, 44.6431),
(303019211966, 801130578814, 4.3244),
(303019211966, 802812029885, 34.2538),
(303019211966, 804984570834, 10.5855),
(303099531077, 801484352828, 30.3491),
(303099531077, 802579792536, 4.09575),
(303099531077, 809473606236, 12.935),
(303213551791, 803660372390, 10.5081),
(303213551791, 809201387470, 14.6038),
(303288242632, 805871639120, 14.4241),
(303288242632, 806394967078, 25.4429),
(303311012436, 806674972745, 22.4422),
(303446224158, 801673946785, 18.1871),
(303483998641, 803629301193, 16.4555),
(303500883675, 801484352828, 24.8827),
(303500883675, 802587322188, 3.51979),
(303560049848, 805418024031, 32.0059),
(303611907321, 809251909455, 13.0227),
(303625899353, 806674972745, 20.5081),
(303625899353, 809607813197, 11.2796),
(303722051091, 809725672895, 31.4559),
(303745459188, 800469372607, 39.4632),
(303746081797, 801217126981, 13.2683),
(303761160154, 804284862790, 16.8403),
(303773969020, 801017255975, 15.3314),
(303863151360, 801565165219, 26.1616),
(303863151360, 803686915579, 20.5997),
(303881173661, 807418409130, 35.2087),
(303884468237, 805418024031, 31.4678),
(303884468237, 808239883008, 37.4693),
(303981445090, 807033120513, 40.4),
(303981445090, 807884266477, 37.1042),
(304200213102, 805303998044, 33.6668),
(304357909430, 802165248917, 40.3096),
(304475708143, 800652790204, 28.0514),
(304475708143, 802310014320, 21.0005),
(304538919624, 801176748899, 48.8154),
(304538919624, 807539511228, 48.8546),
(304616761232, 807020979483, 26.747),
(304703427918, 802201484000, 29.8336),
(304703427918, 809982321309, 30.724),
(304837632173, 800652790204, 22.7857),
(304837632173, 805084928326, 47.2943),
(304909773715, 809778278342, 2.45557),
(304929017079, 802675840735, 49.0872),
(304994070829, 800520459201, 4.4018),
(304994070829, 800679024634, 37.3218),
(305001156287, 804270615626, 15.238),
(305001156287, 806239180324, 18.335),
(305023906058, 808447372672, 5.85254),
(305066012705, 804656411816, 22.0527),
(305086633228, 800924544401, 17.6365),
(305086633228, 802492715854, 12.2455),
(305245613753, 808254728883, 3.67994),
(305280736688, 802812029885, 14.7148),
(305280736688, 808740981460, 44.102),
(305280736688, 809462247262, 47.1484),
(305359237632, 801168016212, 14.6323),
(305466446545, 804260310845, 5.92355),
(305509526097, 803961554227, 7.99396),
(305509526097, 807111771210, 19.8805),
(305536789517, 800355320714, 7.12903),
(305536789517, 805933933619, 17.6669),
(305536789517, 807102555269, 48.796),
(305588417283, 807566850327, 2.39316),
(305644922045, 803679386126, 7.40201),
(305644922045, 809239128886, 38.4074),
(305659471635, 803301116862, 31.8232),
(305686578273, 800097428348, 40.4309),
(305686578273, 801176748899, 38.0818),
(305686578273, 809169748712, 18.8108),
(305686578273, 809730674675, 7.26848),
(305804931524, 807566850327, 44.2335),
(305829519987, 806420011620, 23.4241),
(305829519987, 807561687463, 32.8552),
(305837798876, 804934688829, 6.5353),
(305970246115, 801400033294, 46.4681),
(305970246115, 806376519803, 24.0956),
(306220765112, 800097428348, 7.55223),
(306255988908, 809092414702, 2.3142),
(306297694914, 806485807623, 21.6739),
(306343665002, 805418024031, 45.1486),
(306380071994, 805933933619, 24.4802),
(306380071994, 807513742746, 22.4718),
(306399438448, 802757454299, 42.9317),
(306399438448, 807847168598, 15.9857),
(306451319593, 800587335115, 7.90184),
(306556614639, 805418024031, 27.19),
(306556614639, 805871639120, 43.4515),
(306709216888, 808239883008, 6.36795),
(306721936632, 802587322188, 37.1347),
(306721936632, 804599502349, 48.2324),
(306721936632, 808372053881, 29.6173),
(306721936632, 809200590535, 48.3295),
(306760273495, 801673946785, 1.31819),
(306760273495, 808421398587, 5.39109),
(306766640981, 800534969303, 31.3587),
(306930914569, 800172444696, 11.1534),
(307037624489, 800329166475, 9.96574),
(307037624489, 800648680372, 45.2248),
(307096234864, 800924544401, 12.5917),
(307096234864, 804599502349, 46.4212),
(307124358582, 806042452031, 33.6462),
(307124358582, 809239128886, 27.8403),
(307124916685, 807659234845, 14.0563),
(307155188519, 802924827970, 30.5773),
(307155188519, 804270615626, 31.9367),
(307155188519, 804519885267, 13.3086),
(307271255494, 803488716542, 19.4606),
(307271255494, 808512019753, 11.5477),
(307283446237, 807418409130, 10.5236),
(307294593018, 801557814796, 2.39562),
(307313492355, 802310014320, 40.5203),
(307321545271, 807912701646, 31.2976),
(307323972349, 803961554227, 24.0064),
(307323972349, 806435978890, 41.3842),
(307394865349, 801829895225, 2.7646),
(307456977031, 809251909455, 27.9335),
(307463424143, 801149518165, 28.3719),
(307463424143, 802742038240, 41.5377),
(307464628683, 807960351386, 33.1515),
(307543763924, 807476999219, 18.101),
(307543763924, 809578783828, 5.65295),
(307581568214, 802608195871, 27.6733),
(307581568214, 807886353043, 44.7271),
(307617853123, 801400033294, 20.3763),
(307617853123, 802220374891, 12.1915),
(307617853123, 805084928326, 35.8748),
(307664889990, 807659234845, 37.7032),
(307717032134, 804084759472, 15.5936),
(307723667554, 803679386126, 38.1667),
(307723667554, 803897613093, 40.8331),
(307736535992, 801608206376, 48.4953),
(307742723771, 806258475534, 36.5849),
(307766443916, 805756916556, 49.1761),
(307827911107, 805418024031, 20.8292),
(307827911107, 805871639120, 35.8944),
(307932534870, 802370312521, 41.2007),
(307946346545, 808254728883, 14.7982),
(307953831006, 808906397969, 34.0909),
(307957075993, 806674972745, 26.585),
(308107545266, 805390829257, 21.1022),
(308140327875, 806053658537, 34.3929),
(308142457508, 802201484000, 17.248),
(308142457508, 807790760837, 6.85296),
(308142457508, 807960351386, 22.6339),
(308199669616, 802697952943, 39.5491),
(308367926710, 807561687463, 39.329),
(308451920106, 808106534783, 2.29704),
(308460751352, 803558823485, 41.6335),
(308514448797, 802492715854, 33.0739),
(308514448797, 806258475534, 26.6363),
(308545678813, 806929416977, 6.6458),
(308545678813, 807652651482, 8.36296),
(308671880611, 803161429400, 30.2312),
(308681010467, 804519885267, 38.9683),
(308681010467, 808178337453, 29.2765),
(308725345021, 803227457129, 20.369),
(308808181973, 802370312521, 30.3111),
(308838570037, 802608195871, 39.6912),
(308848810948, 801565165219, 38.7924),
(308848810948, 804866841282, 31.1551),
(308848810948, 808643569712, 27.9004),
(308863524196, 806362336362, 23.2138),
(308940732113, 800514995216, 21.9636),
(308940732113, 801019940389, 11.6057),
(308940732113, 801565165219, 41.3551),
(308940732113, 809239128886, 20.0325),
(308947762551, 801350978645, 29.596),
(309030167429, 802201484000, 16.987),
(309030167429, 802492715854, 12.4108),
(309035169562, 807768144956, 41.407),
(309151694354, 807561687463, 24.6962),
(309155606313, 809689958979, 44.3371),
(309265931605, 808178337453, 40.4011),
(309405378945, 802156510843, 5.31495),
(309405378945, 804084759472, 14.7485),
(309405378945, 804519885267, 41.7148),
(309501634167, 809782922729, 32.0501),
(309623415178, 801922129688, 16.9432),
(309701734597, 801052748191, 11.0255),
(309701734597, 801168016212, 37.0876),
(309701734597, 801400033294, 29.3142),
(309701734597, 802463577415, 38.9296),
(309756682737, 807069767949, 39.623),
(309757665296, 803942845289, 27.9103),
(309759566026, 802608195871, 47.8293),
(309759566026, 804283713101, 5.91158),
(309759566026, 806212513329, 30.4999),
(309861707900, 805522862135, 35.2268),
(309897827246, 801565165219, 25.3424),
(309897827246, 805486214504, 18.3056),
(309897827246, 808162178048, 36.2304),
(309898114799, 800806015513, 28.8066),
(309907551292, 801577892206, 29.3713),
(309987894787, 804900213679, 17.6278),
(309999629944, 802220374891, 39.1076),
(309999629944, 809782922729, 8.3942);

-- --------------------------------------------------------

--
-- Table structure for table `PlanCovers`
--

CREATE TABLE IF NOT EXISTS `PlanCovers` (
  `PlanID` bigint(20) unsigned NOT NULL,
  `TreatmentID` bigint(20) unsigned NOT NULL,
  PRIMARY KEY (`PlanID`,`TreatmentID`),
  KEY `TreatmentID` (`TreatmentID`)
) ENGINE=InnoDB DEFAULT CHARSET=latin1;

--
-- Dumping data for table `PlanCovers`
--

INSERT INTO `PlanCovers` (`PlanID`, `TreatmentID`) VALUES
(700008024685, 307037624489),
(700019348374, 303002639739),
(700019348374, 303774570700),
(700019348374, 305536789517),
(700064380707, 300444680713),
(700199771733, 308367926710),
(700210818165, 308512699449),
(700210818165, 308671880611),
(700230954737, 301716652888),
(700252094596, 300172430582),
(700252094596, 308218260871),
(700254689847, 306716746621),
(700284869081, 300528159143),
(700284869081, 301811519731),
(700284869081, 306703902909),
(700453801514, 305686578273),
(700453801514, 308832710972),
(700479086265, 301650064164),
(700479086265, 306451319593),
(700479086265, 307155188519),
(700564879429, 301173808829),
(700564879429, 308199669616),
(700632724502, 303761160154),
(700694292974, 302935436343),
(700694292974, 303013447718),
(700694292974, 309623415178),
(700720542870, 309119164847),
(700725073895, 302051637240),
(700725073895, 303013447718),
(700725073895, 306709216888),
(700725073895, 307124358582),
(700787712754, 300594344613),
(700787712754, 300822152580),
(700787712754, 307543763924),
(700868821681, 301337468683),
(700868821681, 306451319593),
(701000896341, 308759541054),
(701026329466, 301716652888),
(701026329466, 308838570037),
(701067093165, 308863524196),
(701099810293, 305245613753),
(701151271150, 300700430042),
(701151271150, 303981445090),
(701334146518, 301053090852),
(701334146518, 308572542438),
(701405693435, 309688433032),
(701409207878, 306846510748),
(701420766039, 300027844268),
(701420766039, 306280344519),
(701471514512, 306686146633),
(701471514512, 307617853123),
(701500535420, 302365223790),
(701500535420, 305837798876),
(701594591227, 306451319593),
(701594591227, 306588311023),
(701636914180, 300410635997),
(701684922417, 301366113327),
(701742745994, 307953831006),
(701759480140, 300510359985),
(702045746171, 306307579992),
(702045746171, 306846510748),
(702062987281, 303625899353),
(702088187769, 308451920106),
(702116741411, 306151101627),
(702116741411, 309867385855),
(702117335805, 300890141304),
(702117335805, 307464628683),
(702163359909, 306716746621),
(702178959092, 304616761232),
(702184427652, 309897827246),
(702210756485, 300890141304),
(702210756485, 309488321302),
(702257372711, 301798932541),
(702257372711, 309623415178),
(702303410628, 305066012705),
(702346886887, 300890141304),
(702346886887, 303019211966),
(702381581832, 300700430042),
(702481830410, 304929017079),
(702596510079, 300964801350),
(702676277021, 300135159475),
(702676277021, 301755520112),
(702676277021, 306380071994),
(702704665524, 303611907321),
(702706495863, 300594344613),
(702741555107, 303500883675),
(702741555107, 305970246115),
(702780268170, 305411470708),
(702780268170, 305466446545),
(702789172104, 304929017079),
(702836729010, 303611907321),
(702959382508, 307313492355),
(702972285433, 307328306707),
(702972285433, 307461779918),
(702998473038, 306801588369),
(702998473038, 307294593018),
(703086529670, 307717032134),
(703175306239, 307617853123),
(703209691142, 303560049848),
(703209691142, 303981445090),
(703246701797, 305272492489),
(703371111416, 301858910890),
(703371111416, 303337088083),
(703371111416, 308848810948),
(703380644065, 305272492489),
(703388613704, 308838570037),
(703770039409, 308572542438),
(703770039409, 308905276707),
(703824575520, 306846510748),
(703892191433, 302311683995),
(703892191433, 306664804961),
(703892191433, 308512699449),
(703942334290, 302935634749),
(703942334290, 307321545271),
(703942334290, 307717032134),
(703942334290, 308367926710),
(704029817127, 305829519987),
(704051615043, 302069209993),
(704051615043, 303446224158),
(704129029498, 300890141304),
(704129029498, 306766640981),
(704129029498, 308199669616),
(704129029498, 308681010467),
(704132611416, 301337468683),
(704132611416, 302438668033),
(704171550347, 301371338759),
(704214725137, 303774536483),
(704268638313, 300370131818),
(704268638313, 306791878124),
(704276024110, 307321545271),
(704276024110, 307464628683),
(704431398195, 301614515667),
(704485850912, 302014744355),
(704494182442, 304200213102),
(704501980912, 303483998641),
(704561016785, 301716652888),
(704561016785, 308451920106),
(704568875124, 301366113327),
(704607970402, 308838570037),
(704678790687, 303483998641),
(704678790687, 308512699449),
(704755459059, 303827556953),
(704769966808, 307456977031),
(704842358606, 301519721234),
(704842358606, 306061732714),
(704842358606, 308140327875),
(704900034750, 304909773715),
(705091568543, 308863524196),
(705193403290, 303933836008),
(705193403290, 305588417283),
(705618411940, 300035437483),
(705618411940, 301334404352),
(705650276525, 305466446545),
(705674761981, 301519721234),
(705674761981, 306255988908),
(705683901759, 301089920385),
(705683901759, 303019211966),
(705760967178, 302893332146),
(705808910771, 301558561869),
(705808910771, 308199669616),
(705808910771, 308759541054),
(705830142563, 302434995347),
(705830142563, 302684212834),
(705913487441, 303849696801),
(705945333781, 304929017079),
(705959562378, 300027844268),
(705959562378, 301591159829),
(705959562378, 307617853123),
(705980230476, 300905800642),
(705980230476, 301906499156),
(705980230476, 304200213102),
(706013931048, 309688433032),
(706085275300, 301858910890),
(706110929492, 300444680713),
(706111987116, 300410635997),
(706157460718, 301790872811),
(706157460718, 306343665002),
(706189638951, 305536789517),
(706253433758, 301173808829),
(706380623609, 308848810948),
(706410196754, 303746081797),
(706471110846, 303019211966),
(706543354318, 308905276707),
(706548188534, 300370131818),
(706548188534, 302692944490),
(706559111543, 302935634749),
(706592947917, 303756603958),
(706626199992, 300410635997),
(706707655943, 301916645409),
(706724004880, 301173808829),
(706724004880, 307879782836),
(706786976631, 308759541054),
(706806587886, 301858910890),
(706926794715, 301591159829),
(706976746205, 303863151360),
(706976746205, 305312434708),
(707108510904, 306280344519),
(707126832774, 301337468683),
(707126832774, 306709216888),
(707237100777, 300370131818),
(707277054438, 301519721234),
(707329002562, 302935436343),
(707330445546, 309151694354),
(707398368200, 300905800642),
(707398368200, 302692944490),
(707398368200, 304474265839),
(707398368200, 307283446237),
(707497950484, 305066012705),
(707497950484, 306791878124),
(707556532331, 308514448797),
(707563196428, 306307579992),
(707563196428, 306451319593),
(707803971801, 303774536483),
(708015289151, 309151694354),
(708032915517, 302935634749),
(708032915517, 303606414354),
(708042990724, 303812912222),
(708042990724, 306766640981),
(708042990724, 308514448797),
(708065459771, 307580744888),
(708167938577, 304909773715),
(708169848743, 306297694914),
(708192500235, 303483998641),
(708196361429, 302434995347),
(708196361429, 305411470708),
(708196361429, 308863524196),
(708225646075, 301337468683),
(708225646075, 308199669616),
(708248852643, 301798932541),
(708248852643, 304474265839),
(708248852643, 305536789517),
(708285587330, 309151694354),
(708304479929, 302893332146),
(708304479929, 309756682737),
(708313795825, 307723667554),
(708476769781, 304357909430),
(708508835409, 306686146633),
(708508835409, 308940732113),
(708614051940, 300161938935),
(708614051940, 307155188519),
(708624161131, 300934622103),
(708624161131, 303316718688),
(708624161131, 309987894787),
(708639444570, 308848810948),
(708729087689, 301614515667),
(708839198901, 306399438448),
(708914824837, 302365223790),
(708960475694, 305531466915),
(709015914841, 306556614639),
(709015914841, 307543763924),
(709032148356, 303722051091),
(709032148356, 306716746621),
(709059124851, 301784196384),
(709111971222, 302166212631),
(709158110791, 301294121945),
(709158110791, 303756603958),
(709158110791, 306703902909),
(709158110791, 308671880611),
(709253599689, 302166212631),
(709253599689, 303446224158),
(709253599689, 303560049848),
(709315531057, 304474265839),
(709315531057, 308838570037),
(709327131932, 301337468683),
(709327131932, 309907551292),
(709330700638, 302617850822),
(709330700638, 305531466915),
(709388857279, 304357909430),
(709388857279, 308199669616),
(709409552453, 300237135697),
(709409552453, 306641883024),
(709431459286, 301089920385),
(709479939552, 300989151533),
(709479939552, 307323972349),
(709497344551, 300964801350),
(709503312407, 303099531077),
(709570166084, 303446224158),
(709571103820, 303483998641),
(709571103820, 305086633228),
(709637856291, 307742723771),
(709650447906, 307461779918),
(709650599561, 305023906058),
(709678798077, 307879782836),
(709678798077, 308512699449),
(709697705503, 300941298089),
(709764293824, 303099531077),
(709764293824, 303288242632),
(709868453481, 308671880611),
(709870299428, 300411556322),
(709919473279, 308514448797);

-- --------------------------------------------------------

--
-- Table structure for table `PlanInNetwork`
--

CREATE TABLE IF NOT EXISTS `PlanInNetwork` (
  `PlanID` bigint(20) unsigned NOT NULL,
  `NetworkID` bigint(20) unsigned NOT NULL,
  PRIMARY KEY (`PlanID`,`NetworkID`),
  KEY `NetworkID` (`NetworkID`)
) ENGINE=InnoDB DEFAULT CHARSET=latin1;

--
-- Dumping data for table `PlanInNetwork`
--

INSERT INTO `PlanInNetwork` (`PlanID`, `NetworkID`) VALUES
(700064380707, 509416566577),
(700170742157, 503408189487),
(700170742157, 509279133639),
(700188539360, 504953393819),
(700199771733, 505139874610),
(700210818165, 501614383806),
(700210818165, 501711210565),
(700210818165, 509842479102),
(700254689847, 506091324547),
(700277418733, 507491465323),
(700284869081, 502914987456),
(700289413233, 508315357070),
(700289413233, 509876364202),
(700479086265, 505227985837),
(700564879429, 501941698606),
(700632724502, 508420416059),
(700667392939, 501529269658),
(700667392939, 503225811936),
(700720542870, 504209449319),
(700767852249, 500593836346),
(700767852249, 507189674455),
(700787712754, 500253184319),
(700787712754, 501201112267),
(700868821681, 505289860626),
(700868821681, 507907040917),
(701020019899, 501786085699),
(701020019899, 503073481883),
(701026329466, 500610629513),
(701067093165, 509128971665),
(701151271150, 506858555740),
(701345798460, 504511353440),
(701349003383, 501142211059),
(701349003383, 504850614679),
(701349003383, 509176403325),
(701394548200, 502338564169),
(701405693435, 501598318304),
(701409207878, 504979962340),
(701684922417, 504634646744),
(701684922417, 507101428910),
(701742745994, 507804249114),
(701742745994, 509062388002),
(701759480140, 503546504824),
(701759480140, 509176403325),
(701814021795, 509245060864),
(701891356776, 508283671377),
(702045746171, 502924425412),
(702062987281, 504706012961),
(702163359909, 506370882341),
(702178959092, 504041001518),
(702178959092, 506462873608),
(702178959092, 507804249114),
(702184427652, 506192974702),
(702210756485, 504482695547),
(702210756485, 505759756260),
(702210756485, 505783432767),
(702210756485, 505984687279),
(702210756485, 507108506069),
(702257372711, 505040075377),
(702305074707, 509722111279),
(702346886887, 501583808608),
(702346886887, 502405615211),
(702349375065, 505147239224),
(702381581832, 504953393819),
(702381581832, 505245092553),
(702545749459, 504990826239),
(702545749459, 508219488205),
(702676277021, 509876364202),
(702704665524, 501593562349),
(702704665524, 503213185353),
(702704665524, 507529576893),
(702706495863, 505891980266),
(702706495863, 508597062380),
(702709585899, 503805644207),
(702709585899, 506690511155),
(702723056061, 501219827522),
(702723056061, 509503403940),
(702741555107, 507344693095),
(702780268170, 500486140781),
(702789172104, 502827062429),
(702836729010, 501993852958),
(702908655086, 501393214287),
(702972285433, 505744192099),
(702998473038, 505727284835),
(702998473038, 509082611833),
(703208445162, 509842479102),
(703246701797, 502725888030),
(703246701797, 509062388002),
(703356724699, 501529269658),
(703365834211, 509930563218),
(703371111416, 503929806842),
(703388613704, 507139522135),
(703417385307, 506923017075),
(703480322725, 500984064880),
(703540311318, 501142211059),
(703753213959, 500214605549),
(703770039409, 504482695547),
(703824575520, 504397278972),
(703892191433, 508315357070),
(703942334290, 505491039916),
(704029817127, 505154206055),
(704029817127, 505311457759),
(704029817127, 509112515305),
(704129029498, 504173759474),
(704129029498, 507701196763),
(704171550347, 500214605549),
(704171550347, 502242834199),
(704171550347, 506370882341),
(704209430985, 504125611585),
(704209430985, 505319354687),
(704209430985, 506192974702),
(704214725137, 508965472016),
(704431398195, 500237573576),
(704501980912, 500593836346),
(704501980912, 507671490090),
(704561016785, 500031708843),
(704561016785, 506462873608),
(704568875124, 506462873608),
(704600924663, 505040075377),
(704600924663, 505147239224),
(704607867273, 500683981527),
(704607867273, 508597062380),
(704755459059, 506858555740),
(704769966808, 501393214287),
(704769966808, 506276377003),
(704813043029, 509279133639),
(704842358606, 500673013383),
(704900034750, 501614383806),
(704900034750, 502599639859),
(704900034750, 507344693095),
(705107445942, 500770936777),
(705107445942, 509503403940),
(705193403290, 506091324547),
(705386469407, 508408182218),
(705386469407, 508764869406),
(705618411940, 503333524242),
(705618411940, 505335051633),
(705647662068, 500984064880),
(705647662068, 502827062429),
(705650276525, 500237573576),
(705653127670, 507811094075),
(705674761981, 502821852550),
(705674761981, 506192974702),
(705674761981, 506970991260),
(705683901759, 509094248916),
(705760967178, 504261181988),
(705760967178, 505139874610),
(705808910771, 508251081373),
(705830142563, 509082611833),
(705913487441, 502532795793),
(705938050079, 504979962340),
(705959562378, 509895404422),
(705980230476, 509778771674),
(706013931048, 509483887590),
(706064351088, 508056905833),
(706085275300, 500610629513),
(706085275300, 505712745531),
(706130376611, 502652192639),
(706130376611, 504979962340),
(706157460718, 502821852550),
(706189638951, 505189110527),
(706216952951, 500673013383),
(706261400184, 500593836346),
(706261400184, 507491465323),
(706410196754, 506352262780),
(706438080549, 507671490090),
(706477284785, 508319442269),
(706543354318, 501595268994),
(706548188534, 505831909790),
(706559111543, 506970991260),
(706592947917, 503238465890),
(706592947917, 508736275221),
(706626199992, 503333524242),
(706626199992, 504065474864),
(706626199992, 509503403940),
(706707655943, 509416566577),
(706724004880, 506574142591),
(706860259369, 507011892605),
(706860259369, 509279133639),
(706926794715, 503213185353),
(706976746205, 508219488205),
(707108510904, 502652192639),
(707108510904, 507334144694),
(707126832774, 509307520505),
(707156504629, 505984500283),
(707237100777, 509427823864),
(707330445546, 508461878171),
(707336668892, 508420416059),
(707336668892, 509930563218),
(707379158906, 504209449319),
(707379158906, 506463385470),
(707398368200, 505157400542),
(707406592515, 505173688513),
(707406592515, 508420416059),
(707497950484, 504209449319),
(707556532331, 500610629513),
(707556532331, 507538077219),
(707563196428, 508251081373),
(707623727138, 508869386758),
(707925629239, 502437719265),
(707925629239, 502827062429),
(707979247816, 505454333102),
(708015289151, 501897100825),
(708019977073, 507496963529),
(708032915517, 502827062429),
(708139609223, 509842479102),
(708169848743, 501048775081),
(708192500235, 503812668789),
(708192500235, 507176922466),
(708248852643, 506112073290),
(708248852643, 509176403325),
(708304479929, 501463861556),
(708304479929, 503016898478),
(708307928407, 506574142591),
(708335398586, 508408182218),
(708374137060, 503073481883),
(708396025403, 509876364202),
(708476769781, 507189674455),
(708496145240, 505290693750),
(708496145240, 508770791269),
(708508835409, 506159366931),
(708508835409, 509452173157),
(708508835409, 509778771674),
(708594878232, 506159366931),
(708614051940, 505289860626),
(708639444570, 501673577336),
(708673064244, 501598318304),
(708673064244, 506923017075),
(708801571502, 502924425412),
(708801571502, 504979962340),
(708808133757, 500898331354),
(708808133757, 501145156116),
(708837794548, 505707881195),
(708839198901, 504732296023),
(708839198901, 507011892605),
(708960475694, 501048775081),
(708960475694, 506276377003),
(708960475694, 507176922466),
(709015914841, 502400303460),
(709027096090, 501463861556),
(709027096090, 506858555740),
(709059124851, 503682382341),
(709111971222, 506647991108),
(709158110791, 501897100825),
(709207985784, 506223193303),
(709207985784, 509842479102),
(709253599689, 507485540443),
(709315531057, 504990826239),
(709315531057, 505744192099),
(709323340754, 505984500283),
(709327131932, 509452173157),
(709330700638, 503843456720),
(709330700638, 508723541894),
(709330700638, 509279133639),
(709388857279, 500031708843),
(709388857279, 500195759321),
(709388857279, 502788256927),
(709409552453, 505040075377),
(709409552453, 505987332838),
(709409552453, 509082611833),
(709416988997, 504511353440),
(709431459286, 500237573576),
(709431459286, 507189674455),
(709431459286, 509561364750),
(709479939552, 503228770594),
(709479939552, 504173759474),
(709497344551, 506463385470),
(709503312407, 505984500283),
(709570166084, 507139522135),
(709621306426, 505245092553),
(709621306426, 506276377003),
(709637856291, 509930563218),
(709650447906, 504634646744),
(709650447906, 507011892605),
(709650599561, 501786085699),
(709650599561, 503546504824),
(709650599561, 507804249114),
(709667508173, 506858555740),
(709678798077, 504979962340),
(709678798077, 505139874610),
(709697705503, 501145156116),
(709697705503, 506806459092),
(709697705503, 508420416059),
(709850496566, 501257566272),
(709868453481, 508056905833),
(709870299428, 501711210565),
(709873560474, 506169662600),
(709919473279, 503095928977),
(709919473279, 504466054447),
(709919473279, 505315067702),
(709919473279, 509459801157);

-- --------------------------------------------------------

--
-- Table structure for table `SSDD`
--

CREATE TABLE IF NOT EXISTS `SSDD` (
  `PatientID` bigint(20) unsigned DEFAULT NULL,
  `DrID` bigint(20) unsigned DEFAULT NULL,
  KEY `PatientID` (`PatientID`),
  KEY `DrID` (`DrID`)
) ENGINE=InnoDB DEFAULT CHARSET=latin1;

--
-- Dumping data for table `SSDD`
--

INSERT INTO `SSDD` (`PatientID`, `DrID`) VALUES
(103184938921, 201310808193),
(103626410485, 203933145490),
(108471021719, 205842129156),
(104827115543, 209016590369),
(100117405615, 205148736295),
(108302686943, 207358696134),
(102847978934, 200795791039),
(108876202067, 204747065685),
(100653102335, 208362564078),
(105572822093, 207777292747),
(101688483950, 204741227335),
(106939485323, 206089464012),
(105287814663, 208248910618),
(101362951329, 200690551334),
(105604001233, 208103280198),
(104265192996, 204124635196),
(108746434771, 208433386843),
(104759677856, 207409231214),
(104812214621, 208707992296),
(108630392917, 200662873579),
(106661685713, 207304198441),
(107620269686, 207674815964),
(108751676216, 201560465212),
(106144124859, 203726167832),
(109169990046, 204157934123),
(102265980137, 204754306636),
(102672803798, 205842129156),
(106836203450, 201167967720),
(107333607444, 208062005088),
(108898078240, 204493334210),
(102133052877, 201560465212),
(109736647384, 209929851072),
(109742837686, 207358696134),
(109694007627, 208737607939),
(109953619507, 203312855213),
(101117040278, 200871150286),
(108890352675, 203312855213),
(108120341606, 204393710728),
(104959565780, 209644326541),
(109847871606, 202108648821),
(102489082230, 200062391053),
(100610580250, 207508617736),
(100916357169, 207674815964),
(102705295939, 206649916479),
(100207244961, 203597621743),
(109394477169, 204213943232),
(107459768171, 203578554553),
(107303246643, 207094412473),
(100272295479, 203922965091),
(108748539955, 204747065685),
(102539654186, 205842129156),
(104924439984, 200461594303),
(101137740307, 201436911543),
(101997950268, 202150254902),
(109052626155, 203710351006),
(109938779470, 204904455377),
(106663925979, 209318300160),
(104938501332, 204157934123),
(100507714775, 207972759686),
(104756354622, 204157934123),
(100608285313, 208062005088),
(109372419234, 209318300160),
(103589699105, 204493334210),
(104108060080, 201167967720),
(101005874461, 207080588093),
(107178550727, 201560465212),
(106593766146, 209886360587),
(107999983940, 207409231214),
(106425207240, 202302532789),
(100052712201, 200493879901),
(109134086528, 204088833419),
(109540315560, 200540261232),
(103206584471, 203371938031),
(105459183729, 208162338265),
(101851110101, 202150254902),
(100101938815, 202914954845),
(104168521304, 208355565947),
(104061576928, 209923303153),
(100955709897, 200799491337),
(109752397048, 203312855213),
(105002733166, 205799473071),
(106474778748, 203808972958),
(108395356521, 200048175728),
(105604252564, 207628620005),
(107353169427, 206435793917),
(100519028090, 203632022918),
(104436578307, 200816665686),
(102779605955, 203632022918),
(101343589362, 205178421317),
(102026757435, 209725494486),
(103843825610, 207357383565),
(104342752200, 201000717716),
(106904110982, 201582466962),
(108713996003, 206138660474),
(108289481209, 208312411850),
(102301957814, 203126374102),
(108271923843, 202190805057),
(102508006922, 209104394196),
(106894501832, 202656673134),
(107913529932, 200569304338),
(102504659292, 205851855296),
(106679495531, 203922965091),
(102311984509, 201971797091),
(104457259684, 208162338265),
(104963543583, 200540261232),
(107155957210, 207080588093),
(103725678446, 204021233655),
(106998926533, 202513359943),
(104422086935, 207556925043),
(103214491225, 206914280689),
(105480773708, 204124635196),
(108666824040, 207049479879),
(102346324724, 203808972958),
(106339211340, 205432004552),
(107567355602, 203669348281),
(108879933272, 201571915238),
(104750721231, 200896515301),
(101900551237, 208482109361),
(103665564845, 201091184076),
(104193286710, 200312096689),
(106156492047, 206403275362),
(108205896606, 207049479879),
(100184650500, 209942931766),
(106631688033, 204653481887),
(107645362897, 201924417195),
(103582843758, 205769648915),
(104350234894, 204234236218),
(100256866211, 202304345600),
(102543817401, 209754168643),
(107066795835, 203608397513),
(108555261390, 202362133015),
(109167411063, 201959775137),
(107883897717, 205361096276),
(100510351116, 208482109361),
(109553576664, 207077151857),
(104990061871, 200030102035),
(107416527743, 204969158229),
(105413164653, 206649916479),
(106134927760, 203991354173),
(106612764542, 205432004552),
(105562597182, 205262642031),
(104492784164, 209280654334),
(104707755227, 205898529670),
(106305742058, 207052421813),
(103269866486, 205310458534),
(103849735426, 204005231915),
(104753848563, 205555920632),
(104648206198, 203165384662),
(107033318353, 207413080663),
(105771421067, 207077151857),
(100769989517, 207304198441),
(101732235138, 201890278238),
(109840501282, 205262642031),
(100411774673, 201925843224),
(101669740055, 200437975418),
(108221865872, 207070919805),
(103975886723, 208334123605),
(107952547007, 209875951480),
(107173339159, 200030102035),
(102068356481, 206439299720),
(104358122510, 207628620005),
(102151660742, 208248910618),
(104083000295, 203304925895),
(107379215847, 208324735465),
(100448782390, 201839679284),
(109869556695, 207409231214),
(108226946653, 205178421317),
(100056343178, 208334123605),
(100363357029, 208363126238),
(103815763109, 206250014570),
(102049947659, 200048175728),
(105856785688, 201839679284),
(101959076233, 209447440878),
(101274248375, 206914280689),
(101287963559, 205899437694),
(107017896074, 201705862865),
(105779677512, 201797976318),
(107295997863, 206439299720),
(100066109630, 201925843224),
(104344951553, 205899437694),
(105618578623, 204393710728),
(102744583659, 208951249245),
(100403178474, 203423517947),
(104172516858, 204124635196),
(104339275231, 202273410559),
(108571800866, 209539242625),
(103241290726, 206982530350),
(101541617763, 207972759686),
(105805171677, 208103280198),
(108174061421, 206446770932),
(100799576981, 200799491337),
(106481206591, 204021233655),
(102688870608, 204213943232),
(101587103141, 209318300160),
(109406829460, 209051278036),
(105453394405, 205279807022),
(107071669062, 204904455377),
(108911309232, 209517531627),
(109952466243, 202507840425),
(105502423503, 206446770932),
(101021963389, 201582466962),
(108785040570, 206294935452),
(100648677342, 206960038617),
(100374733036, 202362133015),
(100582313556, 207508617736),
(104761507565, 201051281396),
(103827196170, 204242024361),
(108353550485, 201560465212),
(105891673717, 209539242625),
(106798537399, 200862271914),
(101640925687, 202304345600),
(103707107539, 200984813246),
(106198328052, 201491477705),
(102853431017, 209923303153),
(103616832694, 201491477705),
(103937542462, 207049479879),
(109548499113, 209574995838),
(109051231164, 207358696134),
(100274093029, 208433386843),
(106159178622, 204747065685),
(106854556258, 201979072762),
(100097879930, 203078348877),
(107812554013, 200236267692),
(100529134923, 204393710728),
(109876828272, 206649916479),
(107293810428, 200236267692),
(106684643113, 208737607939),
(107930071890, 200113738460),
(105555644583, 205377961406),
(102281731106, 204240215911),
(106650026430, 206099088126),
(100261759926, 204124635196),
(105676980165, 202302532789),
(108881423722, 208088852417),
(100654763025, 206914280689),
(103952304334, 200871150286),
(108725308145, 204393710728),
(106680346148, 201839679284),
(107608260806, 204157934123),
(108878871495, 209680756548),
(100743966614, 207304198441),
(107468446020, 201386769168),
(108789327402, 202137338317),
(103037373055, 205899437694),
(102804041859, 205310458534),
(104155456637, 201439726142),
(107350930573, 200062391053),
(101259124260, 207058071760),
(108301158048, 208103280198),
(102155718530, 206089464012),
(109326295179, 201811657507),
(106770347939, 200618066225),
(101605614829, 204021233655),
(108371414903, 209318300160),
(100527003718, 207049479879),
(105644818902, 207508617736),
(102806449361, 209517531627),
(102127449585, 204493334210),
(102530399728, 201051281396),
(109008495921, 201002216143),
(101507683214, 203590751100),
(102371197185, 207351527834),
(109297650097, 202326979659),
(107212864077, 201000717716),
(107558298576, 208256577133),
(105923213608, 209051278036),
(107877420817, 206914280689),
(102338307828, 207456624073),
(109220911907, 208088852417),
(102264929235, 201890278238),
(104152056425, 201610103822),
(108574716006, 201925843224),
(106636265078, 201797976318),
(100352322666, 206439299720),
(103855103969, 203830767112),
(101794475323, 209923303153),
(106127691551, 207628620005),
(104651239761, 201002216143),
(108126203518, 207556925043),
(101943991616, 205555920632),
(102479513193, 202108648821),
(104670113340, 205842129156),
(103755321414, 200437975418),
(103585992036, 200194822294),
(106028204177, 209725494486),
(105317022653, 208334123605),
(107589222524, 201436911543),
(109260953334, 205361096276),
(107530812688, 208569022387),
(106564719540, 201971797091);

-- --------------------------------------------------------

--
-- Table structure for table `SSDH`
--

CREATE TABLE IF NOT EXISTS `SSDH` (
  `PatientID` bigint(20) unsigned NOT NULL,
  `HospitalID` bigint(20) unsigned NOT NULL,
  PRIMARY KEY (`PatientID`,`HospitalID`),
  KEY `HospitalID` (`HospitalID`)
) ENGINE=InnoDB DEFAULT CHARSET=latin1;

--
-- Dumping data for table `SSDH`
--

INSERT INTO `SSDH` (`PatientID`, `HospitalID`) VALUES
(100052712201, 403362444751),
(100056343178, 403834720402),
(100066109630, 406375846559),
(100097879930, 402209651363),
(100101938815, 400487887416),
(100117405615, 409716554326),
(100184650500, 404460985443),
(100207244961, 409967794367),
(100256866211, 401834257923),
(100261759926, 403748002375),
(100272295479, 405645275921),
(100274093029, 402404207019),
(100352322666, 401077482040),
(100363357029, 404474441795),
(100374733036, 404027241362),
(100403178474, 401725566567),
(100411774673, 406782846562),
(100448782390, 402524288027),
(100507714775, 407349570570),
(100510351116, 409716554326),
(100519028090, 403291981742),
(100527003718, 406698591102),
(100529134923, 402800062701),
(100582313556, 409997770046),
(100608285313, 401929001507),
(100610580250, 401695709854),
(100648677342, 400816745190),
(100653102335, 404915594264),
(100654763025, 401042196199),
(100743966614, 409285130466),
(100769989517, 409657553501),
(100799576981, 401837644995),
(100916357169, 401671439269),
(100955709897, 400487887416),
(101005874461, 402742046702),
(101021963389, 405300614767),
(101117040278, 407581914123),
(101137740307, 403922911168),
(101259124260, 401639956724),
(101274248375, 409427906808),
(101287963559, 406071138118),
(101343589362, 401639956724),
(101362951329, 408452327517),
(101507683214, 404915594264),
(101541617763, 409820959384),
(101587103141, 402007362829),
(101605614829, 400042132249),
(101640925687, 402993822378),
(101669740055, 409158900552),
(101688483950, 400127123414),
(101732235138, 405533920420),
(101794475323, 404308191580),
(101851110101, 407581914123),
(101900551237, 406782846562),
(101943991616, 401725566567),
(101959076233, 400816745190),
(101997950268, 405677041508),
(102026757435, 400472222375),
(102049947659, 403922911168),
(102068356481, 402298593798),
(102127449585, 404561731558),
(102133052877, 409878089751),
(102151660742, 404971600945),
(102155718530, 401588620025),
(102264929235, 400526673667),
(102265980137, 401113102599),
(102281731106, 407747611474),
(102301957814, 407775997132),
(102311984509, 407463286125),
(102338307828, 405232284048),
(102346324724, 401929001507),
(102371197185, 403007517119),
(102479513193, 404184560786),
(102489082230, 407112283147),
(102504659292, 407972561506),
(102508006922, 403237599961),
(102530399728, 401042196199),
(102539654186, 402615448330),
(102543817401, 407833185539),
(102672803798, 401898353964),
(102688870608, 401130052338),
(102705295939, 401113102599),
(102744583659, 402467979932),
(102779605955, 403012640560),
(102804041859, 403189735462),
(102806449361, 405435393058),
(102847978934, 409604004370),
(102853431017, 406304312011),
(103037373055, 402134886686),
(103184938921, 404915594264),
(103206584471, 404281071518),
(103214491225, 405794816761),
(103241290726, 407016534776),
(103269866486, 402495755588),
(103582843758, 408060834856),
(103585992036, 402707712783),
(103589699105, 409402641903),
(103616832694, 404752563273),
(103626410485, 401340594304),
(103665564845, 405017618764),
(103707107539, 402130586184),
(103725678446, 402298593798),
(103755321414, 403356882981),
(103815763109, 407833185539),
(103827196170, 408446752772),
(103843825610, 407833185539),
(103849735426, 400472222375),
(103855103969, 407262356512),
(103937542462, 405794816761),
(103952304334, 407080209407),
(103975886723, 409991131862),
(104061576928, 404706831249),
(104083000295, 407045443172),
(104108060080, 408773101921),
(104152056425, 402993822378),
(104155456637, 401340594304),
(104168521304, 401770086775),
(104172516858, 400757998517),
(104193286710, 402993822378),
(104265192996, 409820959384),
(104339275231, 402298593798),
(104342752200, 405585623568),
(104344951553, 401398222683),
(104350234894, 406679308448),
(104358122510, 403155442561),
(104422086935, 404281071518),
(104436578307, 408032757355),
(104457259684, 405044911719),
(104492784164, 403654831761),
(104648206198, 408773101921),
(104651239761, 404915594264),
(104670113340, 404322817845),
(104707755227, 401146199211),
(104750721231, 409909802148),
(104753848563, 406325542765),
(104756354622, 403189578816),
(104759677856, 409909802148),
(104761507565, 405628598623),
(104812214621, 408806329505),
(104827115543, 404348639673),
(104924439984, 407102583397),
(104938501332, 405376737073),
(104959565780, 408806329505),
(104963543583, 403259942118),
(104990061871, 403595777029),
(105002733166, 400370207379),
(105287814663, 401834257923),
(105317022653, 405044911719),
(105413164653, 409246481872),
(105453394405, 404895923346),
(105459183729, 408362467122),
(105480773708, 401898353964),
(105502423503, 401476392078),
(105555644583, 401843607478),
(105562597182, 402845826754),
(105572822093, 406100581876),
(105604001233, 403012640560),
(105604252564, 407581914123),
(105618578623, 408060834856),
(105644818902, 403362444751),
(105676980165, 400526673667),
(105771421067, 403246036133),
(105779677512, 400934056041),
(105805171677, 407638440528),
(105856785688, 409402641903),
(105891673717, 406421517693),
(105923213608, 409847323604),
(106028204177, 408530980703),
(106127691551, 407164593394),
(106134927760, 407059225714),
(106144124859, 400934056041),
(106156492047, 407999241547),
(106159178622, 403748002375),
(106198328052, 405458299262),
(106305742058, 404308191580),
(106339211340, 409251059926),
(106425207240, 409657553501),
(106474778748, 402860688038),
(106481206591, 404228806493),
(106564719540, 406304312011),
(106593766146, 402467979932),
(106612764542, 404915594264),
(106631688033, 408050300879),
(106636265078, 400087395231),
(106650026430, 400127123414),
(106661685713, 405390175254),
(106663925979, 402191144179),
(106679495531, 401340594304),
(106680346148, 405030231542),
(106684643113, 401034662428),
(106770347939, 404460985443),
(106798537399, 409427906808),
(106836203450, 401171230226),
(106854556258, 406314305489),
(106894501832, 405783199220),
(106904110982, 401843607478),
(106939485323, 409909802148),
(106998926533, 406698591102),
(107017896074, 404971600945),
(107033318353, 406556993772),
(107066795835, 404752563273),
(107071669062, 405642486118),
(107155957210, 407061741672),
(107173339159, 407422691686),
(107178550727, 402209651363),
(107212864077, 402927610370),
(107293810428, 409204697806),
(107295997863, 407045443172),
(107303246643, 404098370372),
(107333607444, 404704197408),
(107350930573, 405376737073),
(107353169427, 405232284048),
(107379215847, 405376737073),
(107416527743, 408452327517),
(107459768171, 402993822378),
(107468446020, 408371965489),
(107530812688, 402209651363),
(107558298576, 409604004370),
(107567355602, 401146199211),
(107589222524, 409657553501),
(107608260806, 402041095592),
(107620269686, 405017618764),
(107645362897, 405044911719),
(107812554013, 407164593394),
(107877420817, 405390175254),
(107883897717, 407349570570),
(107913529932, 407022762022),
(107930071890, 407161694274),
(107952547007, 407256379921),
(107999983940, 409091594273),
(108120341606, 407638440528),
(108126203518, 402993822378),
(108174061421, 402763387873),
(108205896606, 402845826754),
(108221865872, 405533920420),
(108226946653, 409988624435),
(108271923843, 401394248572),
(108289481209, 407833185539),
(108301158048, 407747611474),
(108302686943, 404228806493),
(108353550485, 403275203274),
(108371414903, 405585623568),
(108395356521, 404872244445),
(108471021719, 400370207379),
(108555261390, 400526673667),
(108571800866, 405300614767),
(108574716006, 403687908517),
(108630392917, 407798867626),
(108666824040, 400762539540),
(108713996003, 404971600945),
(108725308145, 400472222375),
(108746434771, 408371308522),
(108748539955, 407061741672),
(108751676216, 405044911719),
(108785040570, 401725566567),
(108789327402, 404752563273),
(108876202067, 405642486118),
(108878871495, 402233607698),
(108879933272, 407972561506),
(108881423722, 405309405116),
(108890352675, 403007517119),
(108898078240, 409107562452),
(108911309232, 403012640560),
(109008495921, 409909802148),
(109051231164, 403237599961),
(109052626155, 403007517119),
(109134086528, 401130052338),
(109167411063, 404569859947),
(109169990046, 400766556920),
(109220911907, 404915594264),
(109260953334, 403189735462),
(109297650097, 402059808821),
(109326295179, 405390175254),
(109372419234, 401868441982),
(109394477169, 401898353964),
(109406829460, 403220251693),
(109540315560, 400472222375),
(109548499113, 401868441982),
(109553576664, 405677041508),
(109694007627, 402298593798),
(109736647384, 409427906808),
(109742837686, 407463286125),
(109752397048, 404027241362),
(109840501282, 408050300879),
(109847871606, 401302834779),
(109869556695, 400370207379),
(109876828272, 409847323604),
(109938779470, 409246481872),
(109952466243, 404376265661),
(109953619507, 406679308448);

-- --------------------------------------------------------

--
-- Table structure for table `SSDL`
--

CREATE TABLE IF NOT EXISTS `SSDL` (
  `PatientID` bigint(20) unsigned DEFAULT NULL,
  `LabID` bigint(20) unsigned DEFAULT NULL,
  KEY `PatientID` (`PatientID`),
  KEY `LabID` (`LabID`)
) ENGINE=InnoDB DEFAULT CHARSET=latin1;

--
-- Dumping data for table `SSDL`
--

INSERT INTO `SSDL` (`PatientID`, `LabID`) VALUES
(106127691551, 134860174585),
(103937542462, 130033385461),
(102539654186, 133107245045),
(100610580250, 138448907208),
(108289481209, 134110991239),
(102479513193, 136942209471),
(107303246643, 134998681840),
(104707755227, 135414740829),
(109326295179, 133732776264),
(102049947659, 131514846550),
(105480773708, 132555173339),
(108876202067, 133340073848),
(109736647384, 133282690090),
(102155718530, 136192363491),
(107459768171, 138565873842),
(104358122510, 138020172857),
(109008495921, 133310007625),
(106144124859, 133310007625),
(102853431017, 139260489908),
(105618578623, 136065707239),
(109134086528, 138601025972),
(102508006922, 133710239381),
(109742837686, 130225593678),
(103626410485, 136059952761),
(108205896606, 130484472837),
(107071669062, 135316690649),
(106593766146, 130815023451),
(107212864077, 135675832695),
(108395356521, 139645590045),
(106854556258, 134131073684),
(106650026430, 139327680487),
(106474778748, 132555173339),
(106684643113, 136821921444),
(104422086935, 138126852704),
(100272295479, 131367351244),
(100654763025, 138381265128),
(103952304334, 139645590045),
(109169990046, 130797413785),
(100363357029, 131994812246),
(104924439984, 138020172857),
(103206584471, 131600489728),
(101959076233, 130914819988),
(101587103141, 138781905388),
(107178550727, 137030946544),
(105413164653, 130671186301),
(102068356481, 131186608378),
(106836203450, 132046235150),
(100799576981, 135114082513),
(100261759926, 134860174585),
(102133052877, 139436125651),
(100529134923, 135430950571),
(102311984509, 132408450533),
(101541617763, 133486142159),
(105604001233, 136192363491),
(109372419234, 139673785687),
(101274248375, 136059952761),
(104670113340, 135584895617),
(104339275231, 134752514232),
(106631688033, 130135144605),
(103241290726, 138697392932),
(103975886723, 137877328508),
(109540315560, 138781905388),
(103616832694, 131986319118),
(102151660742, 136059952761),
(104152056425, 136707885459),
(101732235138, 130272190619),
(100374733036, 130658021952),
(102705295939, 130914819988),
(100052712201, 135414740829),
(103665564845, 134031627411),
(109952466243, 131046287775),
(107066795835, 137030946544),
(109847871606, 139260489908),
(107645362897, 135387044135),
(101900551237, 134785061436),
(105923213608, 132149979977),
(108725308145, 132320004183),
(100207244961, 135078143376),
(109938779470, 130797413785),
(106679495531, 135833569966),
(106661685713, 132470222465),
(102264929235, 138381265128),
(108881423722, 139297445293),
(100510351116, 131545805935),
(109752397048, 138636798806),
(105555644583, 132677928757),
(102504659292, 135078143376),
(104756354622, 130808055444),
(101605614829, 131707483494),
(104108060080, 135235134013),
(100955709897, 136942272146),
(105771421067, 134948157460),
(101005874461, 133509689490),
(103269866486, 133255724631),
(104344951553, 135414740829),
(102338307828, 139244636144),
(108371414903, 133237146150),
(109260953334, 138043323529),
(107353169427, 139244636144),
(102281731106, 134752514232),
(100352322666, 132943316320),
(109869556695, 136446048885),
(109953619507, 130658021952),
(107913529932, 130272190619),
(104342752200, 132920485010),
(108748539955, 137021972870),
(108302686943, 136572896993),
(100507714775, 133237146150),
(101021963389, 139002127417),
(108666824040, 131394938095),
(108878871495, 138766908180),
(108221865872, 133107245045),
(109694007627, 136221267577),
(107608260806, 134860174585),
(100117405615, 131186608378),
(104061576928, 133509689490),
(108271923843, 131566847597),
(102265980137, 130012358837),
(105459183729, 131514846550),
(107530812688, 130272190619),
(100916357169, 132316332584),
(100411774673, 130448907240),
(100403178474, 130225593678),
(101137740307, 132988215623),
(106159178622, 133254547994),
(102301957814, 136104242823),
(108574716006, 133107245045),
(104083000295, 139542254855),
(106612764542, 139824566646),
(104172516858, 139698098781),
(106305742058, 131362957928),
(105805171677, 133173249956),
(108789327402, 130815023451),
(109840501282, 138722330158),
(103582843758, 133710239381),
(108746434771, 138766908180),
(106680346148, 139159561850),
(109051231164, 137850072008),
(109220911907, 136707885459),
(102688870608, 137408326261),
(104812214621, 131267388664),
(104436578307, 136934725873),
(103855103969, 133560623818),
(108890352675, 139542254855),
(108301158048, 138043323529),
(101794475323, 130106286798),
(104827115543, 136729411253),
(101117040278, 138815591441),
(107567355602, 139631965922),
(107155957210, 131928449128),
(104753848563, 139167898477),
(104750721231, 137761245465),
(101343589362, 138537426447),
(108471021719, 139167898477),
(103755321414, 135430950571),
(103589699105, 138579269529),
(106939485323, 139092937252),
(101688483950, 130671186301),
(107295997863, 135202361455),
(108555261390, 138448907208),
(103725678446, 135316690649),
(106028204177, 138029401431),
(106425207240, 133486142159),
(108353550485, 130012358837),
(104963543583, 134996732554),
(100256866211, 138506256198),
(103843825610, 130439199582),
(104168521304, 132149979977),
(103849735426, 138259727240),
(102806449361, 131986319118),
(101669740055, 134820648372),
(104959565780, 135235134013),
(104155456637, 131450081627),
(105572822093, 138279585421),
(106156492047, 137133163033),
(104492784164, 138028990248),
(100056343178, 134985710195),
(107877420817, 135181735602),
(100527003718, 137729544065),
(108898078240, 132542805136),
(101362951329, 132320004183),
(105502423503, 130272190619),
(100066109630, 131964206694),
(104648206198, 130271080362),
(106663925979, 134798285045),
(108713996003, 137786728051),
(107999983940, 132036533331),
(102371197185, 133898229760),
(109876828272, 135114082513),
(101507683214, 137024997048),
(106564719540, 131451159420),
(107379215847, 138159105814),
(107812554013, 131545805935),
(108571800866, 130135144605),
(107173339159, 138579269529),
(104990061871, 133560623818),
(104350234894, 136942675130),
(107589222524, 139167898477),
(104457259684, 132902127984),
(107883897717, 136211817374),
(103184938921, 134948157460),
(105317022653, 130484472837),
(100769989517, 136707885459),
(103827196170, 138029401431),
(106770347939, 139542254855),
(102847978934, 138537426447),
(107620269686, 132555173339),
(106339211340, 136942209471),
(100743966614, 132542805136),
(107017896074, 139027185571),
(108751676216, 137408326261),
(109553576664, 139631965922),
(104759677856, 136221267577),
(100653102335, 130135144605),
(104761507565, 132570583093),
(107293810428, 131679255578),
(104938501332, 139708612322),
(109406829460, 136990158057),
(105002733166, 133237146150),
(100101938815, 138781905388),
(107952547007, 132550060024),
(104265192996, 137070144491),
(107333607444, 139477244385),
(107468446020, 134998678000),
(103037373055, 136821921444),
(102026757435, 132470222465),
(102543817401, 135938430932),
(100184650500, 133015810539),
(109394477169, 136059952761),
(102127449585, 131450081627),
(100582313556, 135414740829),
(105562597182, 135387044135),
(108226946653, 130135144605),
(103214491225, 139542254855),
(105676980165, 138718683064),
(100519028090, 138579269529),
(108174061421, 139144536238),
(101997950268, 130012358837),
(105856785688, 131707483494),
(106894501832, 138687799133),
(107416527743, 138381265128),
(100274093029, 138020172857),
(106134927760, 138977620076),
(108120341606, 135584895617),
(101640925687, 135887233954),
(108630392917, 138150734593),
(105779677512, 134099582075),
(108785040570, 130808055444),
(109297650097, 131644684744),
(102804041859, 133237146150),
(108879933272, 136281447597),
(107930071890, 134895817505),
(100448782390, 138543005798),
(100648677342, 130797413785),
(100608285313, 137830308511),
(109167411063, 138687799133),
(106998926533, 132988215623),
(102346324724, 130916731057),
(108911309232, 132408450533),
(101851110101, 135675832695),
(101287963559, 137670418010),
(106481206591, 137658484844),
(105891673717, 133282690090),
(104651239761, 134379163551),
(105453394405, 136192363491),
(101259124260, 136059379366),
(100097879930, 138013638934),
(108126203518, 134072146065),
(104193286710, 130448907240),
(102530399728, 132267088307),
(105644818902, 138781905388),
(109548499113, 135604459883),
(107033318353, 131082215928),
(105287814663, 130012358837),
(106798537399, 130658021952),
(102489082230, 139297445293),
(103815763109, 136966458071),
(106636265078, 138279585421),
(101943991616, 134915359751),
(107558298576, 131545805935),
(106904110982, 132408450533),
(107350930573, 134379163551),
(105604252564, 131456480959),
(103585992036, 137478252248),
(106198328052, 138537426447),
(102779605955, 137482797309),
(102672803798, 131596032740),
(103707107539, 138381265128),
(109052626155, 138465128585),
(102744583659, 132149979977);

-- --------------------------------------------------------

--
-- Table structure for table `SSDO`
--

CREATE TABLE IF NOT EXISTS `SSDO` (
  `PatientID` bigint(20) unsigned NOT NULL,
  `PharmacyID` bigint(20) unsigned NOT NULL,
  `PlanID` bigint(20) unsigned NOT NULL,
  PRIMARY KEY (`PatientID`,`PharmacyID`,`PlanID`),
  KEY `PharmacyID` (`PharmacyID`),
  KEY `PlanID` (`PlanID`)
) ENGINE=InnoDB DEFAULT CHARSET=latin1;

--
-- Dumping data for table `SSDO`
--

INSERT INTO `SSDO` (`PatientID`, `PharmacyID`, `PlanID`) VALUES
(100052712201, 809239128886, 708384758806),
(100056343178, 801673946785, 709497344551),
(100066109630, 807097137935, 706130376611),
(100097879930, 806292680828, 708839198901),
(100101938815, 806847346572, 707934621485),
(100117405615, 800355320714, 709650599561),
(100184650500, 802156510843, 704276024110),
(100207244961, 802757454299, 703086529670),
(100256866211, 808755123391, 704431398195),
(100261759926, 805386587723, 707979247816),
(100272295479, 803724893259, 705653127670),
(100274093029, 807710245507, 708496145240),
(100352322666, 808660310264, 707665741828),
(100363357029, 808906397969, 701814021795),
(100374733036, 806847346572, 702998473038),
(100403178474, 802417773444, 706013931048),
(100411774673, 801017255975, 708015289151),
(100448782390, 802417773444, 704051615043),
(100507714775, 805418024031, 703209691142),
(100510351116, 805871639120, 708169848743),
(100519028090, 803301116862, 708808133757),
(100527003718, 809169748712, 703365834211),
(100529134923, 807644052365, 702210756485),
(100582313556, 804075734678, 705002262485),
(100608285313, 807561687463, 702303410628),
(100610580250, 805990562897, 701814021795),
(100648677342, 807418409130, 707623727138),
(100653102335, 807069767949, 707489935504),
(100654763025, 805486214504, 706548188534),
(100743966614, 804369995210, 701420766039),
(100769989517, 809169748712, 709111971222),
(100799576981, 803270947561, 709327131932),
(100916357169, 808254728883, 708065459771),
(100955709897, 806284930417, 709667508173),
(101005874461, 803724893259, 703365834211),
(101021963389, 806258475534, 707665741828),
(101117040278, 808447372672, 700019348374),
(101137740307, 809201387470, 703305734431),
(101259124260, 809725672895, 706626199992),
(101274248375, 809016989351, 701000896341),
(101287963559, 804156580531, 701409207878),
(101343589362, 804570568752, 704230221756),
(101362951329, 809607813197, 703380644065),
(101507683214, 809915625002, 704230221756),
(101541617763, 807561687463, 700787712754),
(101587103141, 802043257281, 702709585899),
(101605614829, 806632853269, 704410184187),
(101640925687, 801608206376, 700667392939),
(101669740055, 804656411816, 709764293824),
(101688483950, 800545765485, 704678790687),
(101732235138, 803660372390, 701334146518),
(101794475323, 801565165219, 709015914841),
(101851110101, 801350546420, 709919473279),
(101900551237, 801280454796, 708285587330),
(101943991616, 802856330986, 705002262485),
(101959076233, 801557814796, 708196361429),
(101997950268, 807483772231, 700260252966),
(102026757435, 809982321309, 708837794548),
(102049947659, 808660310264, 700476486645),
(102068356481, 800645344409, 703388613704),
(102127449585, 809030855905, 702918555379),
(102133052877, 800097888050, 709764293824),
(102151660742, 808106534783, 702756134368),
(102155718530, 805824920227, 704607867273),
(102264929235, 800700284651, 700260252966),
(102265980137, 800329166475, 701334146518),
(102281731106, 805195020280, 709868453481),
(102301957814, 806417318302, 706543354318),
(102311984509, 808813876337, 707379158906),
(102338307828, 806258475534, 705537759530),
(102346324724, 802742038240, 708167938577),
(102371197185, 807217596493, 702704665524),
(102479513193, 806905064495, 700479086265),
(102489082230, 807561687463, 709873560474),
(102504659292, 802201484000, 703480322725),
(102508006922, 806975205410, 705364582409),
(102530399728, 805418024031, 702045746171),
(102539654186, 807912701646, 708285587330),
(102543817401, 803724893259, 709032148356),
(102672803798, 804260310845, 709409552453),
(102688870608, 809251909455, 704171550347),
(102705295939, 805303998044, 704842358606),
(102744583659, 802220374891, 703595879157),
(102779605955, 804672397306, 709621306426),
(102804041859, 802429094891, 703892191433),
(102806449361, 803558823485, 701099810293),
(102847978934, 804853364918, 705386469407),
(102853431017, 800520459201, 702545749459),
(103037373055, 805828028330, 707398368200),
(103184938921, 806929416977, 705830142563),
(103206584471, 804369995210, 705653127670),
(103214491225, 806435978890, 704607970402),
(103241290726, 801565165219, 706860259369),
(103269866486, 806053658537, 707979247816),
(103582843758, 806292680828, 707336668892),
(103585992036, 807513742746, 704501980912),
(103589699105, 803293232111, 702305074707),
(103616832694, 808553561590, 706976746205),
(103626410485, 806280666716, 707979247816),
(103665564845, 805390829257, 706976746205),
(103707107539, 807476999219, 708426463562),
(103725678446, 807653894910, 701405693435),
(103755321414, 809016989351, 705830142563),
(103815763109, 801130578814, 701594591227),
(103827196170, 802417773444, 701405693435),
(103843825610, 809915625002, 708304479929),
(103849735426, 804040122277, 709329632990),
(103855103969, 801047285346, 708285587330),
(103937542462, 802664983062, 702163359909),
(103952304334, 800334683849, 701345798460),
(103975886723, 809016989351, 702349375065),
(104061576928, 804270615626, 709497344551),
(104083000295, 806485807623, 704276024110),
(104108060080, 809092414702, 707329002562),
(104152056425, 809553449563, 704900034750),
(104155456637, 807710245507, 704755459059),
(104168521304, 805145450895, 709059124851),
(104172516858, 800345135207, 709870299428),
(104193286710, 802243455922, 707237100777),
(104265192996, 803894178278, 704900034750),
(104339275231, 807790760837, 709678798077),
(104342752200, 800700284651, 708729087689),
(104344951553, 809362268061, 703371111416),
(104350234894, 809725672895, 702704665524),
(104358122510, 808372053881, 701405693435),
(104422086935, 809251909455, 708065459771),
(104436578307, 800345135207, 709764293824),
(104457259684, 803488716542, 703305734431),
(104492784164, 808779766450, 701405693435),
(104648206198, 806053658537, 701814021795),
(104651239761, 809092414702, 702184427652),
(104670113340, 809386458759, 705095551398),
(104707755227, 806485807623, 700720542870),
(104750721231, 802373878506, 706438080549),
(104753848563, 806847346572, 708313795825),
(104756354622, 801875785270, 701026329466),
(104759677856, 808755123391, 704410184187),
(104761507565, 802723332191, 700564879429),
(104812214621, 809778278342, 701891356776),
(104827115543, 806799936767, 706216952951),
(104924439984, 804284862790, 704410184187),
(104938501332, 806362336362, 707690609652),
(104959565780, 807884266477, 708673064244),
(104963543583, 804866841282, 700516135339),
(104990061871, 801052748191, 708139609223),
(105002733166, 803270947561, 708801571502),
(105287814663, 807653894910, 706806587886),
(105317022653, 805390829257, 708335398586),
(105413164653, 802043257281, 709870299428),
(105453394405, 805386587723, 707065198359),
(105459183729, 801598491816, 703824575520),
(105480773708, 801598491816, 707803971801),
(105502423503, 806975205410, 700632724502),
(105555644583, 803897613093, 705618411940),
(105562597182, 801149518165, 709330700638),
(105572822093, 806847346572, 709621306426),
(105604001233, 803558823485, 700019348374),
(105604252564, 809785993398, 704485850912),
(105618578623, 803544562695, 705674761981),
(105644818902, 800913146069, 708720016068),
(105676980165, 809200590535, 704900034750),
(105771421067, 800334683849, 706157460718),
(105779677512, 800469372607, 708837794548),
(105805171677, 802165248917, 703753213959),
(105856785688, 808813876337, 701151271150),
(105891673717, 800097428348, 701409207878),
(105923213608, 808124074660, 704431398195),
(106028204177, 801350978645, 708839198901),
(106127691551, 809798612058, 702545749459),
(106134927760, 803558823485, 700289413233),
(106144124859, 808755123391, 706626199992),
(106156492047, 802587322188, 703348153168),
(106159178622, 804284862790, 708304479929),
(106198328052, 807561687463, 700008024685),
(106305742058, 801557814796, 702709585899),
(106339211340, 801053787004, 707398368200),
(106425207240, 802220374891, 703348153168),
(106474778748, 806316139690, 703365834211),
(106481206591, 807652651482, 708169848743),
(106564719540, 805933933619, 708808133757),
(106593766146, 809473606236, 705959562378),
(106612764542, 801130578814, 702741555107),
(106631688033, 800648680372, 707329002562),
(106636265078, 801922129688, 701067093165),
(106650026430, 808812810928, 702723056061),
(106661685713, 804186174799, 704485850912),
(106663925979, 804984570834, 706976746205),
(106679495531, 804934688829, 705537759530),
(106680346148, 803292268965, 700254689847),
(106684643113, 801557814796, 702545749459),
(106770347939, 806066131623, 700230954737),
(106798537399, 807847168598, 708476769781),
(106836203450, 801053787004, 700564879429),
(106854556258, 802579792536, 701420766039),
(106894501832, 800679024634, 708792712764),
(106904110982, 802697952943, 702178959092),
(106939485323, 801980790360, 703824575520),
(106998926533, 808553561590, 702723056061),
(107017896074, 808804648323, 709111971222),
(107033318353, 802156510843, 707690609652),
(107066795835, 808755123391, 704171550347),
(107071669062, 801565165219, 700787712754),
(107155957210, 809607813197, 702780268170),
(107173339159, 800679024634, 706064351088),
(107178550727, 804369995210, 709650599561),
(107212864077, 808447372672, 707237100777),
(107293810428, 801577892206, 704508569820),
(107295997863, 802924827970, 702789172104),
(107303246643, 802243455922, 704129029498),
(107333607444, 805239909317, 701067093165),
(107350930573, 800334683849, 702918555379),
(107353169427, 808372053881, 702959382508),
(107379215847, 807111771210, 705650276525),
(107416527743, 805825961127, 702959382508),
(107459768171, 800587335115, 705744730302),
(107468446020, 803660372390, 705095551398),
(107530812688, 807111771210, 705959562378),
(107558298576, 806975205410, 704678790687),
(107567355602, 804900213679, 709570166084),
(107589222524, 804934688829, 706013931048),
(107608260806, 806239180324, 706543354318),
(107620269686, 805195020280, 703540311318),
(107645362897, 808324099314, 708042990724),
(107812554013, 801280454796, 707556532331),
(107877420817, 803869760015, 709329632990),
(107883897717, 801922129688, 705959562378),
(107913529932, 802156510843, 708335398586),
(107930071890, 800097428348, 708792712764),
(107952547007, 805754439427, 701345798460),
(107999983940, 802156510843, 704485850912),
(108120341606, 808740981460, 701471514512),
(108126203518, 806417318302, 707108510904),
(108174061421, 807886353043, 702045746171),
(108205896606, 807102555269, 704561016785),
(108221865872, 808497728159, 707406592515),
(108226946653, 802608195871, 708167938577),
(108271923843, 807653894910, 702741555107),
(108289481209, 809030855905, 704051615043),
(108301158048, 800648680372, 709027096090),
(108302686943, 803869760015, 702117335805),
(108353550485, 804270615626, 708084599117),
(108371414903, 807659234845, 703246701797),
(108395356521, 808497728159, 703892191433),
(108471021719, 805288189780, 703480322725),
(108555261390, 802587322188, 701394548200),
(108571800866, 807033120513, 704132611416),
(108574716006, 805990562897, 703595879157),
(108630392917, 805145450895, 706253433758),
(108666824040, 803660372390, 701151271150),
(108713996003, 802994227075, 704171550347),
(108725308145, 807573845114, 705830142563),
(108746434771, 809725672895, 702481830410),
(108748539955, 801557814796, 709850496566),
(108751676216, 801484352828, 702303410628),
(108785040570, 809362268061, 702780268170),
(108789327402, 800355320714, 701345798460),
(108876202067, 807476999219, 708196361429),
(108878871495, 804984570834, 701471514512),
(108879933272, 807111771210, 705683901759),
(108881423722, 809730674675, 704769966808),
(108890352675, 801052748191, 703388613704),
(108898078240, 806485807623, 708839198901),
(108911309232, 802994227075, 706860259369),
(109008495921, 805239909317, 703824575520),
(109051231164, 803039948783, 709253599689),
(109052626155, 804186174799, 703305734431),
(109134086528, 805868364579, 704842358606),
(109167411063, 806066131623, 701000896341),
(109169990046, 804084759472, 704600924663),
(109220911907, 802723332191, 705653127670),
(109260953334, 801052748191, 708624161131),
(109297650097, 809798612058, 702723056061),
(109326295179, 808169155774, 701891356776),
(109372419234, 805084928326, 708508835409),
(109394477169, 804934688829, 706216952951),
(109406829460, 801683860572, 701814021795),
(109540315560, 809725672895, 709329632990),
(109548499113, 801350546420, 706410196754),
(109553576664, 809607813197, 704132611416),
(109694007627, 807097137935, 701349003383),
(109736647384, 805288189780, 705959562378),
(109742837686, 800334683849, 700720542870),
(109752397048, 803293232111, 705945333781),
(109840501282, 802220374891, 705091568543),
(109847871606, 807186775178, 703380644065),
(109869556695, 806905064495, 709158110791),
(109876828272, 806905064495, 702918555379),
(109938779470, 803292268965, 704485850912),
(109952466243, 801683860572, 703753213959),
(109953619507, 807643759783, 708960475694);

-- --------------------------------------------------------

--
-- Table structure for table `Treatments`
--

CREATE TABLE IF NOT EXISTS `Treatments` (
  `TreatmentID` bigint(20) unsigned NOT NULL,
  `TreatmentName` varchar(100) NOT NULL,
  `OTC` tinyint(1) NOT NULL,
  PRIMARY KEY (`TreatmentID`)
) ENGINE=InnoDB DEFAULT CHARSET=latin1;

--
-- Dumping data for table `Treatments`
--

INSERT INTO `Treatments` (`TreatmentID`, `TreatmentName`, `OTC`) VALUES
(300027844268, 'Fluconazole', 0),
(300034342941, 'Maraviroc (Selzentry)', 1),
(300035437483, 'Erlotinib', 0),
(300135159475, 'Nevirapine', 0),
(300161938935, 'Isotretinoin', 1),
(300172430582, 'Interleukin-2 (Aldesleukin)', 0),
(300184064819, 'Meloxicam', 0),
(300224649265, 'Methotrexate', 1),
(300237135697, 'Clindamycin', 1),
(300315718290, 'Nelarabine', 1),
(300336066101, 'Modafinil', 0),
(300370131818, 'Mesna', 0),
(300410635997, 'Cephalexin', 0),
(300411556322, 'Amphotericin B', 1),
(300444680713, 'Cyclobenzaprine', 1),
(300495008584, 'Clarithromycin', 1),
(300510359985, 'Busulfan', 0),
(300528159143, 'Interferon alfa-2a and alfa-2b', 0),
(300568602170, 'Ruxolitinib', 1),
(300594344613, 'Methotrexate', 0),
(300633146491, 'Pentamidine (inhaled by mouth)', 1),
(300700430042, 'Temozolomide', 0),
(300706129983, 'Megestrol acetate', 1),
(300822152580, 'Cyclosporine', 1),
(300837629203, 'Cefixime', 1),
(300890141304, 'Anti-Inhibitor Coagulant Complex (FEIBA)', 0),
(300905800642, 'Sucralfate', 0),
(300934622103, 'Tretinoin  applied to the skin', 1),
(300941298089, 'Magnesium', 0),
(300958712815, 'Aminocaproic Acid', 1),
(300964801350, 'Etravirine (Intelence)', 0),
(300984764254, 'Topotecan', 0),
(300987193002, 'Ritonavir', 1),
(300989151533, 'Factor VIIa (Recombinant)', 0),
(301012734585, 'Factor VIII (Human) and von Willebrand Factor', 1),
(301019837806, 'Factor VIII (Recombinant)', 0),
(301053090852, 'Posaconazole', 0),
(301089920385, 'Regorafenib', 0),
(301173808829, 'Acyclovir', 1),
(301223950382, 'Levothyroxine', 1),
(301294121945, 'Thiotepa', 1),
(301334404352, 'Famciclovir', 0),
(301337468683, 'Granisetron', 1),
(301366113327, 'Saquinavir', 0),
(301371338759, 'Sorafenib', 0),
(301519721234, 'Phenytoin', 1),
(301558561869, 'Famciclovir', 0),
(301591159829, 'Hydromorphone', 1),
(301614515667, 'Deferasirox (Exjade)', 0),
(301650064164, 'Immune globulin', 1),
(301716652888, 'Ceftazidime', 1),
(301755520112, 'Alendronate', 1),
(301763639963, 'Ifosfamide', 1),
(301784196384, 'Lorazepam', 0),
(301786676747, 'Tacrolimus', 0),
(301790872811, 'Allopurinol', 0),
(301797974409, 'Hydrocodone with acetaminophen', 0),
(301798932541, 'Amifostine', 1),
(301811519731, 'Promethazine topical gel', 1),
(301834618751, 'Omeprazole', 0),
(301858910890, 'Vincristine', 0),
(301906499156, 'Ondansetron', 1),
(301916645409, 'Emicizumab', 0),
(301997557321, 'Bleomycin', 0),
(302014744355, 'Dactinomycin', 1),
(302029492098, 'Amifostine', 0),
(302051637240, 'Bleomycin', 1),
(302069209993, 'Isotretinoin', 0),
(302166212631, 'Anti-thymocyte globulin', 0),
(302311683995, 'Bosentan', 1),
(302365223790, 'Dinutuximab', 1),
(302434995347, 'Emtricitabine (Emtriva)', 0),
(302438668033, 'Amlodipine', 1),
(302590153159, 'Erythromycin', 0),
(302617850822, 'Amitriptyline', 1),
(302658292047, 'Rilpivirine (Edurant)', 0),
(302684212834, 'Promethazine', 0),
(302692944490, 'Raltegravir (Isentress)', 1),
(302765270156, 'Captopril', 0),
(302794057881, 'Erlotinib', 1),
(302830358973, 'Vorinostat', 0),
(302837406687, 'Emtricitabine/rilpivirine/tenofovir alafenamide (Odefsey)', 1),
(302893332146, 'Ceftazidime', 0),
(302935436343, 'Mercaptopurine', 0),
(302935634749, 'Furosemide', 0),
(302988589873, 'Imipenem/cilastatin', 0),
(303002639739, 'GM-CSF (Sargramostim)', 0),
(303013447718, 'L-glutamine', 0),
(303019211966, 'Elvitegravir/cobicistat/emtricitabine/tenofovir alafenamide (Genvoya)', 1),
(303099531077, 'Meloxicam', 1),
(303213551791, 'Cyclosporine', 0),
(303277952625, 'Dronabinol', 1),
(303288242632, 'Raltegravir (Isentress)', 1),
(303311012436, 'Pemetrexed', 0),
(303316718688, 'Tobramycin', 0),
(303337088083, 'PEGaspargase', 1),
(303446224158, 'Morphine', 1),
(303483998641, 'Anti-Inhibitor Coagulant Complex (FEIBA)', 0),
(303500883675, 'Gefitinib', 0),
(303560049848, 'Heparin Lock Flush for children and young adults', 0),
(303606414354, 'Thioguanine', 0),
(303611907321, 'Ketoconazole', 0),
(303625899353, 'Nelarabine', 1),
(303627412824, 'Emtricitabine/tenofovir alafenamide (Descovy)', 1),
(303630332719, 'Emtricitabine/tenofovir alafenamide (Descovy)', 1),
(303722051091, 'Warfarin', 1),
(303745459188, 'Elvitegravir/cobicistat/emtricitabine/tenofovir alafenamide (Genvoya)', 1),
(303746081797, 'Etonogestrel (Nexplanon)', 0),
(303756603958, 'Clobazam', 1),
(303761160154, 'Hydrocodone with acetaminophen', 1),
(303773969020, 'Carmustine', 1),
(303774536483, 'Phenobarbital', 1),
(303774570700, 'Zidovudine/Lamivudine (Combivir)', 1),
(303812912222, 'Gemtuzumab ozogamicin', 0),
(303827556953, 'Carboplatin', 0),
(303849696801, 'Metronidazole', 0),
(303863151360, 'Norepinephrine', 1),
(303881173661, 'Methadone', 0),
(303884468237, 'Elvitegravir/cobicistat/emtricitabine/tenofovir (Stribild)', 0),
(303933836008, 'Oxycodone', 1),
(303981445090, 'Cefaclor', 0),
(304110042566, 'Melphalan', 0),
(304150965164, 'Efavirenz/emtricitabine/tenofovir (Atripla)', 0),
(304167756897, 'Clarithromycin', 1),
(304200213102, 'Rasburicase', 0),
(304238931270, 'Paclitaxel', 0),
(304357909430, 'Trimethoprim/sulfamethoxazole', 0),
(304358414904, 'Cyclophosphamide', 0),
(304474265839, 'Regorafenib', 0),
(304475708143, 'Foscarnet', 0),
(304538919624, 'Amoxicillin', 1),
(304616761232, 'Ampicillin', 0),
(304703427918, 'Cyclophosphamide', 1),
(304837632173, 'Heparin Lock Flush for infants', 0),
(304909773715, 'Cyproheptadine', 0),
(304929017079, 'Dexamethasone', 0),
(304994070829, 'Cladribine', 0),
(305001156287, 'Abacavir/dolutegravir/lamivudine (Triumeq)', 0),
(305023906058, 'Eltrombopag', 0),
(305050609722, 'Cefuroxime', 1),
(305066012705, 'Atovaquone', 1),
(305086633228, 'Penicillin VK', 0),
(305150695484, 'Rilpivirine/emtricitabine/tenofovir (Complera)', 1),
(305245613753, 'Doxorubicin', 1),
(305272492489, 'Isotretinoin', 0),
(305280736688, 'Azithromycin', 1),
(305312434708, 'Nelfinavir', 0),
(305359237632, 'Teniposide', 0),
(305409426487, 'Prednisone', 0),
(305411470708, 'Cytarabine', 0),
(305466217374, 'Sugammadex', 0),
(305466446545, 'Zidovudine', 0),
(305509526097, 'Hydralazine', 1),
(305531466915, 'Sacubitril/valsartan (Entresto)', 1),
(305536789517, 'Tenofovir', 1),
(305588417283, 'Diclofenac', 0),
(305644922045, 'Ampicillin', 0),
(305659471635, 'Atazanavir (Reyataz)', 0),
(305686578273, 'Lamivudine', 1),
(305804931524, 'Mycophenolate mofetil', 1),
(305829519987, 'Celecoxib', 1),
(305837798876, 'Abacavir', 1),
(305970246115, 'Sunitinib', 1),
(306061732714, 'Linezolid', 0),
(306151101627, 'Sugammadex', 0),
(306220765112, 'Amphotericin B', 0),
(306255988908, 'Rituximab', 1),
(306280344519, 'Hydroxyurea for sickle cell disease', 1),
(306297694914, 'Factor VIII (Recombinant)', 0),
(306307579992, 'Tretinoin  by mouth', 1),
(306343665002, 'Hydroxyurea for sickle cell disease', 0),
(306380071994, 'Vinblastine', 0),
(306399438448, 'Ceftazidime', 1),
(306451319593, 'Lomustine', 1),
(306556614639, 'Neuromuscular blockers', 0),
(306588311023, 'Captopril', 1),
(306641883024, 'Amoxicillin/clavulanic acid', 0),
(306664804961, 'G-CSF (Filgrastim)', 0),
(306686146633, 'Ceftazidime', 1),
(306703902909, 'Daunorubicin', 1),
(306709216888, 'Vancomycin', 0),
(306716746621, 'Azithromycin', 0),
(306721936632, 'Dornase alfa', 1),
(306728032298, 'Leucovorin with high dose methotrexate (HDMTX)', 0),
(306760273495, 'Prednisone', 0),
(306766640981, 'Phosphorus', 1),
(306791878124, 'Dobutamine', 1),
(306801588369, 'Zidovudine', 1),
(306846510748, 'Crizotinib', 1),
(306930914569, 'Phenobarbital', 1),
(306959704373, 'Asparaginase', 1),
(307012134044, 'Meropenem', 1),
(307037624489, 'Dasatinib', 0),
(307070236598, 'Methotrexate', 0),
(307096234864, 'Daunorubicin', 0),
(307124358582, 'Imipenem/cilastatin', 1),
(307124916685, 'Crizanlizumab', 1),
(307155188519, 'Ganciclovir', 0),
(307235559202, 'Voxelotor', 1),
(307271255494, 'Etoposide', 1),
(307283446237, 'Dornase alfa', 1),
(307287270230, 'Methylphenidate', 1),
(307294593018, 'Aprepitant', 1),
(307313492355, 'Granisetron', 0),
(307321545271, 'Temozolomide', 1),
(307323972349, 'Darunavir (Prezista)', 1),
(307328306707, 'Hydroxyurea', 1),
(307394865349, 'Dopamine', 1),
(307427139721, 'Emtricitabine/tenofovir (Truvada)', 0),
(307456977031, 'Probenecid', 0),
(307461779918, 'Lamivudine', 1),
(307463424143, 'Micafungin', 0),
(307464628683, 'Potassium', 0),
(307466225271, 'Calcium', 0),
(307543763924, 'Itraconazole', 0),
(307580744888, 'Meperidine', 1),
(307581568214, 'Cidofovir', 0),
(307617853123, 'Baclofen', 1),
(307664889990, 'Stavudine', 0),
(307717032134, 'Alemtuzumab', 1),
(307723667554, 'Hydrocortisone', 1),
(307736535992, 'Dobutamine', 0),
(307742723771, 'Bortezomib', 1),
(307766443916, 'Sirolimus', 1),
(307817183646, 'Famciclovir', 0),
(307827911107, 'Fluconazole', 0),
(307879782836, 'Dinutuximab', 1),
(307917920303, 'Cefuroxime', 1),
(307932534870, 'Muromonab  CD3', 1),
(307946346545, 'Fidaxomicin', 1),
(307953831006, 'Mechlorethamine', 0),
(307957075993, 'Allopurinol', 1),
(308107545266, 'Famotidine', 0),
(308140327875, 'Fludarabine', 0),
(308142457508, 'Fluorouracil', 0),
(308199669616, 'Enalapril', 0),
(308211262372, 'Efavirenz', 1),
(308218260871, 'Valproic acid', 1),
(308367926710, 'Atenolol', 1),
(308451920106, 'Interferon alfa-2a and alfa-2b', 1),
(308460751352, 'Enoxaparin', 0),
(308512699449, 'Propoxyphene', 0),
(308514448797, 'Voxelotor', 1),
(308545678813, 'Erythropoietin', 0),
(308556296368, 'Lorazepam', 1),
(308572542438, 'Irinotecan', 0),
(308619075184, 'Factor VIIa (Recombinant)', 0),
(308671880611, 'Interferon alfa-2b for melanoma', 0),
(308681010467, 'Dacarbazine', 1),
(308725345021, 'Gemcitabine', 0),
(308759541054, 'Teniposide', 1),
(308808181973, 'Rivaroxaban', 0),
(308832710972, 'Busulfan', 1),
(308838570037, 'Posaconazole', 0),
(308848810948, 'Hydrocortisone', 0),
(308863524196, 'Promethazine', 0),
(308905276707, 'Cefepime', 0),
(308940732113, 'Lopinavir/Ritonavir (Kaletra)', 0),
(308947762551, 'Carbamazepine', 1),
(309030167429, 'Pegfilgrastim', 0),
(309035169562, 'Factor IX complex', 0),
(309085063446, 'Abacavir/dolutegravir/lamivudine (Triumeq)', 1),
(309119164847, 'Codeine', 0),
(309151694354, 'Amoxicillin', 0),
(309155606313, 'Modafinil', 0),
(309265931605, 'Labetalol', 1),
(309292273556, 'Erythropoietin', 1),
(309352290131, 'Tretinoin  applied to the skin', 1),
(309405378945, 'Clofarabine', 1),
(309488321302, 'Mitotane', 1),
(309501634167, 'Abacavir/lamivudine (Epzicom)', 1),
(309623415178, 'Amikacin', 1),
(309688433032, 'Tretinoin  applied to the skin', 0),
(309701734597, 'Mitoxantrone', 1),
(309756682737, 'Voriconazole', 0),
(309757665296, 'Factor IX concentrate', 1),
(309759566026, 'Didanosine', 1),
(309765792962, 'Desmopressin (Stimate)', 0),
(309829627328, 'Ifosfamide', 1),
(309861707900, 'Dapsone', 0),
(309864625220, 'Lorlatinib', 1),
(309867385855, 'Azithromycin', 1),
(309878227828, 'Gabapentin', 0),
(309897827246, 'Celecoxib', 1),
(309898114799, 'Foscarnet', 1),
(309900325385, 'Cefepime', 1),
(309907551292, 'Procarbazine', 0),
(309916154486, 'Imatinib', 1),
(309987894787, 'Isotretinoin', 1),
(309999629944, 'Cisplatin', 1);

--
-- Constraints for dumped tables
--

--
-- Constraints for table `CanSharePatientInfoWithDoctor`
--
ALTER TABLE `CanSharePatientInfoWithDoctor`
  ADD CONSTRAINT `CanSharePatientInfoWithDoctor_ibfk_1` FOREIGN KEY (`DrID`) REFERENCES `Doctors` (`DrID`),
  ADD CONSTRAINT `CanSharePatientInfoWithDoctor_ibfk_2` FOREIGN KEY (`PatientID`) REFERENCES `Patients` (`PatientID`),
  ADD CONSTRAINT `CanSharePatientInfoWithDoctor_ibfk_3` FOREIGN KEY (`RecipientDrID`) REFERENCES `Doctors` (`DrID`);

--
-- Constraints for table `CanSharePatientInfoWithPharmacy`
--
ALTER TABLE `CanSharePatientInfoWithPharmacy`
  ADD CONSTRAINT `CanSharePatientInfoWithPharmacy_ibfk_1` FOREIGN KEY (`DrID`) REFERENCES `Doctors` (`DrID`),
  ADD CONSTRAINT `CanSharePatientInfoWithPharmacy_ibfk_2` FOREIGN KEY (`PatientID`) REFERENCES `Patients` (`PatientID`),
  ADD CONSTRAINT `CanSharePatientInfoWithPharmacy_ibfk_3` FOREIGN KEY (`PharmacyID`) REFERENCES `Pharmacies` (`PharmacyID`);

--
-- Constraints for table `DoctorWorksAt`
--
ALTER TABLE `DoctorWorksAt`
  ADD CONSTRAINT `DoctorWorksAt_ibfk_1` FOREIGN KEY (`DrID`) REFERENCES `Doctors` (`DrID`),
  ADD CONSTRAINT `DoctorWorksAt_ibfk_2` FOREIGN KEY (`HospitalID`) REFERENCES `Hospitals` (`HospitalID`);

--
-- Constraints for table `HospitalBills`
--
ALTER TABLE `HospitalBills`
  ADD CONSTRAINT `HospitalBills_ibfk_1` FOREIGN KEY (`PatientID`) REFERENCES `Patients` (`PatientID`),
  ADD CONSTRAINT `HospitalBills_ibfk_2` FOREIGN KEY (`HospitalID`) REFERENCES `Hospitals` (`HospitalID`);

--
-- Constraints for table `InsurancePlans`
--
ALTER TABLE `InsurancePlans`
  ADD CONSTRAINT `InsurancePlans_ibfk_1` FOREIGN KEY (`InsuranceCompanyID`) REFERENCES `InsuranceCompanies` (`InsuranceCompanyID`);

--
-- Constraints for table `PatientNotes`
--
ALTER TABLE `PatientNotes`
  ADD CONSTRAINT `PatientNotes_ibfk_1` FOREIGN KEY (`DrID`) REFERENCES `Doctors` (`DrID`),
  ADD CONSTRAINT `PatientNotes_ibfk_2` FOREIGN KEY (`PatientID`) REFERENCES `Patients` (`PatientID`);

--
-- Constraints for table `Perscriptions`
--
ALTER TABLE `Perscriptions`
  ADD CONSTRAINT `Perscriptions_ibfk_1` FOREIGN KEY (`DrID`) REFERENCES `Doctors` (`DrID`),
  ADD CONSTRAINT `Perscriptions_ibfk_2` FOREIGN KEY (`PatientID`) REFERENCES `Patients` (`PatientID`),
  ADD CONSTRAINT `Perscriptions_ibfk_3` FOREIGN KEY (`TreatmentID`) REFERENCES `Treatments` (`TreatmentID`);

--
-- Constraints for table `PharmacyBills`
--
ALTER TABLE `PharmacyBills`
  ADD CONSTRAINT `PharmacyBills_ibfk_1` FOREIGN KEY (`PatientID`) REFERENCES `Patients` (`PatientID`),
  ADD CONSTRAINT `PharmacyBills_ibfk_2` FOREIGN KEY (`PharmacyID`) REFERENCES `Pharmacies` (`PharmacyID`);

--
-- Constraints for table `PharmacySells`
--
ALTER TABLE `PharmacySells`
  ADD CONSTRAINT `PharmacySells_ibfk_1` FOREIGN KEY (`TreatmentID`) REFERENCES `Treatments` (`TreatmentID`),
  ADD CONSTRAINT `PharmacySells_ibfk_2` FOREIGN KEY (`PharmacyID`) REFERENCES `Pharmacies` (`PharmacyID`);

--
-- Constraints for table `PlanCovers`
--
ALTER TABLE `PlanCovers`
  ADD CONSTRAINT `PlanCovers_ibfk_1` FOREIGN KEY (`PlanID`) REFERENCES `InsurancePlans` (`PlanID`),
  ADD CONSTRAINT `PlanCovers_ibfk_2` FOREIGN KEY (`TreatmentID`) REFERENCES `Treatments` (`TreatmentID`);

--
-- Constraints for table `PlanInNetwork`
--
ALTER TABLE `PlanInNetwork`
  ADD CONSTRAINT `PlanInNetwork_ibfk_1` FOREIGN KEY (`PlanID`) REFERENCES `InsurancePlans` (`PlanID`),
  ADD CONSTRAINT `PlanInNetwork_ibfk_2` FOREIGN KEY (`NetworkID`) REFERENCES `InsuranceNetworks` (`NetworkID`);

--
-- Constraints for table `SSDD`
--
ALTER TABLE `SSDD`
  ADD CONSTRAINT `SSDD_ibfk_1` FOREIGN KEY (`PatientID`) REFERENCES `Patients` (`PatientID`),
  ADD CONSTRAINT `SSDD_ibfk_2` FOREIGN KEY (`DrID`) REFERENCES `Doctors` (`DrID`);

--
-- Constraints for table `SSDH`
--
ALTER TABLE `SSDH`
  ADD CONSTRAINT `SSDH_ibfk_1` FOREIGN KEY (`PatientID`) REFERENCES `Patients` (`PatientID`),
  ADD CONSTRAINT `SSDH_ibfk_2` FOREIGN KEY (`HospitalID`) REFERENCES `Hospitals` (`HospitalID`);

--
-- Constraints for table `SSDL`
--
ALTER TABLE `SSDL`
  ADD CONSTRAINT `SSDL_ibfk_1` FOREIGN KEY (`PatientID`) REFERENCES `Patients` (`PatientID`),
  ADD CONSTRAINT `SSDL_ibfk_2` FOREIGN KEY (`LabID`) REFERENCES `Labs` (`LabID`);

--
-- Constraints for table `SSDO`
--
ALTER TABLE `SSDO`
  ADD CONSTRAINT `SSDO_ibfk_1` FOREIGN KEY (`PatientID`) REFERENCES `Patients` (`PatientID`),
  ADD CONSTRAINT `SSDO_ibfk_2` FOREIGN KEY (`PharmacyID`) REFERENCES `Pharmacies` (`PharmacyID`),
  ADD CONSTRAINT `SSDO_ibfk_3` FOREIGN KEY (`PlanID`) REFERENCES `InsurancePlans` (`PlanID`);

/*!40101 SET CHARACTER_SET_CLIENT=@OLD_CHARACTER_SET_CLIENT */;
/*!40101 SET CHARACTER_SET_RESULTS=@OLD_CHARACTER_SET_RESULTS */;
/*!40101 SET COLLATION_CONNECTION=@OLD_COLLATION_CONNECTION */;
